match_id,season,split
1995-09-02_la_coruna_valencia,1995-96,train
1995-09-02_sp_gijon_albacete,1995-96,train
1995-09-03_ath_bilbao_santander,1995-96,train
1995-09-03_ath_madrid_sociedad,1995-96,train
1995-09-03_celta_compostela,1995-96,train
1995-09-03_espanol_salamanca,1995-96,train
1995-09-03_merida_betis,1995-96,train
1995-09-03_sevilla_tenerife,1995-96,train
1995-09-03_valladolid_barcelona,1995-96,train
1995-09-03_vallecano_real_madrid,1995-96,train
1995-09-03_zaragoza_oviedo,1995-96,train
1995-09-09_albacete_sevilla,1995-96,train
1995-09-09_barcelona_merida,1995-96,train
1995-09-09_betis_zaragoza,1995-96,train
1995-09-09_real_madrid_ath_bilbao,1995-96,train
1995-09-10_compostela_la_coruna,1995-96,train
1995-09-10_oviedo_vallecano,1995-96,train
1995-09-10_salamanca_celta,1995-96,train
1995-09-10_santander_ath_madrid,1995-96,train
1995-09-10_sociedad_sp_gijon,1995-96,train
1995-09-10_tenerife_espanol,1995-96,train
1995-09-10_valencia_valladolid,1995-96,train
1995-09-16_ath_bilbao_ath_madrid,1995-96,train
1995-09-17_celta_tenerife,1995-96,train
1995-09-17_espanol_albacete,1995-96,train
1995-09-17_la_coruna_salamanca,1995-96,train
1995-09-17_merida_valencia,1995-96,train
1995-09-17_real_madrid_oviedo,1995-96,train
1995-09-17_sevilla_sociedad,1995-96,train
1995-09-17_sp_gijon_santander,1995-96,train
1995-09-17_valladolid_compostela,1995-96,train
1995-09-17_vallecano_betis,1995-96,train
1995-09-17_zaragoza_barcelona,1995-96,train
1995-09-23_barcelona_vallecano,1995-96,train
1995-09-23_betis_real_madrid,1995-96,train
1995-09-23_santander_sevilla,1995-96,train
1995-09-24_albacete_celta,1995-96,train
1995-09-24_ath_madrid_sp_gijon,1995-96,train
1995-09-24_compostela_merida,1995-96,train
1995-09-24_oviedo_ath_bilbao,1995-96,train
1995-09-24_salamanca_valladolid,1995-96,train
1995-09-24_sociedad_espanol,1995-96,train
1995-09-24_tenerife_la_coruna,1995-96,train
1995-09-24_valencia_zaragoza,1995-96,train
1995-09-30_ath_bilbao_sp_gijon,1995-96,train
1995-09-30_real_madrid_barcelona,1995-96,train
1995-10-01_celta_sociedad,1995-96,train
1995-10-01_espanol_santander,1995-96,train
1995-10-01_la_coruna_albacete,1995-96,train
1995-10-01_merida_salamanca,1995-96,train
1995-10-01_oviedo_betis,1995-96,train
1995-10-01_sevilla_ath_madrid,1995-96,train
1995-10-01_valladolid_tenerife,1995-96,train
1995-10-01_vallecano_valencia,1995-96,train
1995-10-01_zaragoza_compostela,1995-96,train
1995-10-04_albacete_valladolid,1995-96,train
1995-10-04_barcelona_oviedo,1995-96,train
1995-10-04_betis_ath_bilbao,1995-96,train
1995-10-04_compostela_vallecano,1995-96,train
1995-10-04_salamanca_zaragoza,1995-96,train
1995-10-04_santander_celta,1995-96,train
1995-10-04_sociedad_la_coruna,1995-96,train
1995-10-04_sp_gijon_sevilla,1995-96,train
1995-10-04_tenerife_merida,1995-96,train
1995-10-04_valencia_real_madrid,1995-96,train
1995-10-05_ath_madrid_espanol,1995-96,train
1995-10-07_betis_barcelona,1995-96,train
1995-10-08_ath_bilbao_sevilla,1995-96,train
1995-10-08_celta_ath_madrid,1995-96,train
1995-10-08_espanol_sp_gijon,1995-96,train
1995-10-08_la_coruna_santander,1995-96,train
1995-10-08_merida_albacete,1995-96,train
1995-10-08_oviedo_valencia,1995-96,train
1995-10-08_real_madrid_compostela,1995-96,train
1995-10-08_valladolid_sociedad,1995-96,train
1995-10-08_vallecano_salamanca,1995-96,train
1995-10-08_zaragoza_tenerife,1995-96,train
1995-10-14_ath_madrid_la_coruna,1995-96,train
1995-10-14_barcelona_ath_bilbao,1995-96,train
1995-10-14_sevilla_espanol,1995-96,train
1995-10-14_valencia_betis,1995-96,train
1995-10-15_albacete_zaragoza,1995-96,train
1995-10-15_compostela_oviedo,1995-96,train
1995-10-15_salamanca_real_madrid,1995-96,train
1995-10-15_santander_valladolid,1995-96,train
1995-10-15_sociedad_merida,1995-96,train
1995-10-15_sp_gijon_celta,1995-96,train
1995-10-15_tenerife_vallecano,1995-96,train
1995-10-21_valladolid_ath_madrid,1995-96,train
1995-10-22_ath_bilbao_espanol,1995-96,train
1995-10-22_barcelona_valencia,1995-96,train
1995-10-22_betis_compostela,1995-96,train
1995-10-22_celta_sevilla,1995-96,train
1995-10-22_la_coruna_sp_gijon,1995-96,train
1995-10-22_merida_santander,1995-96,train
1995-10-22_oviedo_salamanca,1995-96,train
1995-10-22_real_madrid_tenerife,1995-96,train
1995-10-22_vallecano_albacete,1995-96,train
1995-10-22_zaragoza_sociedad,1995-96,train
1995-10-28_albacete_real_madrid,1995-96,train
1995-10-28_compostela_barcelona,1995-96,train
1995-10-28_sevilla_la_coruna,1995-96,train
1995-10-29_ath_madrid_merida,1995-96,train
1995-10-29_espanol_celta,1995-96,train
1995-10-29_salamanca_betis,1995-96,train
1995-10-29_santander_zaragoza,1995-96,train
1995-10-29_sociedad_vallecano,1995-96,train
1995-10-29_sp_gijon_valladolid,1995-96,train
1995-10-29_tenerife_oviedo,1995-96,train
1995-10-29_valencia_ath_bilbao,1995-96,train
1995-11-04_real_madrid_sociedad,1995-96,train
1995-11-05_ath_bilbao_celta,1995-96,train
1995-11-05_barcelona_salamanca,1995-96,train
1995-11-05_betis_tenerife,1995-96,train
1995-11-05_la_coruna_espanol,1995-96,train
1995-11-05_merida_sp_gijon,1995-96,train
1995-11-05_oviedo_albacete,1995-96,train
1995-11-05_valencia_compostela,1995-96,train
1995-11-05_valladolid_sevilla,1995-96,train
1995-11-05_vallecano_santander,1995-96,train
1995-11-05_zaragoza_ath_madrid,1995-96,train
1995-11-11_celta_la_coruna,1995-96,train
1995-11-12_albacete_betis,1995-96,train
1995-11-12_ath_madrid_vallecano,1995-96,train
1995-11-12_compostela_ath_bilbao,1995-96,train
1995-11-12_espanol_valladolid,1995-96,train
1995-11-12_salamanca_valencia,1995-96,train
1995-11-12_santander_real_madrid,1995-96,train
1995-11-12_sevilla_merida,1995-96,train
1995-11-12_sociedad_oviedo,1995-96,train
1995-11-12_sp_gijon_zaragoza,1995-96,train
1995-11-12_tenerife_barcelona,1995-96,train
1995-11-18_barcelona_albacete,1995-96,train
1995-11-18_betis_sociedad,1995-96,train
1995-11-18_real_madrid_ath_madrid,1995-96,train
1995-11-18_zaragoza_sevilla,1995-96,train
1995-11-19_ath_bilbao_la_coruna,1995-96,train
1995-11-19_compostela_salamanca,1995-96,train
1995-11-19_merida_espanol,1995-96,train
1995-11-19_oviedo_santander,1995-96,train
1995-11-19_valencia_tenerife,1995-96,train
1995-11-19_valladolid_celta,1995-96,train
1995-11-19_vallecano_sp_gijon,1995-96,train
1995-11-25_sociedad_barcelona,1995-96,train
1995-11-26_albacete_valencia,1995-96,train
1995-11-26_ath_madrid_oviedo,1995-96,train
1995-11-26_celta_merida,1995-96,train
1995-11-26_espanol_zaragoza,1995-96,train
1995-11-26_la_coruna_valladolid,1995-96,train
1995-11-26_salamanca_ath_bilbao,1995-96,train
1995-11-26_santander_betis,1995-96,train
1995-11-26_sevilla_vallecano,1995-96,train
1995-11-26_sp_gijon_real_madrid,1995-96,train
1995-11-26_tenerife_compostela,1995-96,train
1995-12-02_barcelona_santander,1995-96,train
1995-12-02_real_madrid_sevilla,1995-96,train
1995-12-02_vallecano_espanol,1995-96,train
1995-12-03_ath_bilbao_valladolid,1995-96,train
1995-12-03_betis_ath_madrid,1995-96,train
1995-12-03_compostela_albacete,1995-96,train
1995-12-03_merida_la_coruna,1995-96,train
1995-12-03_oviedo_sp_gijon,1995-96,train
1995-12-03_salamanca_tenerife,1995-96,train
1995-12-03_valencia_sociedad,1995-96,train
1995-12-03_zaragoza_celta,1995-96,train
1995-12-09_ath_madrid_barcelona,1995-96,train
1995-12-09_santander_valencia,1995-96,train
1995-12-10_albacete_salamanca,1995-96,train
1995-12-10_celta_vallecano,1995-96,train
1995-12-10_espanol_real_madrid,1995-96,train
1995-12-10_la_coruna_zaragoza,1995-96,train
1995-12-10_sevilla_oviedo,1995-96,train
1995-12-10_sociedad_compostela,1995-96,train
1995-12-10_sp_gijon_betis,1995-96,train
1995-12-10_tenerife_ath_bilbao,1995-96,train
1995-12-10_valladolid_merida,1995-96,train
1995-12-16_barcelona_sp_gijon,1995-96,train
1995-12-16_betis_sevilla,1995-96,train
1995-12-17_ath_bilbao_merida,1995-96,train
1995-12-17_compostela_santander,1995-96,train
1995-12-17_oviedo_espanol,1995-96,train
1995-12-17_real_madrid_celta,1995-96,train
1995-12-17_salamanca_sociedad,1995-96,train
1995-12-17_tenerife_albacete,1995-96,train
1995-12-17_valencia_ath_madrid,1995-96,train
1995-12-17_vallecano_la_coruna,1995-96,train
1995-12-17_zaragoza_valladolid,1995-96,train
1995-12-20_albacete_ath_bilbao,1995-96,train
1995-12-20_ath_madrid_compostela,1995-96,train
1995-12-20_celta_oviedo,1995-96,train
1995-12-20_espanol_betis,1995-96,train
1995-12-20_merida_zaragoza,1995-96,train
1995-12-20_santander_salamanca,1995-96,train
1995-12-20_sevilla_barcelona,1995-96,train
1995-12-20_sociedad_tenerife,1995-96,train
1995-12-20_sp_gijon_valencia,1995-96,train
1995-12-20_valladolid_vallecano,1995-96,train
1995-12-21_la_coruna_real_madrid,1995-96,train
1996-01-03_albacete_sociedad,1995-96,train
1996-01-03_ath_bilbao_zaragoza,1995-96,train
1996-01-03_betis_celta,1995-96,train
1996-01-03_compostela_sp_gijon,1995-96,train
1996-01-03_oviedo_la_coruna,1995-96,train
1996-01-03_real_madrid_valladolid,1995-96,train
1996-01-03_salamanca_ath_madrid,1995-96,train
1996-01-03_tenerife_santander,1995-96,train
1996-01-03_valencia_sevilla,1995-96,train
1996-01-03_vallecano_merida,1995-96,train
1996-01-04_barcelona_espanol,1995-96,train
1996-01-06_ath_bilbao_sociedad,1995-96,train
1996-01-06_ath_madrid_tenerife,1995-96,train
1996-01-07_celta_barcelona,1995-96,train
1996-01-07_espanol_valencia,1995-96,train
1996-01-07_la_coruna_betis,1995-96,train
1996-01-07_merida_real_madrid,1995-96,train
1996-01-07_santander_albacete,1995-96,train
1996-01-07_sevilla_compostela,1995-96,train
1996-01-07_sp_gijon_salamanca,1995-96,train
1996-01-07_valladolid_oviedo,1995-96,train
1996-01-07_zaragoza_vallecano,1995-96,train
1996-01-13_albacete_ath_madrid,1995-96,train
1996-01-13_betis_valladolid,1995-96,train
1996-01-14_barcelona_la_coruna,1995-96,train
1996-01-14_compostela_espanol,1995-96,train
1996-01-14_oviedo_merida,1995-96,train
1996-01-14_real_madrid_zaragoza,1995-96,train
1996-01-14_salamanca_sevilla,1995-96,train
1996-01-14_sociedad_santander,1995-96,train
1996-01-14_tenerife_sp_gijon,1995-96,train
1996-01-14_valencia_celta,1995-96,train
1996-01-14_vallecano_ath_bilbao,1995-96,train
1996-01-20_valencia_la_coruna,1995-96,train
1996-01-21_albacete_sp_gijon,1995-96,train
1996-01-21_barcelona_valladolid,1995-96,train
1996-01-21_betis_merida,1995-96,train
1996-01-21_compostela_celta,1995-96,train
1996-01-21_oviedo_zaragoza,1995-96,train
1996-01-21_real_madrid_vallecano,1995-96,train
1996-01-21_salamanca_espanol,1995-96,train
1996-01-21_santander_ath_bilbao,1995-96,train
1996-01-21_sociedad_ath_madrid,1995-96,train
1996-01-21_tenerife_sevilla,1995-96,train
1996-01-24_ath_bilbao_real_madrid,1995-96,train
1996-01-24_ath_madrid_santander,1995-96,train
1996-01-24_celta_salamanca,1995-96,train
1996-01-24_espanol_tenerife,1995-96,train
1996-01-24_la_coruna_compostela,1995-96,train
1996-01-24_sevilla_albacete,1995-96,train
1996-01-24_sp_gijon_sociedad,1995-96,train
1996-01-24_valladolid_valencia,1995-96,train
1996-01-24_vallecano_oviedo,1995-96,train
1996-01-24_zaragoza_betis,1995-96,train
1996-01-25_merida_barcelona,1995-96,train
1996-01-27_salamanca_la_coruna,1995-96,train
1996-01-28_albacete_espanol,1995-96,train
1996-01-28_ath_madrid_ath_bilbao,1995-96,train
1996-01-28_barcelona_zaragoza,1995-96,train
1996-01-28_betis_vallecano,1995-96,train
1996-01-28_compostela_valladolid,1995-96,train
1996-01-28_oviedo_real_madrid,1995-96,train
1996-01-28_santander_sp_gijon,1995-96,train
1996-01-28_sociedad_sevilla,1995-96,train
1996-01-28_tenerife_celta,1995-96,train
1996-01-28_valencia_merida,1995-96,train
1996-02-03_sp_gijon_ath_madrid,1995-96,train
1996-02-03_zaragoza_valencia,1995-96,train
1996-02-04_ath_bilbao_oviedo,1995-96,train
1996-02-04_celta_albacete,1995-96,train
1996-02-04_espanol_sociedad,1995-96,train
1996-02-04_la_coruna_tenerife,1995-96,train
1996-02-04_merida_compostela,1995-96,train
1996-02-04_real_madrid_betis,1995-96,train
1996-02-04_sevilla_santander,1995-96,train
1996-02-04_valladolid_salamanca,1995-96,train
1996-02-04_vallecano_barcelona,1995-96,train
1996-02-10_ath_madrid_sevilla,1995-96,train
1996-02-10_barcelona_real_madrid,1995-96,train
1996-02-10_valencia_vallecano,1995-96,train
1996-02-11_albacete_la_coruna,1995-96,train
1996-02-11_betis_oviedo,1995-96,train
1996-02-11_compostela_zaragoza,1995-96,train
1996-02-11_salamanca_merida,1995-96,train
1996-02-11_santander_espanol,1995-96,train
1996-02-11_sociedad_celta,1995-96,train
1996-02-11_sp_gijon_ath_bilbao,1995-96,train
1996-02-11_tenerife_valladolid,1995-96,train
1996-02-17_real_madrid_valencia,1995-96,train
1996-02-17_zaragoza_salamanca,1995-96,train
1996-02-18_ath_bilbao_betis,1995-96,train
1996-02-18_celta_santander,1995-96,train
1996-02-18_espanol_ath_madrid,1995-96,train
1996-02-18_la_coruna_sociedad,1995-96,train
1996-02-18_merida_tenerife,1995-96,train
1996-02-18_oviedo_barcelona,1995-96,train
1996-02-18_sevilla_sp_gijon,1995-96,train
1996-02-18_valladolid_albacete,1995-96,train
1996-02-18_vallecano_compostela,1995-96,train
1996-02-24_santander_la_coruna,1995-96,train
1996-02-25_albacete_merida,1995-96,train
1996-02-25_ath_madrid_celta,1995-96,train
1996-02-25_barcelona_betis,1995-96,train
1996-02-25_compostela_real_madrid,1995-96,train
1996-02-25_salamanca_vallecano,1995-96,train
1996-02-25_sevilla_ath_bilbao,1995-96,train
1996-02-25_sociedad_valladolid,1995-96,train
1996-02-25_sp_gijon_espanol,1995-96,train
1996-02-25_tenerife_zaragoza,1995-96,train
1996-02-25_valencia_oviedo,1995-96,train
1996-03-02_ath_bilbao_barcelona,1995-96,train
1996-03-02_espanol_sevilla,1995-96,train
1996-03-02_merida_sociedad,1995-96,train
1996-03-02_real_madrid_salamanca,1995-96,train
1996-03-02_valladolid_santander,1995-96,train
1996-03-03_betis_valencia,1995-96,train
1996-03-03_celta_sp_gijon,1995-96,train
1996-03-03_la_coruna_ath_madrid,1995-96,train
1996-03-03_oviedo_compostela,1995-96,train
1996-03-03_vallecano_tenerife,1995-96,train
1996-03-03_zaragoza_albacete,1995-96,train
1996-03-09_valencia_barcelona,1995-96,train
1996-03-10_albacete_vallecano,1995-96,train
1996-03-10_ath_madrid_valladolid,1995-96,train
1996-03-10_compostela_betis,1995-96,train
1996-03-10_espanol_ath_bilbao,1995-96,train
1996-03-10_salamanca_oviedo,1995-96,train
1996-03-10_santander_merida,1995-96,train
1996-03-10_sevilla_celta,1995-96,train
1996-03-10_sociedad_zaragoza,1995-96,train
1996-03-10_sp_gijon_la_coruna,1995-96,train
1996-03-10_tenerife_real_madrid,1995-96,train
1996-03-16_barcelona_compostela,1995-96,train
1996-03-16_real_madrid_albacete,1995-96,train
1996-03-16_zaragoza_santander,1995-96,train
1996-03-17_ath_bilbao_valencia,1995-96,train
1996-03-17_betis_salamanca,1995-96,train
1996-03-17_celta_espanol,1995-96,train
1996-03-17_la_coruna_sevilla,1995-96,train
1996-03-17_merida_ath_madrid,1995-96,train
1996-03-17_oviedo_tenerife,1995-96,train
1996-03-17_valladolid_sp_gijon,1995-96,train
1996-03-17_vallecano_sociedad,1995-96,train
1996-03-23_sp_gijon_merida,1995-96,train
1996-03-23_tenerife_betis,1995-96,train
1996-03-24_albacete_oviedo,1995-96,train
1996-03-24_ath_madrid_zaragoza,1995-96,train
1996-03-24_celta_ath_bilbao,1995-96,train
1996-03-24_compostela_valencia,1995-96,train
1996-03-24_espanol_la_coruna,1995-96,train
1996-03-24_salamanca_barcelona,1995-96,train
1996-03-24_santander_vallecano,1995-96,train
1996-03-24_sevilla_valladolid,1995-96,train
1996-03-24_sociedad_real_madrid,1995-96,train
1996-03-27_ath_bilbao_compostela,1995-96,train
1996-03-27_barcelona_tenerife,1995-96,train
1996-03-27_betis_albacete,1995-96,train
1996-03-27_la_coruna_celta,1995-96,train
1996-03-27_merida_sevilla,1995-96,train
1996-03-27_real_madrid_santander,1995-96,train
1996-03-27_valencia_salamanca,1995-96,train
1996-03-27_valladolid_espanol,1995-96,train
1996-03-27_vallecano_ath_madrid,1995-96,train
1996-03-27_zaragoza_sp_gijon,1995-96,train
1996-03-28_oviedo_sociedad,1995-96,train
1996-03-31_albacete_barcelona,1995-96,train
1996-03-31_ath_madrid_real_madrid,1995-96,train
1996-03-31_celta_valladolid,1995-96,train
1996-03-31_espanol_merida,1995-96,train
1996-03-31_la_coruna_ath_bilbao,1995-96,train
1996-03-31_salamanca_compostela,1995-96,train
1996-03-31_santander_oviedo,1995-96,train
1996-03-31_sevilla_zaragoza,1995-96,train
1996-03-31_sociedad_betis,1995-96,train
1996-03-31_sp_gijon_vallecano,1995-96,train
1996-03-31_tenerife_valencia,1995-96,train
1996-04-06_barcelona_sociedad,1995-96,train
1996-04-06_oviedo_ath_madrid,1995-96,train
1996-04-06_zaragoza_espanol,1995-96,train
1996-04-07_ath_bilbao_salamanca,1995-96,train
1996-04-07_betis_santander,1995-96,train
1996-04-07_compostela_tenerife,1995-96,train
1996-04-07_merida_celta,1995-96,train
1996-04-07_real_madrid_sp_gijon,1995-96,train
1996-04-07_valencia_albacete,1995-96,train
1996-04-07_valladolid_la_coruna,1995-96,train
1996-04-07_vallecano_sevilla,1995-96,train
1996-04-13_santander_barcelona,1995-96,train
1996-04-13_sevilla_real_madrid,1995-96,train
1996-04-14_albacete_compostela,1995-96,train
1996-04-14_ath_madrid_betis,1995-96,train
1996-04-14_celta_zaragoza,1995-96,train
1996-04-14_espanol_vallecano,1995-96,train
1996-04-14_la_coruna_merida,1995-96,train
1996-04-14_sociedad_valencia,1995-96,train
1996-04-14_sp_gijon_oviedo,1995-96,train
1996-04-14_tenerife_salamanca,1995-96,train
1996-04-14_valladolid_ath_bilbao,1995-96,train
1996-04-20_barcelona_ath_madrid,1995-96,train
1996-04-20_valencia_santander,1995-96,train
1996-04-21_ath_bilbao_tenerife,1995-96,train
1996-04-21_betis_sp_gijon,1995-96,train
1996-04-21_compostela_sociedad,1995-96,train
1996-04-21_merida_valladolid,1995-96,train
1996-04-21_oviedo_sevilla,1995-96,train
1996-04-21_real_madrid_espanol,1995-96,train
1996-04-21_salamanca_albacete,1995-96,train
1996-04-21_vallecano_celta,1995-96,train
1996-04-21_zaragoza_la_coruna,1995-96,train
1996-04-27_ath_madrid_valencia,1995-96,train
1996-04-28_albacete_tenerife,1995-96,train
1996-04-28_celta_real_madrid,1995-96,train
1996-04-28_la_coruna_vallecano,1995-96,train
1996-04-28_merida_ath_bilbao,1995-96,train
1996-04-28_santander_compostela,1995-96,train
1996-04-28_sevilla_betis,1995-96,train
1996-04-28_sociedad_salamanca,1995-96,train
1996-04-28_sp_gijon_barcelona,1995-96,train
1996-04-28_valladolid_zaragoza,1995-96,train
1996-05-04_compostela_ath_madrid,1995-96,train
1996-05-04_valencia_sp_gijon,1995-96,train
1996-05-05_ath_bilbao_albacete,1995-96,train
1996-05-05_barcelona_sevilla,1995-96,train
1996-05-05_betis_espanol,1995-96,train
1996-05-05_oviedo_celta,1995-96,train
1996-05-05_real_madrid_la_coruna,1995-96,train
1996-05-05_salamanca_santander,1995-96,train
1996-05-05_tenerife_sociedad,1995-96,train
1996-05-05_vallecano_valladolid,1995-96,train
1996-05-05_zaragoza_merida,1995-96,train
1996-05-08_espanol_oviedo,1995-96,train
1996-05-12_ath_madrid_salamanca,1995-96,train
1996-05-12_celta_betis,1995-96,train
1996-05-12_la_coruna_oviedo,1995-96,train
1996-05-12_merida_vallecano,1995-96,train
1996-05-12_santander_tenerife,1995-96,train
1996-05-12_sevilla_valencia,1995-96,train
1996-05-12_sociedad_albacete,1995-96,train
1996-05-12_sp_gijon_compostela,1995-96,train
1996-05-12_valladolid_real_madrid,1995-96,train
1996-05-12_zaragoza_ath_bilbao,1995-96,train
1996-05-15_espanol_barcelona,1995-96,train
1996-05-18_tenerife_ath_madrid,1995-96,train
1996-05-19_albacete_santander,1995-96,train
1996-05-19_barcelona_celta,1995-96,train
1996-05-19_betis_la_coruna,1995-96,train
1996-05-19_compostela_sevilla,1995-96,train
1996-05-19_oviedo_valladolid,1995-96,train
1996-05-19_real_madrid_merida,1995-96,train
1996-05-19_salamanca_sp_gijon,1995-96,train
1996-05-19_sociedad_ath_bilbao,1995-96,train
1996-05-19_valencia_espanol,1995-96,train
1996-05-19_vallecano_zaragoza,1995-96,train
1996-05-25_ath_bilbao_vallecano,1995-96,train
1996-05-25_ath_madrid_albacete,1995-96,train
1996-05-25_celta_valencia,1995-96,train
1996-05-25_espanol_compostela,1995-96,train
1996-05-25_santander_sociedad,1995-96,train
1996-05-25_sevilla_salamanca,1995-96,train
1996-05-25_sp_gijon_tenerife,1995-96,train
1996-05-25_valladolid_betis,1995-96,train
1996-05-25_zaragoza_real_madrid,1995-96,train
1996-05-26_la_coruna_barcelona,1995-96,train
1996-05-26_merida_oviedo,1995-96,train
1996-08-31_la_coruna_real_madrid,1996-97,train
1996-09-01_ath_madrid_celta,1996-97,train
1996-09-01_betis_ath_bilbao,1996-97,train
1996-09-01_hercules_extremadura,1996-97,train
1996-09-01_oviedo_barcelona,1996-97,train
1996-09-01_santander_valencia,1996-97,train
1996-09-01_sociedad_sevilla,1996-97,train
1996-09-01_tenerife_compostela,1996-97,train
1996-09-01_vallecano_valladolid,1996-97,train
1996-09-01_zaragoza_logrones,1996-97,train
1996-09-02_espanol_sp_gijon,1996-97,train
1996-09-07_barcelona_espanol,1996-97,train
1996-09-07_compostela_ath_madrid,1996-97,train
1996-09-07_logrones_tenerife,1996-97,train
1996-09-07_valencia_sociedad,1996-97,train
1996-09-08_ath_bilbao_vallecano,1996-97,train
1996-09-08_celta_la_coruna,1996-97,train
1996-09-08_real_madrid_hercules,1996-97,train
1996-09-08_sevilla_zaragoza,1996-97,train
1996-09-08_sp_gijon_santander,1996-97,train
1996-09-08_valladolid_oviedo,1996-97,train
1996-09-09_extremadura_betis,1996-97,train
1996-09-14_zaragoza_valencia,1996-97,train
1996-09-15_ath_madrid_la_coruna,1996-97,train
1996-09-15_compostela_logrones,1996-97,train
1996-09-15_espanol_valladolid,1996-97,train
1996-09-15_hercules_celta,1996-97,train
1996-09-15_oviedo_ath_bilbao,1996-97,train
1996-09-15_santander_barcelona,1996-97,train
1996-09-15_sociedad_sp_gijon,1996-97,train
1996-09-15_tenerife_sevilla,1996-97,train
1996-09-15_vallecano_extremadura,1996-97,train
1996-09-16_betis_real_madrid,1996-97,train
1996-09-21_ath_bilbao_espanol,1996-97,train
1996-09-21_logrones_ath_madrid,1996-97,train
1996-09-21_valencia_tenerife,1996-97,train
1996-09-21_valladolid_santander,1996-97,train
1996-09-22_barcelona_sociedad,1996-97,train
1996-09-22_celta_betis,1996-97,train
1996-09-22_extremadura_oviedo,1996-97,train
1996-09-22_la_coruna_hercules,1996-97,train
1996-09-22_real_madrid_vallecano,1996-97,train
1996-09-22_sp_gijon_zaragoza,1996-97,train
1996-09-23_sevilla_compostela,1996-97,train
1996-09-28_betis_la_coruna,1996-97,train
1996-09-28_espanol_extremadura,1996-97,train
1996-09-28_santander_ath_bilbao,1996-97,train
1996-09-28_sociedad_valladolid,1996-97,train
1996-09-29_compostela_valencia,1996-97,train
1996-09-29_logrones_sevilla,1996-97,train
1996-09-29_oviedo_real_madrid,1996-97,train
1996-09-29_tenerife_sp_gijon,1996-97,train
1996-09-29_vallecano_celta,1996-97,train
1996-09-29_zaragoza_barcelona,1996-97,train
1996-09-30_ath_madrid_hercules,1996-97,train
1996-10-01_real_madrid_espanol,1996-97,train
1996-10-02_ath_bilbao_sociedad,1996-97,train
1996-10-02_barcelona_tenerife,1996-97,train
1996-10-02_celta_oviedo,1996-97,train
1996-10-02_extremadura_santander,1996-97,train
1996-10-02_hercules_betis,1996-97,train
1996-10-02_la_coruna_vallecano,1996-97,train
1996-10-02_sp_gijon_compostela,1996-97,train
1996-10-02_valencia_logrones,1996-97,train
1996-10-02_valladolid_zaragoza,1996-97,train
1996-10-03_sevilla_ath_madrid,1996-97,train
1996-10-12_ath_madrid_betis,1996-97,train
1996-10-12_compostela_barcelona,1996-97,train
1996-10-12_espanol_celta,1996-97,train
1996-10-12_sevilla_valencia,1996-97,train
1996-10-12_tenerife_valladolid,1996-97,train
1996-10-12_zaragoza_ath_bilbao,1996-97,train
1996-10-13_logrones_sp_gijon,1996-97,train
1996-10-13_oviedo_la_coruna,1996-97,train
1996-10-13_santander_real_madrid,1996-97,train
1996-10-13_sociedad_extremadura,1996-97,train
1996-10-13_vallecano_hercules,1996-97,train
1996-10-19_ath_bilbao_tenerife,1996-97,train
1996-10-19_extremadura_zaragoza,1996-97,train
1996-10-19_hercules_oviedo,1996-97,train
1996-10-19_la_coruna_espanol,1996-97,train
1996-10-19_real_madrid_sociedad,1996-97,train
1996-10-19_valladolid_compostela,1996-97,train
1996-10-20_barcelona_logrones,1996-97,train
1996-10-20_betis_vallecano,1996-97,train
1996-10-20_celta_santander,1996-97,train
1996-10-20_valencia_ath_madrid,1996-97,train
1996-10-21_sp_gijon_sevilla,1996-97,train
1996-10-22_zaragoza_real_madrid,1996-97,train
1996-10-23_ath_madrid_vallecano,1996-97,train
1996-10-23_compostela_ath_bilbao,1996-97,train
1996-10-23_espanol_hercules,1996-97,train
1996-10-23_logrones_valladolid,1996-97,train
1996-10-23_oviedo_betis,1996-97,train
1996-10-23_santander_la_coruna,1996-97,train
1996-10-23_sevilla_barcelona,1996-97,train
1996-10-23_sociedad_celta,1996-97,train
1996-10-23_tenerife_extremadura,1996-97,train
1996-10-23_valencia_sp_gijon,1996-97,train
1996-10-26_barcelona_valencia,1996-97,train
1996-10-26_betis_espanol,1996-97,train
1996-10-26_real_madrid_tenerife,1996-97,train
1996-10-26_sp_gijon_ath_madrid,1996-97,train
1996-10-27_ath_bilbao_logrones,1996-97,train
1996-10-27_celta_zaragoza,1996-97,train
1996-10-27_extremadura_compostela,1996-97,train
1996-10-27_hercules_santander,1996-97,train
1996-10-27_la_coruna_sociedad,1996-97,train
1996-10-27_vallecano_oviedo,1996-97,train
1996-10-28_valladolid_sevilla,1996-97,train
1996-11-02_santander_betis,1996-97,train
1996-11-03_ath_madrid_oviedo,1996-97,train
1996-11-03_compostela_real_madrid,1996-97,train
1996-11-03_espanol_vallecano,1996-97,train
1996-11-03_logrones_extremadura,1996-97,train
1996-11-03_sevilla_ath_bilbao,1996-97,train
1996-11-03_sociedad_hercules,1996-97,train
1996-11-03_tenerife_celta,1996-97,train
1996-11-03_valencia_valladolid,1996-97,train
1996-11-03_zaragoza_la_coruna,1996-97,train
1996-11-04_sp_gijon_barcelona,1996-97,train
1996-11-09_barcelona_ath_madrid,1996-97,train
1996-11-10_ath_bilbao_valencia,1996-97,train
1996-11-10_betis_sociedad,1996-97,train
1996-11-10_celta_compostela,1996-97,train
1996-11-10_extremadura_sevilla,1996-97,train
1996-11-10_hercules_zaragoza,1996-97,train
1996-11-10_la_coruna_tenerife,1996-97,train
1996-11-10_oviedo_espanol,1996-97,train
1996-11-10_real_madrid_logrones,1996-97,train
1996-11-10_vallecano_santander,1996-97,train
1996-11-11_valladolid_sp_gijon,1996-97,train
1996-11-16_ath_madrid_espanol,1996-97,train
1996-11-16_compostela_la_coruna,1996-97,train
1996-11-16_tenerife_hercules,1996-97,train
1996-11-16_valencia_extremadura,1996-97,train
1996-11-17_logrones_celta,1996-97,train
1996-11-17_santander_oviedo,1996-97,train
1996-11-17_sevilla_real_madrid,1996-97,train
1996-11-17_sociedad_vallecano,1996-97,train
1996-11-17_sp_gijon_ath_bilbao,1996-97,train
1996-11-17_zaragoza_betis,1996-97,train
1996-11-18_barcelona_valladolid,1996-97,train
1996-11-23_ath_bilbao_barcelona,1996-97,train
1996-11-23_extremadura_sp_gijon,1996-97,train
1996-11-24_betis_tenerife,1996-97,train
1996-11-24_celta_sevilla,1996-97,train
1996-11-24_espanol_santander,1996-97,train
1996-11-24_hercules_compostela,1996-97,train
1996-11-24_la_coruna_logrones,1996-97,train
1996-11-24_oviedo_sociedad,1996-97,train
1996-11-24_real_madrid_valencia,1996-97,train
1996-11-24_vallecano_zaragoza,1996-97,train
1996-11-25_valladolid_ath_madrid,1996-97,train
1996-11-30_ath_madrid_santander,1996-97,train
1996-11-30_sp_gijon_real_madrid,1996-97,train
1996-11-30_tenerife_vallecano,1996-97,train
1996-11-30_valencia_celta,1996-97,train
1996-12-01_compostela_betis,1996-97,train
1996-12-01_logrones_hercules,1996-97,train
1996-12-01_sevilla_la_coruna,1996-97,train
1996-12-01_sociedad_espanol,1996-97,train
1996-12-01_valladolid_ath_bilbao,1996-97,train
1996-12-01_zaragoza_oviedo,1996-97,train
1996-12-02_barcelona_extremadura,1996-97,train
1996-12-07_real_madrid_barcelona,1996-97,train
1996-12-08_ath_bilbao_ath_madrid,1996-97,train
1996-12-08_betis_logrones,1996-97,train
1996-12-08_celta_sp_gijon,1996-97,train
1996-12-08_espanol_zaragoza,1996-97,train
1996-12-08_extremadura_valladolid,1996-97,train
1996-12-08_la_coruna_valencia,1996-97,train
1996-12-08_oviedo_tenerife,1996-97,train
1996-12-08_santander_sociedad,1996-97,train
1996-12-08_vallecano_compostela,1996-97,train
1996-12-09_hercules_sevilla,1996-97,train
1996-12-21_valladolid_real_madrid,1996-97,train
1996-12-22_ath_bilbao_extremadura,1996-97,train
1996-12-22_ath_madrid_sociedad,1996-97,train
1996-12-22_barcelona_celta,1996-97,train
1996-12-22_compostela_oviedo,1996-97,train
1996-12-22_logrones_vallecano,1996-97,train
1996-12-22_sevilla_betis,1996-97,train
1996-12-22_sp_gijon_la_coruna,1996-97,train
1996-12-22_tenerife_espanol,1996-97,train
1996-12-22_zaragoza_santander,1996-97,train
1996-12-23_valencia_hercules,1996-97,train
1997-01-04_celta_valladolid,1996-97,train
1997-01-04_la_coruna_barcelona,1996-97,train
1997-01-05_espanol_compostela,1996-97,train
1997-01-05_extremadura_ath_madrid,1996-97,train
1997-01-05_hercules_sp_gijon,1996-97,train
1997-01-05_oviedo_logrones,1996-97,train
1997-01-05_real_madrid_ath_bilbao,1996-97,train
1997-01-05_santander_tenerife,1996-97,train
1997-01-05_sociedad_zaragoza,1996-97,train
1997-01-06_betis_valencia,1996-97,train
1997-01-11_tenerife_sociedad,1996-97,train
1997-01-12_ath_bilbao_celta,1996-97,train
1997-01-12_ath_madrid_zaragoza,1996-97,train
1997-01-12_compostela_santander,1996-97,train
1997-01-12_extremadura_real_madrid,1996-97,train
1997-01-12_logrones_espanol,1996-97,train
1997-01-12_sevilla_oviedo,1996-97,train
1997-01-12_valencia_vallecano,1996-97,train
1997-01-12_valladolid_la_coruna,1996-97,train
1997-01-13_barcelona_hercules,1996-97,train
1997-01-18_ath_madrid_real_madrid,1996-97,train
1997-01-19_betis_barcelona,1996-97,train
1997-01-19_celta_extremadura,1996-97,train
1997-01-19_hercules_valladolid,1996-97,train
1997-01-19_la_coruna_ath_bilbao,1996-97,train
1997-01-19_oviedo_valencia,1996-97,train
1997-01-19_santander_logrones,1996-97,train
1997-01-19_sociedad_compostela,1996-97,train
1997-01-19_vallecano_sp_gijon,1996-97,train
1997-01-19_zaragoza_tenerife,1996-97,train
1997-01-20_espanol_sevilla,1996-97,train
1997-01-25_extremadura_la_coruna,1996-97,train
1997-01-25_valencia_espanol,1996-97,train
1997-01-26_ath_bilbao_hercules,1996-97,train
1997-01-26_barcelona_vallecano,1996-97,train
1997-01-26_compostela_zaragoza,1996-97,train
1997-01-26_logrones_sociedad,1996-97,train
1997-01-26_real_madrid_celta,1996-97,train
1997-01-26_sevilla_santander,1996-97,train
1997-01-26_sp_gijon_oviedo,1996-97,train
1997-01-27_valladolid_betis,1996-97,train
1997-02-01_celta_ath_madrid,1996-97,train
1997-02-02_ath_bilbao_betis,1996-97,train
1997-02-02_barcelona_oviedo,1996-97,train
1997-02-02_compostela_tenerife,1996-97,train
1997-02-02_logrones_zaragoza,1996-97,train
1997-02-02_real_madrid_la_coruna,1996-97,train
1997-02-02_sevilla_sociedad,1996-97,train
1997-02-02_sp_gijon_espanol,1996-97,train
1997-02-02_valencia_santander,1996-97,train
1997-02-02_valladolid_vallecano,1996-97,train
1997-02-03_extremadura_hercules,1996-97,train
1997-02-08_sociedad_valencia,1996-97,train
1997-02-09_ath_madrid_compostela,1996-97,train
1997-02-09_betis_extremadura,1996-97,train
1997-02-09_espanol_barcelona,1996-97,train
1997-02-09_hercules_real_madrid,1996-97,train
1997-02-09_la_coruna_celta,1996-97,train
1997-02-09_oviedo_valladolid,1996-97,train
1997-02-09_santander_sp_gijon,1996-97,train
1997-02-09_tenerife_logrones,1996-97,train
1997-02-09_vallecano_ath_bilbao,1996-97,train
1997-02-09_zaragoza_sevilla,1996-97,train
1997-02-15_real_madrid_betis,1996-97,train
1997-02-15_sevilla_tenerife,1996-97,train
1997-02-15_valencia_zaragoza,1996-97,train
1997-02-16_ath_bilbao_oviedo,1996-97,train
1997-02-16_barcelona_santander,1996-97,train
1997-02-16_celta_hercules,1996-97,train
1997-02-16_extremadura_vallecano,1996-97,train
1997-02-16_la_coruna_ath_madrid,1996-97,train
1997-02-16_logrones_compostela,1996-97,train
1997-02-16_sp_gijon_sociedad,1996-97,train
1997-02-16_valladolid_espanol,1996-97,train
1997-02-18_compostela_sevilla,1996-97,train
1997-02-19_ath_madrid_logrones,1996-97,train
1997-02-19_betis_celta,1996-97,train
1997-02-19_espanol_ath_bilbao,1996-97,train
1997-02-19_hercules_la_coruna,1996-97,train
1997-02-19_oviedo_extremadura,1996-97,train
1997-02-19_santander_valladolid,1996-97,train
1997-02-19_tenerife_valencia,1996-97,train
1997-02-19_vallecano_real_madrid,1996-97,train
1997-02-19_zaragoza_sp_gijon,1996-97,train
1997-02-20_sociedad_barcelona,1996-97,train
1997-02-22_hercules_ath_madrid,1996-97,train
1997-02-23_ath_bilbao_santander,1996-97,train
1997-02-23_barcelona_zaragoza,1996-97,train
1997-02-23_celta_vallecano,1996-97,train
1997-02-23_extremadura_espanol,1996-97,train
1997-02-23_la_coruna_betis,1996-97,train
1997-02-23_real_madrid_oviedo,1996-97,train
1997-02-23_sevilla_logrones,1996-97,train
1997-02-23_sp_gijon_tenerife,1996-97,train
1997-02-23_valladolid_sociedad,1996-97,train
1997-02-24_valencia_compostela,1996-97,train
1997-03-01_ath_madrid_sevilla,1996-97,train
1997-03-01_logrones_valencia,1996-97,train
1997-03-01_tenerife_barcelona,1996-97,train
1997-03-01_vallecano_la_coruna,1996-97,train
1997-03-02_betis_hercules,1996-97,train
1997-03-02_compostela_sp_gijon,1996-97,train
1997-03-02_oviedo_celta,1996-97,train
1997-03-02_santander_extremadura,1996-97,train
1997-03-02_sociedad_ath_bilbao,1996-97,train
1997-03-02_zaragoza_valladolid,1996-97,train
1997-03-03_espanol_real_madrid,1996-97,train
1997-03-05_vallecano_sevilla,1996-97,train
1997-03-06_sp_gijon_betis,1996-97,train
1997-03-08_valencia_sevilla,1996-97,train
1997-03-09_ath_bilbao_zaragoza,1996-97,train
1997-03-09_barcelona_compostela,1996-97,train
1997-03-09_betis_ath_madrid,1996-97,train
1997-03-09_celta_espanol,1996-97,train
1997-03-09_extremadura_sociedad,1996-97,train
1997-03-09_hercules_vallecano,1996-97,train
1997-03-09_la_coruna_oviedo,1996-97,train
1997-03-09_sp_gijon_logrones,1996-97,train
1997-03-09_valladolid_tenerife,1996-97,train
1997-03-10_real_madrid_santander,1996-97,train
1997-03-14_tenerife_ath_bilbao,1996-97,train
1997-03-15_ath_madrid_valencia,1996-97,train
1997-03-15_espanol_la_coruna,1996-97,train
1997-03-16_compostela_valladolid,1996-97,train
1997-03-16_logrones_barcelona,1996-97,train
1997-03-16_oviedo_hercules,1996-97,train
1997-03-16_santander_celta,1996-97,train
1997-03-16_sevilla_sp_gijon,1996-97,train
1997-03-16_vallecano_betis,1996-97,train
1997-03-16_zaragoza_extremadura,1996-97,train
1997-03-17_sociedad_real_madrid,1996-97,train
1997-03-22_betis_oviedo,1996-97,train
1997-03-22_celta_sociedad,1996-97,train
1997-03-23_ath_bilbao_compostela,1996-97,train
1997-03-23_barcelona_sevilla,1996-97,train
1997-03-23_extremadura_tenerife,1996-97,train
1997-03-23_hercules_espanol,1996-97,train
1997-03-23_la_coruna_santander,1996-97,train
1997-03-23_real_madrid_zaragoza,1996-97,train
1997-03-23_valladolid_logrones,1996-97,train
1997-03-23_vallecano_ath_madrid,1996-97,train
1997-03-24_sp_gijon_valencia,1996-97,train
1997-03-29_sociedad_la_coruna,1996-97,train
1997-03-30_compostela_extremadura,1996-97,train
1997-03-30_espanol_betis,1996-97,train
1997-03-30_logrones_ath_bilbao,1996-97,train
1997-03-30_oviedo_vallecano,1996-97,train
1997-03-30_santander_hercules,1996-97,train
1997-03-30_sevilla_valladolid,1996-97,train
1997-03-30_tenerife_real_madrid,1996-97,train
1997-03-30_valencia_barcelona,1996-97,train
1997-03-30_zaragoza_celta,1996-97,train
1997-03-31_ath_madrid_sp_gijon,1996-97,train
1997-04-05_celta_tenerife,1996-97,train
1997-04-05_oviedo_ath_madrid,1996-97,train
1997-04-06_ath_bilbao_sevilla,1996-97,train
1997-04-06_barcelona_sp_gijon,1996-97,train
1997-04-06_betis_santander,1996-97,train
1997-04-06_extremadura_logrones,1996-97,train
1997-04-06_hercules_sociedad,1996-97,train
1997-04-06_la_coruna_zaragoza,1996-97,train
1997-04-06_valladolid_valencia,1996-97,train
1997-04-06_vallecano_espanol,1996-97,train
1997-04-07_real_madrid_compostela,1996-97,train
1997-04-12_sevilla_extremadura,1996-97,train
1997-04-12_tenerife_la_coruna,1996-97,train
1997-04-12_valencia_ath_bilbao,1996-97,train
1997-04-13_ath_madrid_barcelona,1996-97,train
1997-04-13_compostela_celta,1996-97,train
1997-04-13_logrones_real_madrid,1996-97,train
1997-04-13_santander_vallecano,1996-97,train
1997-04-13_sociedad_betis,1996-97,train
1997-04-13_sp_gijon_valladolid,1996-97,train
1997-04-13_zaragoza_hercules,1996-97,train
1997-04-14_espanol_oviedo,1996-97,train
1997-04-15_extremadura_valencia,1996-97,train
1997-04-16_ath_bilbao_sp_gijon,1996-97,train
1997-04-16_betis_zaragoza,1996-97,train
1997-04-16_celta_logrones,1996-97,train
1997-04-16_hercules_tenerife,1996-97,train
1997-04-16_la_coruna_compostela,1996-97,train
1997-04-16_real_madrid_sevilla,1996-97,train
1997-04-16_valladolid_barcelona,1996-97,train
1997-04-16_vallecano_sociedad,1996-97,train
1997-04-17_espanol_ath_madrid,1996-97,train
1997-04-17_oviedo_santander,1996-97,train
1997-04-19_tenerife_betis,1996-97,train
1997-04-20_ath_madrid_valladolid,1996-97,train
1997-04-20_barcelona_ath_bilbao,1996-97,train
1997-04-20_compostela_hercules,1996-97,train
1997-04-20_logrones_la_coruna,1996-97,train
1997-04-20_santander_espanol,1996-97,train
1997-04-20_sevilla_celta,1996-97,train
1997-04-20_sociedad_oviedo,1996-97,train
1997-04-20_sp_gijon_extremadura,1996-97,train
1997-04-20_zaragoza_vallecano,1996-97,train
1997-04-21_valencia_real_madrid,1996-97,train
1997-05-03_la_coruna_sevilla,1996-97,train
1997-05-04_ath_bilbao_valladolid,1996-97,train
1997-05-04_betis_compostela,1996-97,train
1997-05-04_celta_valencia,1996-97,train
1997-05-04_espanol_sociedad,1996-97,train
1997-05-04_hercules_logrones,1996-97,train
1997-05-04_oviedo_zaragoza,1996-97,train
1997-05-04_real_madrid_sp_gijon,1996-97,train
1997-05-04_santander_ath_madrid,1996-97,train
1997-05-04_vallecano_tenerife,1996-97,train
1997-05-05_extremadura_barcelona,1996-97,train
1997-05-10_barcelona_real_madrid,1996-97,train
1997-05-10_valladolid_extremadura,1996-97,train
1997-05-11_ath_madrid_ath_bilbao,1996-97,train
1997-05-11_compostela_vallecano,1996-97,train
1997-05-11_logrones_betis,1996-97,train
1997-05-11_sevilla_hercules,1996-97,train
1997-05-11_sociedad_santander,1996-97,train
1997-05-11_sp_gijon_celta,1996-97,train
1997-05-11_tenerife_oviedo,1996-97,train
1997-05-11_zaragoza_espanol,1996-97,train
1997-05-12_valencia_la_coruna,1996-97,train
1997-05-15_tenerife_ath_madrid,1996-97,train
1997-05-17_betis_sevilla,1996-97,train
1997-05-18_espanol_tenerife,1996-97,train
1997-05-18_extremadura_ath_bilbao,1996-97,train
1997-05-18_hercules_valencia,1996-97,train
1997-05-18_la_coruna_sp_gijon,1996-97,train
1997-05-18_oviedo_compostela,1996-97,train
1997-05-18_real_madrid_valladolid,1996-97,train
1997-05-18_santander_zaragoza,1996-97,train
1997-05-18_sociedad_ath_madrid,1996-97,train
1997-05-18_vallecano_logrones,1996-97,train
1997-05-19_celta_barcelona,1996-97,train
1997-05-24_barcelona_la_coruna,1996-97,train
1997-05-25_ath_bilbao_real_madrid,1996-97,train
1997-05-25_ath_madrid_extremadura,1996-97,train
1997-05-25_compostela_espanol,1996-97,train
1997-05-25_logrones_oviedo,1996-97,train
1997-05-25_sevilla_vallecano,1996-97,train
1997-05-25_sp_gijon_hercules,1996-97,train
1997-05-25_tenerife_santander,1996-97,train
1997-05-25_valladolid_celta,1996-97,train
1997-05-25_zaragoza_sociedad,1996-97,train
1997-05-26_valencia_betis,1996-97,train
1997-05-31_betis_sp_gijon,1996-97,train
1997-05-31_vallecano_valencia,1996-97,train
1997-06-01_celta_ath_bilbao,1996-97,train
1997-06-01_espanol_logrones,1996-97,train
1997-06-01_hercules_barcelona,1996-97,train
1997-06-01_la_coruna_valladolid,1996-97,train
1997-06-01_oviedo_sevilla,1996-97,train
1997-06-01_real_madrid_extremadura,1996-97,train
1997-06-01_santander_compostela,1996-97,train
1997-06-02_sociedad_tenerife,1996-97,train
1997-06-02_zaragoza_ath_madrid,1996-97,train
1997-06-14_real_madrid_ath_madrid,1996-97,train
1997-06-15_barcelona_betis,1996-97,train
1997-06-15_compostela_sociedad,1996-97,train
1997-06-15_extremadura_celta,1996-97,train
1997-06-15_logrones_santander,1996-97,train
1997-06-15_sevilla_espanol,1996-97,train
1997-06-15_sp_gijon_vallecano,1996-97,train
1997-06-15_tenerife_zaragoza,1996-97,train
1997-06-15_valencia_oviedo,1996-97,train
1997-06-15_valladolid_hercules,1996-97,train
1997-06-16_ath_bilbao_la_coruna,1996-97,train
1997-06-21_betis_valladolid,1996-97,train
1997-06-21_espanol_valencia,1996-97,train
1997-06-22_celta_real_madrid,1996-97,train
1997-06-22_hercules_ath_bilbao,1996-97,train
1997-06-22_la_coruna_extremadura,1996-97,train
1997-06-22_oviedo_sp_gijon,1996-97,train
1997-06-22_santander_sevilla,1996-97,train
1997-06-22_sociedad_logrones,1996-97,train
1997-06-22_vallecano_barcelona,1996-97,train
1997-06-22_zaragoza_compostela,1996-97,train
1997-06-23_ath_madrid_tenerife,1996-97,train
1997-08-30_real_madrid_ath_madrid,1997-98,train
1997-08-31_ath_bilbao_espanol,1997-98,train
1997-08-31_barcelona_sociedad,1997-98,train
1997-08-31_celta_zaragoza,1997-98,train
1997-08-31_compostela_sp_gijon,1997-98,train
1997-08-31_mallorca_valencia,1997-98,train
1997-08-31_oviedo_merida,1997-98,train
1997-08-31_santander_salamanca,1997-98,train
1997-08-31_tenerife_la_coruna,1997-98,train
1997-09-01_valladolid_betis,1997-98,train
1997-09-06_ath_madrid_valladolid,1997-98,train
1997-09-06_betis_ath_bilbao,1997-98,train
1997-09-07_espanol_celta,1997-98,train
1997-09-07_la_coruna_mallorca,1997-98,train
1997-09-07_merida_compostela,1997-98,train
1997-09-07_salamanca_real_madrid,1997-98,train
1997-09-07_sociedad_santander,1997-98,train
1997-09-07_sp_gijon_tenerife,1997-98,train
1997-09-07_zaragoza_oviedo,1997-98,train
1997-09-08_valencia_barcelona,1997-98,train
1997-09-13_ath_bilbao_ath_madrid,1997-98,train
1997-09-13_barcelona_la_coruna,1997-98,train
1997-09-13_real_madrid_sociedad,1997-98,train
1997-09-13_valladolid_salamanca,1997-98,train
1997-09-14_celta_betis,1997-98,train
1997-09-14_compostela_tenerife,1997-98,train
1997-09-14_merida_zaragoza,1997-98,train
1997-09-14_oviedo_espanol,1997-98,train
1997-09-14_santander_valencia,1997-98,train
1997-09-15_mallorca_sp_gijon,1997-98,train
1997-09-28_ath_madrid_celta,1997-98,train
1997-09-28_betis_oviedo,1997-98,train
1997-09-28_la_coruna_santander,1997-98,train
1997-09-28_salamanca_ath_bilbao,1997-98,train
1997-09-28_sociedad_valladolid,1997-98,train
1997-09-28_sp_gijon_barcelona,1997-98,train
1997-09-28_tenerife_mallorca,1997-98,train
1997-09-28_valencia_real_madrid,1997-98,train
1997-09-28_zaragoza_compostela,1997-98,train
1997-09-29_espanol_merida,1997-98,train
1997-10-04_ath_bilbao_sociedad,1997-98,train
1997-10-04_zaragoza_espanol,1997-98,train
1997-10-05_barcelona_tenerife,1997-98,train
1997-10-05_celta_salamanca,1997-98,train
1997-10-05_compostela_mallorca,1997-98,train
1997-10-05_oviedo_ath_madrid,1997-98,train
1997-10-05_real_madrid_la_coruna,1997-98,train
1997-10-05_santander_sp_gijon,1997-98,train
1997-10-05_valladolid_valencia,1997-98,train
1997-10-06_merida_betis,1997-98,train
1997-10-14_mallorca_barcelona,1997-98,train
1997-10-15_ath_madrid_merida,1997-98,train
1997-10-15_betis_zaragoza,1997-98,train
1997-10-15_espanol_compostela,1997-98,train
1997-10-15_la_coruna_valladolid,1997-98,train
1997-10-15_salamanca_oviedo,1997-98,train
1997-10-15_sociedad_celta,1997-98,train
1997-10-15_sp_gijon_real_madrid,1997-98,train
1997-10-15_tenerife_santander,1997-98,train
1997-10-15_valencia_ath_bilbao,1997-98,train
1997-10-18_ath_bilbao_la_coruna,1997-98,train
1997-10-18_compostela_barcelona,1997-98,train
1997-10-18_real_madrid_tenerife,1997-98,train
1997-10-18_valladolid_sp_gijon,1997-98,train
1997-10-18_zaragoza_ath_madrid,1997-98,train
1997-10-19_celta_valencia,1997-98,train
1997-10-19_espanol_betis,1997-98,train
1997-10-19_merida_salamanca,1997-98,train
1997-10-19_oviedo_sociedad,1997-98,train
1997-10-19_santander_mallorca,1997-98,train
1997-10-25_la_coruna_celta,1997-98,train
1997-10-26_ath_madrid_espanol,1997-98,train
1997-10-26_barcelona_santander,1997-98,train
1997-10-26_betis_compostela,1997-98,train
1997-10-26_salamanca_zaragoza,1997-98,train
1997-10-26_sociedad_merida,1997-98,train
1997-10-26_sp_gijon_ath_bilbao,1997-98,train
1997-10-26_tenerife_valladolid,1997-98,train
1997-10-26_valencia_oviedo,1997-98,train
1997-10-27_mallorca_real_madrid,1997-98,train
1997-11-01_ath_bilbao_tenerife,1997-98,train
1997-11-01_betis_ath_madrid,1997-98,train
1997-11-01_real_madrid_barcelona,1997-98,train
1997-11-01_valladolid_mallorca,1997-98,train
1997-11-02_celta_sp_gijon,1997-98,train
1997-11-02_compostela_santander,1997-98,train
1997-11-02_espanol_salamanca,1997-98,train
1997-11-02_oviedo_la_coruna,1997-98,train
1997-11-02_zaragoza_sociedad,1997-98,train
1997-11-03_merida_valencia,1997-98,train
1997-11-08_santander_real_madrid,1997-98,train
1997-11-09_ath_madrid_compostela,1997-98,train
1997-11-09_barcelona_valladolid,1997-98,train
1997-11-09_la_coruna_merida,1997-98,train
1997-11-09_mallorca_ath_bilbao,1997-98,train
1997-11-09_salamanca_betis,1997-98,train
1997-11-09_sociedad_espanol,1997-98,train
1997-11-09_sp_gijon_oviedo,1997-98,train
1997-11-09_tenerife_celta,1997-98,train
1997-11-09_valencia_zaragoza,1997-98,train
1997-11-11_ath_madrid_salamanca,1997-98,train
1997-11-12_betis_sociedad,1997-98,train
1997-11-12_celta_mallorca,1997-98,train
1997-11-12_compostela_real_madrid,1997-98,train
1997-11-12_espanol_valencia,1997-98,train
1997-11-12_merida_sp_gijon,1997-98,train
1997-11-12_oviedo_tenerife,1997-98,train
1997-11-12_valladolid_santander,1997-98,train
1997-11-12_zaragoza_la_coruna,1997-98,train
1997-11-13_ath_bilbao_barcelona,1997-98,train
1997-11-15_sociedad_ath_madrid,1997-98,train
1997-11-16_barcelona_celta,1997-98,train
1997-11-16_la_coruna_espanol,1997-98,train
1997-11-16_mallorca_oviedo,1997-98,train
1997-11-16_salamanca_compostela,1997-98,train
1997-11-16_santander_ath_bilbao,1997-98,train
1997-11-16_sp_gijon_zaragoza,1997-98,train
1997-11-16_tenerife_merida,1997-98,train
1997-11-16_valencia_betis,1997-98,train
1997-11-17_real_madrid_valladolid,1997-98,train
1997-11-22_ath_bilbao_real_madrid,1997-98,train
1997-11-22_ath_madrid_valencia,1997-98,train
1997-11-22_oviedo_barcelona,1997-98,train
1997-11-23_betis_la_coruna,1997-98,train
1997-11-23_celta_santander,1997-98,train
1997-11-23_compostela_valladolid,1997-98,train
1997-11-23_merida_mallorca,1997-98,train
1997-11-23_salamanca_sociedad,1997-98,train
1997-11-23_zaragoza_tenerife,1997-98,train
1997-11-24_espanol_sp_gijon,1997-98,train
1997-11-29_sp_gijon_betis,1997-98,train
1997-11-30_la_coruna_ath_madrid,1997-98,train
1997-11-30_mallorca_zaragoza,1997-98,train
1997-11-30_real_madrid_celta,1997-98,train
1997-11-30_santander_oviedo,1997-98,train
1997-11-30_sociedad_compostela,1997-98,train
1997-11-30_tenerife_espanol,1997-98,train
1997-11-30_valencia_salamanca,1997-98,train
1997-11-30_valladolid_ath_bilbao,1997-98,train
1997-12-01_barcelona_merida,1997-98,train
1997-12-06_ath_madrid_sp_gijon,1997-98,train
1997-12-06_espanol_mallorca,1997-98,train
1997-12-06_oviedo_real_madrid,1997-98,train
1997-12-06_zaragoza_barcelona,1997-98,train
1997-12-07_betis_tenerife,1997-98,train
1997-12-07_celta_valladolid,1997-98,train
1997-12-07_compostela_ath_bilbao,1997-98,train
1997-12-07_merida_santander,1997-98,train
1997-12-07_salamanca_la_coruna,1997-98,train
1997-12-07_sociedad_valencia,1997-98,train
1997-12-13_ath_bilbao_celta,1997-98,train
1997-12-13_barcelona_espanol,1997-98,train
1997-12-13_mallorca_betis,1997-98,train
1997-12-14_la_coruna_sociedad,1997-98,train
1997-12-14_real_madrid_merida,1997-98,train
1997-12-14_santander_zaragoza,1997-98,train
1997-12-14_sp_gijon_salamanca,1997-98,train
1997-12-14_tenerife_ath_madrid,1997-98,train
1997-12-14_valencia_compostela,1997-98,train
1997-12-14_valladolid_oviedo,1997-98,train
1997-12-17_ath_madrid_mallorca,1997-98,train
1997-12-17_compostela_celta,1997-98,train
1997-12-17_espanol_santander,1997-98,train
1997-12-17_merida_valladolid,1997-98,train
1997-12-17_oviedo_ath_bilbao,1997-98,train
1997-12-17_salamanca_tenerife,1997-98,train
1997-12-17_sociedad_sp_gijon,1997-98,train
1997-12-17_zaragoza_real_madrid,1997-98,train
1997-12-18_valencia_la_coruna,1997-98,train
1997-12-20_barcelona_ath_madrid,1997-98,train
1997-12-21_ath_bilbao_merida,1997-98,train
1997-12-21_celta_oviedo,1997-98,train
1997-12-21_compostela_la_coruna,1997-98,train
1997-12-21_real_madrid_espanol,1997-98,train
1997-12-21_santander_betis,1997-98,train
1997-12-21_sp_gijon_valencia,1997-98,train
1997-12-21_tenerife_sociedad,1997-98,train
1997-12-21_valladolid_zaragoza,1997-98,train
1997-12-22_mallorca_salamanca,1997-98,train
1998-01-03_betis_real_madrid,1997-98,train
1998-01-04_ath_madrid_santander,1997-98,train
1998-01-04_espanol_valladolid,1997-98,train
1998-01-04_la_coruna_sp_gijon,1997-98,train
1998-01-04_merida_celta,1997-98,train
1998-01-04_oviedo_compostela,1997-98,train
1998-01-04_sociedad_mallorca,1997-98,train
1998-01-04_valencia_tenerife,1997-98,train
1998-01-04_zaragoza_ath_bilbao,1997-98,train
1998-01-05_salamanca_barcelona,1997-98,train
1998-01-10_ath_madrid_real_madrid,1997-98,train
1998-01-11_espanol_ath_bilbao,1997-98,train
1998-01-11_la_coruna_tenerife,1997-98,train
1998-01-11_merida_oviedo,1997-98,train
1998-01-11_salamanca_santander,1997-98,train
1998-01-11_sociedad_barcelona,1997-98,train
1998-01-11_sp_gijon_compostela,1997-98,train
1998-01-11_zaragoza_celta,1997-98,train
1998-01-12_valencia_mallorca,1997-98,train
1998-01-17_celta_espanol,1997-98,train
1998-01-17_oviedo_zaragoza,1997-98,train
1998-01-17_valladolid_ath_madrid,1997-98,train
1998-01-18_ath_bilbao_betis,1997-98,train
1998-01-18_compostela_merida,1997-98,train
1998-01-18_mallorca_la_coruna,1997-98,train
1998-01-18_real_madrid_salamanca,1997-98,train
1998-01-18_santander_sociedad,1997-98,train
1998-01-18_tenerife_sp_gijon,1997-98,train
1998-01-19_barcelona_valencia,1997-98,train
1998-01-24_ath_madrid_ath_bilbao,1997-98,train
1998-01-25_betis_celta,1997-98,train
1998-01-25_espanol_oviedo,1997-98,train
1998-01-25_la_coruna_barcelona,1997-98,train
1998-01-25_sociedad_real_madrid,1997-98,train
1998-01-25_sp_gijon_mallorca,1997-98,train
1998-01-25_tenerife_compostela,1997-98,train
1998-01-25_valencia_santander,1997-98,train
1998-01-25_zaragoza_merida,1997-98,train
1998-01-26_salamanca_valladolid,1997-98,train
1998-01-31_ath_bilbao_salamanca,1997-98,train
1998-01-31_mallorca_tenerife,1997-98,train
1998-01-31_oviedo_betis,1997-98,train
1998-02-01_barcelona_sp_gijon,1997-98,train
1998-02-01_celta_ath_madrid,1997-98,train
1998-02-01_compostela_zaragoza,1997-98,train
1998-02-01_merida_espanol,1997-98,train
1998-02-01_santander_la_coruna,1997-98,train
1998-02-01_valladolid_sociedad,1997-98,train
1998-02-02_real_madrid_valencia,1997-98,train
1998-02-08_betis_merida,1997-98,train
1998-02-08_espanol_zaragoza,1997-98,train
1998-02-08_la_coruna_real_madrid,1997-98,train
1998-02-08_mallorca_compostela,1997-98,train
1998-02-08_salamanca_celta,1997-98,train
1998-02-08_sociedad_ath_bilbao,1997-98,train
1998-02-08_sp_gijon_santander,1997-98,train
1998-02-08_tenerife_barcelona,1997-98,train
1998-02-08_valencia_valladolid,1997-98,train
1998-02-09_ath_madrid_oviedo,1997-98,train
1998-02-14_valladolid_la_coruna,1997-98,train
1998-02-15_ath_bilbao_valencia,1997-98,train
1998-02-15_barcelona_mallorca,1997-98,train
1998-02-15_celta_sociedad,1997-98,train
1998-02-15_compostela_espanol,1997-98,train
1998-02-15_merida_ath_madrid,1997-98,train
1998-02-15_oviedo_salamanca,1997-98,train
1998-02-15_real_madrid_sp_gijon,1997-98,train
1998-02-15_santander_tenerife,1997-98,train
1998-02-15_zaragoza_betis,1997-98,train
1998-02-21_sp_gijon_valladolid,1997-98,train
1998-02-21_tenerife_real_madrid,1997-98,train
1998-02-22_barcelona_compostela,1997-98,train
1998-02-22_betis_espanol,1997-98,train
1998-02-22_la_coruna_ath_bilbao,1997-98,train
1998-02-22_mallorca_santander,1997-98,train
1998-02-22_salamanca_merida,1997-98,train
1998-02-22_sociedad_oviedo,1997-98,train
1998-02-22_valencia_celta,1997-98,train
1998-02-23_ath_madrid_zaragoza,1997-98,train
1998-02-25_betis_valladolid,1997-98,train
1998-02-28_compostela_betis,1997-98,train
1998-02-28_espanol_ath_madrid,1997-98,train
1998-02-28_real_madrid_mallorca,1997-98,train
1998-03-01_ath_bilbao_sp_gijon,1997-98,train
1998-03-01_celta_la_coruna,1997-98,train
1998-03-01_merida_sociedad,1997-98,train
1998-03-01_oviedo_valencia,1997-98,train
1998-03-01_valladolid_tenerife,1997-98,train
1998-03-01_zaragoza_salamanca,1997-98,train
1998-03-02_santander_barcelona,1997-98,train
1998-03-07_barcelona_real_madrid,1997-98,train
1998-03-08_ath_madrid_betis,1997-98,train
1998-03-08_la_coruna_oviedo,1997-98,train
1998-03-08_mallorca_valladolid,1997-98,train
1998-03-08_salamanca_espanol,1997-98,train
1998-03-08_santander_compostela,1997-98,train
1998-03-08_sociedad_zaragoza,1997-98,train
1998-03-08_sp_gijon_celta,1997-98,train
1998-03-08_tenerife_ath_bilbao,1997-98,train
1998-03-09_valencia_merida,1997-98,train
1998-03-14_compostela_ath_madrid,1997-98,train
1998-03-14_real_madrid_santander,1997-98,train
1998-03-15_betis_salamanca,1997-98,train
1998-03-15_celta_tenerife,1997-98,train
1998-03-15_espanol_sociedad,1997-98,train
1998-03-15_merida_la_coruna,1997-98,train
1998-03-15_oviedo_sp_gijon,1997-98,train
1998-03-15_valladolid_barcelona,1997-98,train
1998-03-15_zaragoza_valencia,1997-98,train
1998-03-16_ath_bilbao_mallorca,1997-98,train
1998-03-21_salamanca_ath_madrid,1997-98,train
1998-03-22_barcelona_ath_bilbao,1997-98,train
1998-03-22_la_coruna_zaragoza,1997-98,train
1998-03-22_mallorca_celta,1997-98,train
1998-03-22_real_madrid_compostela,1997-98,train
1998-03-22_santander_valladolid,1997-98,train
1998-03-22_sociedad_betis,1997-98,train
1998-03-22_sp_gijon_merida,1997-98,train
1998-03-22_tenerife_oviedo,1997-98,train
1998-03-22_valencia_espanol,1997-98,train
1998-03-28_ath_madrid_sociedad,1997-98,train
1998-03-28_betis_valencia,1997-98,train
1998-03-28_valladolid_real_madrid,1997-98,train
1998-03-29_ath_bilbao_santander,1997-98,train
1998-03-29_celta_barcelona,1997-98,train
1998-03-29_compostela_salamanca,1997-98,train
1998-03-29_espanol_la_coruna,1997-98,train
1998-03-29_merida_tenerife,1997-98,train
1998-03-29_oviedo_mallorca,1997-98,train
1998-03-29_zaragoza_sp_gijon,1997-98,train
1998-04-04_barcelona_oviedo,1997-98,train
1998-04-04_la_coruna_betis,1997-98,train
1998-04-04_real_madrid_ath_bilbao,1997-98,train
1998-04-05_mallorca_merida,1997-98,train
1998-04-05_santander_celta,1997-98,train
1998-04-05_sociedad_salamanca,1997-98,train
1998-04-05_sp_gijon_espanol,1997-98,train
1998-04-05_tenerife_zaragoza,1997-98,train
1998-04-05_valencia_ath_madrid,1997-98,train
1998-04-05_valladolid_compostela,1997-98,train
1998-04-07_betis_barcelona,1997-98,train
1998-04-11_ath_madrid_la_coruna,1997-98,train
1998-04-11_celta_real_madrid,1997-98,train
1998-04-11_merida_barcelona,1997-98,train
1998-04-12_ath_bilbao_valladolid,1997-98,train
1998-04-12_compostela_sociedad,1997-98,train
1998-04-12_espanol_tenerife,1997-98,train
1998-04-12_oviedo_santander,1997-98,train
1998-04-12_salamanca_valencia,1997-98,train
1998-04-12_zaragoza_mallorca,1997-98,train
1998-04-13_betis_sp_gijon,1997-98,train
1998-04-18_valencia_sociedad,1997-98,train
1998-04-19_ath_bilbao_compostela,1997-98,train
1998-04-19_barcelona_zaragoza,1997-98,train
1998-04-19_la_coruna_salamanca,1997-98,train
1998-04-19_mallorca_espanol,1997-98,train
1998-04-19_real_madrid_oviedo,1997-98,train
1998-04-19_santander_merida,1997-98,train
1998-04-19_sp_gijon_ath_madrid,1997-98,train
1998-04-19_tenerife_betis,1997-98,train
1998-04-19_valladolid_celta,1997-98,train
1998-04-25_betis_mallorca,1997-98,train
1998-04-25_espanol_barcelona,1997-98,train
1998-04-26_ath_madrid_tenerife,1997-98,train
1998-04-26_celta_ath_bilbao,1997-98,train
1998-04-26_compostela_valencia,1997-98,train
1998-04-26_merida_real_madrid,1997-98,train
1998-04-26_oviedo_valladolid,1997-98,train
1998-04-26_salamanca_sp_gijon,1997-98,train
1998-04-26_zaragoza_santander,1997-98,train
1998-04-27_sociedad_la_coruna,1997-98,train
1998-05-02_la_coruna_valencia,1997-98,train
1998-05-03_ath_bilbao_oviedo,1997-98,train
1998-05-03_barcelona_betis,1997-98,train
1998-05-03_celta_compostela,1997-98,train
1998-05-03_mallorca_ath_madrid,1997-98,train
1998-05-03_santander_espanol,1997-98,train
1998-05-03_sp_gijon_sociedad,1997-98,train
1998-05-03_tenerife_salamanca,1997-98,train
1998-05-03_valladolid_merida,1997-98,train
1998-05-04_real_madrid_zaragoza,1997-98,train
1998-05-09_espanol_real_madrid,1997-98,train
1998-05-09_valencia_sp_gijon,1997-98,train
1998-05-10_ath_madrid_barcelona,1997-98,train
1998-05-10_betis_santander,1997-98,train
1998-05-10_la_coruna_compostela,1997-98,train
1998-05-10_merida_ath_bilbao,1997-98,train
1998-05-10_oviedo_celta,1997-98,train
1998-05-10_salamanca_mallorca,1997-98,train
1998-05-10_sociedad_tenerife,1997-98,train
1998-05-10_zaragoza_valladolid,1997-98,train
1998-05-15_ath_bilbao_zaragoza,1997-98,train
1998-05-15_barcelona_salamanca,1997-98,train
1998-05-15_celta_merida,1997-98,train
1998-05-15_compostela_oviedo,1997-98,train
1998-05-15_mallorca_sociedad,1997-98,train
1998-05-15_real_madrid_betis,1997-98,train
1998-05-15_santander_ath_madrid,1997-98,train
1998-05-15_tenerife_valencia,1997-98,train
1998-05-15_valladolid_espanol,1997-98,train
1998-05-16_sp_gijon_la_coruna,1997-98,train
1998-08-29_alaves_betis,1998-99,train
1998-08-29_valencia_ath_madrid,1998-99,train
1998-08-30_celta_la_coruna,1998-99,train
1998-08-30_espanol_tenerife,1998-99,train
1998-08-30_extremadura_valladolid,1998-99,train
1998-08-30_salamanca_mallorca,1998-99,train
1998-08-30_santander_barcelona,1998-99,train
1998-08-30_sociedad_oviedo,1998-99,train
1998-08-30_zaragoza_ath_bilbao,1998-99,train
1998-08-31_real_madrid_villarreal,1998-99,train
1998-09-12_ath_bilbao_santander,1998-99,train
1998-09-12_ath_madrid_salamanca,1998-99,train
1998-09-12_barcelona_extremadura,1998-99,train
1998-09-12_betis_zaragoza,1998-99,train
1998-09-12_la_coruna_valencia,1998-99,train
1998-09-12_tenerife_sociedad,1998-99,train
1998-09-12_valladolid_real_madrid,1998-99,train
1998-09-12_villarreal_celta,1998-99,train
1998-09-13_mallorca_espanol,1998-99,train
1998-09-13_oviedo_alaves,1998-99,train
1998-09-19_real_madrid_barcelona,1998-99,train
1998-09-20_alaves_zaragoza,1998-99,train
1998-09-20_celta_valladolid,1998-99,train
1998-09-20_espanol_ath_madrid,1998-99,train
1998-09-20_extremadura_ath_bilbao,1998-99,train
1998-09-20_oviedo_tenerife,1998-99,train
1998-09-20_salamanca_la_coruna,1998-99,train
1998-09-20_santander_betis,1998-99,train
1998-09-20_sociedad_mallorca,1998-99,train
1998-09-20_valencia_villarreal,1998-99,train
1998-09-26_ath_bilbao_real_madrid,1998-99,train
1998-09-26_ath_madrid_sociedad,1998-99,train
1998-09-26_barcelona_celta,1998-99,train
1998-09-26_betis_extremadura,1998-99,train
1998-09-26_valladolid_valencia,1998-99,train
1998-09-27_la_coruna_espanol,1998-99,train
1998-09-27_mallorca_oviedo,1998-99,train
1998-09-27_tenerife_alaves,1998-99,train
1998-09-27_villarreal_salamanca,1998-99,train
1998-09-27_zaragoza_santander,1998-99,train
1998-10-03_valencia_barcelona,1998-99,train
1998-10-04_alaves_santander,1998-99,train
1998-10-04_celta_ath_bilbao,1998-99,train
1998-10-04_espanol_villarreal,1998-99,train
1998-10-04_extremadura_zaragoza,1998-99,train
1998-10-04_oviedo_ath_madrid,1998-99,train
1998-10-04_real_madrid_betis,1998-99,train
1998-10-04_salamanca_valladolid,1998-99,train
1998-10-04_sociedad_la_coruna,1998-99,train
1998-10-04_tenerife_mallorca,1998-99,train
1998-10-17_ath_bilbao_valencia,1998-99,train
1998-10-17_ath_madrid_tenerife,1998-99,train
1998-10-17_barcelona_salamanca,1998-99,train
1998-10-17_betis_celta,1998-99,train
1998-10-17_villarreal_sociedad,1998-99,train
1998-10-17_zaragoza_real_madrid,1998-99,train
1998-10-18_la_coruna_oviedo,1998-99,train
1998-10-18_mallorca_alaves,1998-99,train
1998-10-18_santander_extremadura,1998-99,train
1998-10-18_valladolid_espanol,1998-99,train
1998-10-24_celta_zaragoza,1998-99,train
1998-10-25_alaves_extremadura,1998-99,train
1998-10-25_espanol_barcelona,1998-99,train
1998-10-25_mallorca_ath_madrid,1998-99,train
1998-10-25_oviedo_villarreal,1998-99,train
1998-10-25_real_madrid_santander,1998-99,train
1998-10-25_salamanca_ath_bilbao,1998-99,train
1998-10-25_sociedad_valladolid,1998-99,train
1998-10-25_tenerife_la_coruna,1998-99,train
1998-10-25_valencia_betis,1998-99,train
1998-10-31_ath_bilbao_espanol,1998-99,train
1998-10-31_ath_madrid_alaves,1998-99,train
1998-10-31_barcelona_sociedad,1998-99,train
1998-10-31_betis_salamanca,1998-99,train
1998-10-31_extremadura_real_madrid,1998-99,train
1998-10-31_santander_celta,1998-99,train
1998-10-31_zaragoza_valencia,1998-99,train
1998-11-01_la_coruna_mallorca,1998-99,train
1998-11-01_valladolid_oviedo,1998-99,train
1998-11-01_villarreal_tenerife,1998-99,train
1998-11-07_espanol_betis,1998-99,train
1998-11-08_alaves_real_madrid,1998-99,train
1998-11-08_ath_madrid_la_coruna,1998-99,train
1998-11-08_celta_extremadura,1998-99,train
1998-11-08_mallorca_villarreal,1998-99,train
1998-11-08_oviedo_barcelona,1998-99,train
1998-11-08_salamanca_zaragoza,1998-99,train
1998-11-08_sociedad_ath_bilbao,1998-99,train
1998-11-08_tenerife_valladolid,1998-99,train
1998-11-08_valencia_santander,1998-99,train
1998-11-14_real_madrid_celta,1998-99,train
1998-11-15_ath_bilbao_oviedo,1998-99,train
1998-11-15_barcelona_tenerife,1998-99,train
1998-11-15_betis_sociedad,1998-99,train
1998-11-15_extremadura_valencia,1998-99,train
1998-11-15_la_coruna_alaves,1998-99,train
1998-11-15_santander_salamanca,1998-99,train
1998-11-15_valladolid_mallorca,1998-99,train
1998-11-15_villarreal_ath_madrid,1998-99,train
1998-11-15_zaragoza_espanol,1998-99,train
1998-11-20_tenerife_ath_bilbao,1998-99,train
1998-11-21_alaves_celta,1998-99,train
1998-11-21_ath_madrid_valladolid,1998-99,train
1998-11-21_mallorca_barcelona,1998-99,train
1998-11-21_oviedo_betis,1998-99,train
1998-11-21_sociedad_zaragoza,1998-99,train
1998-11-21_valencia_real_madrid,1998-99,train
1998-11-22_espanol_santander,1998-99,train
1998-11-22_la_coruna_villarreal,1998-99,train
1998-11-22_salamanca_extremadura,1998-99,train
1998-11-28_barcelona_ath_madrid,1998-99,train
1998-11-29_ath_bilbao_mallorca,1998-99,train
1998-11-29_betis_tenerife,1998-99,train
1998-11-29_celta_valencia,1998-99,train
1998-11-29_extremadura_espanol,1998-99,train
1998-11-29_santander_sociedad,1998-99,train
1998-11-29_valladolid_la_coruna,1998-99,train
1998-11-29_villarreal_alaves,1998-99,train
1998-11-29_zaragoza_oviedo,1998-99,train
1998-12-05_ath_madrid_ath_bilbao,1998-99,train
1998-12-05_espanol_real_madrid,1998-99,train
1998-12-05_la_coruna_barcelona,1998-99,train
1998-12-05_mallorca_betis,1998-99,train
1998-12-05_salamanca_celta,1998-99,train
1998-12-05_sociedad_extremadura,1998-99,train
1998-12-06_alaves_valencia,1998-99,train
1998-12-06_oviedo_santander,1998-99,train
1998-12-06_tenerife_zaragoza,1998-99,train
1998-12-06_villarreal_valladolid,1998-99,train
1998-12-12_betis_ath_madrid,1998-99,train
1998-12-13_ath_bilbao_la_coruna,1998-99,train
1998-12-13_barcelona_villarreal,1998-99,train
1998-12-13_celta_espanol,1998-99,train
1998-12-13_extremadura_oviedo,1998-99,train
1998-12-13_real_madrid_sociedad,1998-99,train
1998-12-13_santander_tenerife,1998-99,train
1998-12-13_valencia_salamanca,1998-99,train
1998-12-13_valladolid_alaves,1998-99,train
1998-12-13_zaragoza_mallorca,1998-99,train
1998-12-19_la_coruna_betis,1998-99,train
1998-12-20_alaves_salamanca,1998-99,train
1998-12-20_ath_madrid_zaragoza,1998-99,train
1998-12-20_espanol_valencia,1998-99,train
1998-12-20_mallorca_santander,1998-99,train
1998-12-20_oviedo_real_madrid,1998-99,train
1998-12-20_sociedad_celta,1998-99,train
1998-12-20_tenerife_extremadura,1998-99,train
1998-12-20_valladolid_barcelona,1998-99,train
1998-12-20_villarreal_ath_bilbao,1998-99,train
1999-01-02_valencia_sociedad,1998-99,train
1999-01-03_ath_bilbao_valladolid,1998-99,train
1999-01-03_barcelona_alaves,1998-99,train
1999-01-03_betis_villarreal,1998-99,train
1999-01-03_celta_oviedo,1998-99,train
1999-01-03_extremadura_mallorca,1998-99,train
1999-01-03_real_madrid_tenerife,1998-99,train
1999-01-03_salamanca_espanol,1998-99,train
1999-01-03_santander_ath_madrid,1998-99,train
1999-01-03_zaragoza_la_coruna,1998-99,train
1999-01-06_real_madrid_salamanca,1998-99,train
1999-01-09_barcelona_ath_bilbao,1998-99,train
1999-01-10_alaves_espanol,1998-99,train
1999-01-10_ath_madrid_extremadura,1998-99,train
1999-01-10_la_coruna_santander,1998-99,train
1999-01-10_mallorca_real_madrid,1998-99,train
1999-01-10_oviedo_valencia,1998-99,train
1999-01-10_sociedad_salamanca,1998-99,train
1999-01-10_tenerife_celta,1998-99,train
1999-01-10_valladolid_betis,1998-99,train
1999-01-10_villarreal_zaragoza,1998-99,train
1999-01-16_celta_mallorca,1998-99,train
1999-01-17_alaves_ath_bilbao,1998-99,train
1999-01-17_betis_barcelona,1998-99,train
1999-01-17_espanol_sociedad,1998-99,train
1999-01-17_extremadura_la_coruna,1998-99,train
1999-01-17_real_madrid_ath_madrid,1998-99,train
1999-01-17_salamanca_oviedo,1998-99,train
1999-01-17_santander_villarreal,1998-99,train
1999-01-17_valencia_tenerife,1998-99,train
1999-01-17_zaragoza_valladolid,1998-99,train
1999-01-23_ath_bilbao_betis,1998-99,train
1999-01-24_ath_madrid_celta,1998-99,train
1999-01-24_barcelona_zaragoza,1998-99,train
1999-01-24_la_coruna_real_madrid,1998-99,train
1999-01-24_mallorca_valencia,1998-99,train
1999-01-24_oviedo_espanol,1998-99,train
1999-01-24_sociedad_alaves,1998-99,train
1999-01-24_tenerife_salamanca,1998-99,train
1999-01-24_valladolid_santander,1998-99,train
1999-01-24_villarreal_extremadura,1998-99,train
1999-01-30_ath_bilbao_zaragoza,1998-99,train
1999-01-30_ath_madrid_valencia,1998-99,train
1999-01-30_betis_alaves,1998-99,train
1999-01-30_mallorca_salamanca,1998-99,train
1999-01-30_oviedo_sociedad,1998-99,train
1999-01-30_villarreal_real_madrid,1998-99,train
1999-01-31_barcelona_santander,1998-99,train
1999-01-31_la_coruna_celta,1998-99,train
1999-01-31_tenerife_espanol,1998-99,train
1999-01-31_valladolid_extremadura,1998-99,train
1999-02-06_valencia_la_coruna,1998-99,train
1999-02-07_alaves_oviedo,1998-99,train
1999-02-07_celta_villarreal,1998-99,train
1999-02-07_espanol_mallorca,1998-99,train
1999-02-07_extremadura_barcelona,1998-99,train
1999-02-07_real_madrid_valladolid,1998-99,train
1999-02-07_salamanca_ath_madrid,1998-99,train
1999-02-07_santander_ath_bilbao,1998-99,train
1999-02-07_sociedad_tenerife,1998-99,train
1999-02-07_zaragoza_betis,1998-99,train
1999-02-13_ath_madrid_espanol,1998-99,train
1999-02-13_la_coruna_salamanca,1998-99,train
1999-02-13_mallorca_sociedad,1998-99,train
1999-02-14_ath_bilbao_extremadura,1998-99,train
1999-02-14_barcelona_real_madrid,1998-99,train
1999-02-14_betis_santander,1998-99,train
1999-02-14_tenerife_oviedo,1998-99,train
1999-02-14_valladolid_celta,1998-99,train
1999-02-14_villarreal_valencia,1998-99,train
1999-02-14_zaragoza_alaves,1998-99,train
1999-02-20_extremadura_betis,1998-99,train
1999-02-20_real_madrid_ath_bilbao,1998-99,train
1999-02-20_santander_zaragoza,1998-99,train
1999-02-21_alaves_tenerife,1998-99,train
1999-02-21_celta_barcelona,1998-99,train
1999-02-21_espanol_la_coruna,1998-99,train
1999-02-21_oviedo_mallorca,1998-99,train
1999-02-21_salamanca_villarreal,1998-99,train
1999-02-21_sociedad_ath_madrid,1998-99,train
1999-02-21_valencia_valladolid,1998-99,train
1999-02-27_ath_bilbao_celta,1998-99,train
1999-02-27_ath_madrid_oviedo,1998-99,train
1999-02-27_barcelona_valencia,1998-99,train
1999-02-27_betis_real_madrid,1998-99,train
1999-02-28_la_coruna_sociedad,1998-99,train
1999-02-28_mallorca_tenerife,1998-99,train
1999-02-28_santander_alaves,1998-99,train
1999-02-28_valladolid_salamanca,1998-99,train
1999-02-28_villarreal_espanol,1998-99,train
1999-02-28_zaragoza_extremadura,1998-99,train
1999-03-06_oviedo_la_coruna,1998-99,train
1999-03-07_alaves_mallorca,1998-99,train
1999-03-07_celta_betis,1998-99,train
1999-03-07_espanol_valladolid,1998-99,train
1999-03-07_extremadura_santander,1998-99,train
1999-03-07_real_madrid_zaragoza,1998-99,train
1999-03-07_salamanca_barcelona,1998-99,train
1999-03-07_sociedad_villarreal,1998-99,train
1999-03-07_tenerife_ath_madrid,1998-99,train
1999-03-07_valencia_ath_bilbao,1998-99,train
1999-03-13_ath_madrid_mallorca,1998-99,train
1999-03-13_betis_valencia,1998-99,train
1999-03-13_santander_real_madrid,1998-99,train
1999-03-13_zaragoza_celta,1998-99,train
1999-03-14_ath_bilbao_salamanca,1998-99,train
1999-03-14_barcelona_espanol,1998-99,train
1999-03-14_extremadura_alaves,1998-99,train
1999-03-14_la_coruna_tenerife,1998-99,train
1999-03-14_valladolid_sociedad,1998-99,train
1999-03-14_villarreal_oviedo,1998-99,train
1999-03-20_espanol_ath_bilbao,1998-99,train
1999-03-21_alaves_ath_madrid,1998-99,train
1999-03-21_celta_santander,1998-99,train
1999-03-21_mallorca_la_coruna,1998-99,train
1999-03-21_oviedo_valladolid,1998-99,train
1999-03-21_real_madrid_extremadura,1998-99,train
1999-03-21_salamanca_betis,1998-99,train
1999-03-21_sociedad_barcelona,1998-99,train
1999-03-21_tenerife_villarreal,1998-99,train
1999-03-21_valencia_zaragoza,1998-99,train
1999-04-03_la_coruna_ath_madrid,1998-99,train
1999-04-03_santander_valencia,1998-99,train
1999-04-04_ath_bilbao_sociedad,1998-99,train
1999-04-04_barcelona_oviedo,1998-99,train
1999-04-04_betis_espanol,1998-99,train
1999-04-04_extremadura_celta,1998-99,train
1999-04-04_real_madrid_alaves,1998-99,train
1999-04-04_valladolid_tenerife,1998-99,train
1999-04-04_villarreal_mallorca,1998-99,train
1999-04-04_zaragoza_salamanca,1998-99,train
1999-04-10_tenerife_barcelona,1998-99,train
1999-04-11_alaves_la_coruna,1998-99,train
1999-04-11_ath_madrid_villarreal,1998-99,train
1999-04-11_celta_real_madrid,1998-99,train
1999-04-11_espanol_zaragoza,1998-99,train
1999-04-11_mallorca_valladolid,1998-99,train
1999-04-11_oviedo_ath_bilbao,1998-99,train
1999-04-11_salamanca_santander,1998-99,train
1999-04-11_sociedad_betis,1998-99,train
1999-04-11_valencia_extremadura,1998-99,train
1999-04-17_barcelona_mallorca,1998-99,train
1999-04-17_valladolid_ath_madrid,1998-99,train
1999-04-18_ath_bilbao_tenerife,1998-99,train
1999-04-18_betis_oviedo,1998-99,train
1999-04-18_celta_alaves,1998-99,train
1999-04-18_extremadura_salamanca,1998-99,train
1999-04-18_real_madrid_valencia,1998-99,train
1999-04-18_santander_espanol,1998-99,train
1999-04-18_villarreal_la_coruna,1998-99,train
1999-04-18_zaragoza_sociedad,1998-99,train
1999-04-24_valencia_celta,1998-99,train
1999-04-25_alaves_villarreal,1998-99,train
1999-04-25_ath_madrid_barcelona,1998-99,train
1999-04-25_espanol_extremadura,1998-99,train
1999-04-25_la_coruna_valladolid,1998-99,train
1999-04-25_mallorca_ath_bilbao,1998-99,train
1999-04-25_oviedo_zaragoza,1998-99,train
1999-04-25_salamanca_real_madrid,1998-99,train
1999-04-25_sociedad_santander,1998-99,train
1999-04-25_tenerife_betis,1998-99,train
1999-05-01_real_madrid_espanol,1998-99,train
1999-05-01_valencia_alaves,1998-99,train
1999-05-02_ath_bilbao_ath_madrid,1998-99,train
1999-05-02_barcelona_la_coruna,1998-99,train
1999-05-02_betis_mallorca,1998-99,train
1999-05-02_celta_salamanca,1998-99,train
1999-05-02_extremadura_sociedad,1998-99,train
1999-05-02_santander_oviedo,1998-99,train
1999-05-02_valladolid_villarreal,1998-99,train
1999-05-02_zaragoza_tenerife,1998-99,train
1999-05-08_sociedad_real_madrid,1998-99,train
1999-05-09_alaves_valladolid,1998-99,train
1999-05-09_ath_madrid_betis,1998-99,train
1999-05-09_espanol_celta,1998-99,train
1999-05-09_la_coruna_ath_bilbao,1998-99,train
1999-05-09_mallorca_zaragoza,1998-99,train
1999-05-09_oviedo_extremadura,1998-99,train
1999-05-09_salamanca_valencia,1998-99,train
1999-05-09_tenerife_santander,1998-99,train
1999-05-09_villarreal_barcelona,1998-99,train
1999-05-14_santander_mallorca,1998-99,train
1999-05-15_barcelona_valladolid,1998-99,train
1999-05-16_ath_bilbao_villarreal,1998-99,train
1999-05-16_betis_la_coruna,1998-99,train
1999-05-16_celta_sociedad,1998-99,train
1999-05-16_extremadura_tenerife,1998-99,train
1999-05-16_real_madrid_oviedo,1998-99,train
1999-05-16_salamanca_alaves,1998-99,train
1999-05-16_valencia_espanol,1998-99,train
1999-05-16_zaragoza_ath_madrid,1998-99,train
1999-05-22_alaves_barcelona,1998-99,train
1999-05-23_ath_madrid_santander,1998-99,train
1999-05-23_espanol_salamanca,1998-99,train
1999-05-23_la_coruna_zaragoza,1998-99,train
1999-05-23_mallorca_extremadura,1998-99,train
1999-05-23_oviedo_celta,1998-99,train
1999-05-23_sociedad_valencia,1998-99,train
1999-05-23_tenerife_real_madrid,1998-99,train
1999-05-23_valladolid_ath_bilbao,1998-99,train
1999-05-23_villarreal_betis,1998-99,train
1999-05-29_ath_bilbao_barcelona,1998-99,train
1999-05-29_valencia_oviedo,1998-99,train
1999-05-30_betis_valladolid,1998-99,train
1999-05-30_celta_tenerife,1998-99,train
1999-05-30_espanol_alaves,1998-99,train
1999-05-30_extremadura_ath_madrid,1998-99,train
1999-05-30_real_madrid_mallorca,1998-99,train
1999-05-30_salamanca_sociedad,1998-99,train
1999-05-30_santander_la_coruna,1998-99,train
1999-05-30_zaragoza_villarreal,1998-99,train
1999-06-12_ath_madrid_real_madrid,1998-99,train
1999-06-12_la_coruna_extremadura,1998-99,train
1999-06-12_valladolid_zaragoza,1998-99,train
1999-06-13_ath_bilbao_alaves,1998-99,train
1999-06-13_barcelona_betis,1998-99,train
1999-06-13_mallorca_celta,1998-99,train
1999-06-13_oviedo_salamanca,1998-99,train
1999-06-13_sociedad_espanol,1998-99,train
1999-06-13_tenerife_valencia,1998-99,train
1999-06-13_villarreal_santander,1998-99,train
1999-06-19_salamanca_tenerife,1998-99,train
1999-06-19_santander_valladolid,1998-99,train
1999-06-20_alaves_sociedad,1998-99,train
1999-06-20_betis_ath_bilbao,1998-99,train
1999-06-20_celta_ath_madrid,1998-99,train
1999-06-20_espanol_oviedo,1998-99,train
1999-06-20_extremadura_villarreal,1998-99,train
1999-06-20_real_madrid_la_coruna,1998-99,train
1999-06-20_valencia_mallorca,1998-99,train
1999-06-20_zaragoza_barcelona,1998-99,train
1999-08-21_ath_bilbao_betis,1999-00,train
1999-08-21_mallorca_real_madrid,1999-00,train
1999-08-21_valencia_santander,1999-00,train
1999-08-22_ath_madrid_vallecano,1999-00,train
1999-08-22_barcelona_zaragoza,1999-00,train
1999-08-22_la_coruna_alaves,1999-00,train
1999-08-22_malaga_espanol,1999-00,train
1999-08-22_numancia_valladolid,1999-00,train
1999-08-22_oviedo_celta,1999-00,train
1999-08-22_sevilla_sociedad,1999-00,train
1999-08-28_sociedad_ath_madrid,1999-00,train
1999-08-29_alaves_malaga,1999-00,train
1999-08-29_betis_la_coruna,1999-00,train
1999-08-29_celta_sevilla,1999-00,train
1999-08-29_espanol_valencia,1999-00,train
1999-08-29_real_madrid_numancia,1999-00,train
1999-08-29_santander_barcelona,1999-00,train
1999-08-29_valladolid_ath_bilbao,1999-00,train
1999-08-29_vallecano_mallorca,1999-00,train
1999-08-29_zaragoza_oviedo,1999-00,train
1999-09-11_barcelona_espanol,1999-00,train
1999-09-11_la_coruna_valladolid,1999-00,train
1999-09-11_valencia_alaves,1999-00,train
1999-09-12_ath_bilbao_real_madrid,1999-00,train
1999-09-12_ath_madrid_celta,1999-00,train
1999-09-12_malaga_betis,1999-00,train
1999-09-12_mallorca_numancia,1999-00,train
1999-09-12_oviedo_santander,1999-00,train
1999-09-12_sevilla_zaragoza,1999-00,train
1999-09-12_vallecano_sociedad,1999-00,train
1999-09-18_alaves_barcelona,1999-00,train
1999-09-18_betis_valencia,1999-00,train
1999-09-18_espanol_oviedo,1999-00,train
1999-09-18_real_madrid_la_coruna,1999-00,train
1999-09-18_valladolid_malaga,1999-00,train
1999-09-19_celta_vallecano,1999-00,train
1999-09-19_numancia_ath_bilbao,1999-00,train
1999-09-19_santander_sevilla,1999-00,train
1999-09-19_sociedad_mallorca,1999-00,train
1999-09-19_zaragoza_ath_madrid,1999-00,train
1999-09-25_barcelona_betis,1999-00,train
1999-09-25_malaga_real_madrid,1999-00,train
1999-09-25_sociedad_celta,1999-00,train
1999-09-25_valencia_valladolid,1999-00,train
1999-09-26_ath_madrid_santander,1999-00,train
1999-09-26_la_coruna_numancia,1999-00,train
1999-09-26_mallorca_ath_bilbao,1999-00,train
1999-09-26_oviedo_alaves,1999-00,train
1999-09-26_sevilla_espanol,1999-00,train
1999-09-26_vallecano_zaragoza,1999-00,train
1999-10-02_numancia_malaga,1999-00,train
1999-10-02_valladolid_barcelona,1999-00,train
1999-10-03_alaves_sevilla,1999-00,train
1999-10-03_ath_bilbao_la_coruna,1999-00,train
1999-10-03_betis_oviedo,1999-00,train
1999-10-03_celta_mallorca,1999-00,train
1999-10-03_espanol_ath_madrid,1999-00,train
1999-10-03_real_madrid_valencia,1999-00,train
1999-10-03_santander_vallecano,1999-00,train
1999-10-03_zaragoza_sociedad,1999-00,train
1999-10-11_ath_madrid_alaves,1999-00,train
1999-10-12_malaga_ath_bilbao,1999-00,train
1999-10-12_mallorca_la_coruna,1999-00,train
1999-10-12_sevilla_betis,1999-00,train
1999-10-13_barcelona_real_madrid,1999-00,train
1999-10-13_celta_zaragoza,1999-00,train
1999-10-13_oviedo_valladolid,1999-00,train
1999-10-13_sociedad_santander,1999-00,train
1999-10-13_valencia_numancia,1999-00,train
1999-10-13_vallecano_espanol,1999-00,train
1999-10-16_ath_bilbao_valencia,1999-00,train
1999-10-16_la_coruna_malaga,1999-00,train
1999-10-16_numancia_barcelona,1999-00,train
1999-10-16_real_madrid_oviedo,1999-00,train
1999-10-16_santander_celta,1999-00,train
1999-10-17_alaves_vallecano,1999-00,train
1999-10-17_betis_ath_madrid,1999-00,train
1999-10-17_espanol_sociedad,1999-00,train
1999-10-17_valladolid_sevilla,1999-00,train
1999-10-17_zaragoza_mallorca,1999-00,train
1999-10-23_barcelona_ath_bilbao,1999-00,train
1999-10-23_sevilla_real_madrid,1999-00,train
1999-10-23_valencia_la_coruna,1999-00,train
1999-10-24_ath_madrid_valladolid,1999-00,train
1999-10-24_celta_espanol,1999-00,train
1999-10-24_mallorca_malaga,1999-00,train
1999-10-24_oviedo_numancia,1999-00,train
1999-10-24_sociedad_alaves,1999-00,train
1999-10-24_vallecano_betis,1999-00,train
1999-10-24_zaragoza_santander,1999-00,train
1999-10-30_la_coruna_barcelona,1999-00,train
1999-10-30_malaga_valencia,1999-00,train
1999-10-30_real_madrid_ath_madrid,1999-00,train
1999-10-31_alaves_celta,1999-00,train
1999-10-31_ath_bilbao_oviedo,1999-00,train
1999-10-31_betis_sociedad,1999-00,train
1999-10-31_espanol_zaragoza,1999-00,train
1999-10-31_numancia_sevilla,1999-00,train
1999-10-31_santander_mallorca,1999-00,train
1999-10-31_valladolid_vallecano,1999-00,train
1999-11-06_vallecano_real_madrid,1999-00,train
1999-11-07_ath_madrid_numancia,1999-00,train
1999-11-07_barcelona_malaga,1999-00,train
1999-11-07_celta_betis,1999-00,train
1999-11-07_mallorca_valencia,1999-00,train
1999-11-07_oviedo_la_coruna,1999-00,train
1999-11-07_santander_espanol,1999-00,train
1999-11-07_sevilla_ath_bilbao,1999-00,train
1999-11-07_sociedad_valladolid,1999-00,train
1999-11-07_zaragoza_alaves,1999-00,train
1999-11-20_ath_bilbao_ath_madrid,1999-00,train
1999-11-20_valencia_barcelona,1999-00,train
1999-11-21_betis_zaragoza,1999-00,train
1999-11-21_espanol_mallorca,1999-00,train
1999-11-21_malaga_oviedo,1999-00,train
1999-11-21_numancia_vallecano,1999-00,train
1999-11-21_real_madrid_sociedad,1999-00,train
1999-11-21_valladolid_celta,1999-00,train
1999-11-22_la_coruna_sevilla,1999-00,train
1999-11-27_sevilla_malaga,1999-00,train
1999-11-28_ath_madrid_la_coruna,1999-00,train
1999-11-28_celta_real_madrid,1999-00,train
1999-11-28_espanol_alaves,1999-00,train
1999-11-28_mallorca_barcelona,1999-00,train
1999-11-28_oviedo_valencia,1999-00,train
1999-11-28_santander_betis,1999-00,train
1999-11-28_sociedad_numancia,1999-00,train
1999-11-28_vallecano_ath_bilbao,1999-00,train
1999-11-28_zaragoza_valladolid,1999-00,train
1999-12-04_ath_bilbao_sociedad,1999-00,train
1999-12-04_barcelona_oviedo,1999-00,train
1999-12-04_real_madrid_zaragoza,1999-00,train
1999-12-04_valencia_sevilla,1999-00,train
1999-12-05_alaves_mallorca,1999-00,train
1999-12-05_betis_espanol,1999-00,train
1999-12-05_la_coruna_vallecano,1999-00,train
1999-12-05_malaga_ath_madrid,1999-00,train
1999-12-05_numancia_celta,1999-00,train
1999-12-05_valladolid_santander,1999-00,train
1999-12-08_alaves_santander,1999-00,train
1999-12-11_sevilla_barcelona,1999-00,train
1999-12-12_alaves_betis,1999-00,train
1999-12-12_ath_madrid_valencia,1999-00,train
1999-12-12_celta_ath_bilbao,1999-00,train
1999-12-12_espanol_valladolid,1999-00,train
1999-12-12_mallorca_oviedo,1999-00,train
1999-12-12_santander_real_madrid,1999-00,train
1999-12-12_sociedad_la_coruna,1999-00,train
1999-12-12_vallecano_malaga,1999-00,train
1999-12-12_zaragoza_numancia,1999-00,train
1999-12-18_la_coruna_celta,1999-00,train
1999-12-18_real_madrid_espanol,1999-00,train
1999-12-18_valladolid_alaves,1999-00,train
1999-12-19_ath_bilbao_zaragoza,1999-00,train
1999-12-19_barcelona_ath_madrid,1999-00,train
1999-12-19_betis_mallorca,1999-00,train
1999-12-19_malaga_sociedad,1999-00,train
1999-12-19_numancia_santander,1999-00,train
1999-12-19_oviedo_sevilla,1999-00,train
1999-12-19_valencia_vallecano,1999-00,train
1999-12-21_alaves_real_madrid,1999-00,train
1999-12-22_ath_madrid_oviedo,1999-00,train
1999-12-22_betis_valladolid,1999-00,train
1999-12-22_celta_malaga,1999-00,train
1999-12-22_espanol_numancia,1999-00,train
1999-12-22_mallorca_sevilla,1999-00,train
1999-12-22_santander_ath_bilbao,1999-00,train
1999-12-22_sociedad_valencia,1999-00,train
1999-12-22_vallecano_barcelona,1999-00,train
1999-12-22_zaragoza_la_coruna,1999-00,train
2000-01-04_valencia_celta,1999-00,train
2000-01-05_ath_bilbao_espanol,1999-00,train
2000-01-05_barcelona_sociedad,1999-00,train
2000-01-05_la_coruna_santander,1999-00,train
2000-01-05_malaga_zaragoza,1999-00,train
2000-01-05_mallorca_valladolid,1999-00,train
2000-01-05_numancia_alaves,1999-00,train
2000-01-05_oviedo_vallecano,1999-00,train
2000-01-05_sevilla_ath_madrid,1999-00,train
2000-01-08_espanol_la_coruna,1999-00,train
2000-01-09_alaves_ath_bilbao,1999-00,train
2000-01-09_ath_madrid_mallorca,1999-00,train
2000-01-09_betis_numancia,1999-00,train
2000-01-09_celta_barcelona,1999-00,train
2000-01-09_santander_malaga,1999-00,train
2000-01-09_sociedad_oviedo,1999-00,train
2000-01-09_vallecano_sevilla,1999-00,train
2000-01-09_zaragoza_valencia,1999-00,train
2000-01-15_vallecano_ath_madrid,1999-00,train
2000-01-16_alaves_la_coruna,1999-00,train
2000-01-16_betis_ath_bilbao,1999-00,train
2000-01-16_celta_oviedo,1999-00,train
2000-01-16_espanol_malaga,1999-00,train
2000-01-16_santander_valencia,1999-00,train
2000-01-16_sociedad_sevilla,1999-00,train
2000-01-16_valladolid_numancia,1999-00,train
2000-01-16_zaragoza_barcelona,1999-00,train
2000-01-17_real_madrid_mallorca,1999-00,train
2000-01-22_la_coruna_betis,1999-00,train
2000-01-23_ath_bilbao_valladolid,1999-00,train
2000-01-23_ath_madrid_sociedad,1999-00,train
2000-01-23_barcelona_santander,1999-00,train
2000-01-23_malaga_alaves,1999-00,train
2000-01-23_mallorca_vallecano,1999-00,train
2000-01-23_numancia_real_madrid,1999-00,train
2000-01-23_oviedo_zaragoza,1999-00,train
2000-01-23_sevilla_celta,1999-00,train
2000-01-23_valencia_espanol,1999-00,train
2000-01-26_real_madrid_betis,1999-00,train
2000-01-29_celta_ath_madrid,1999-00,train
2000-01-29_espanol_barcelona,1999-00,train
2000-01-30_alaves_valencia,1999-00,train
2000-01-30_betis_malaga,1999-00,train
2000-01-30_numancia_mallorca,1999-00,train
2000-01-30_real_madrid_ath_bilbao,1999-00,train
2000-01-30_santander_oviedo,1999-00,train
2000-01-30_sociedad_vallecano,1999-00,train
2000-01-30_valladolid_la_coruna,1999-00,train
2000-01-30_zaragoza_sevilla,1999-00,train
2000-02-05_valencia_betis,1999-00,train
2000-02-06_ath_bilbao_numancia,1999-00,train
2000-02-06_ath_madrid_zaragoza,1999-00,train
2000-02-06_barcelona_alaves,1999-00,train
2000-02-06_la_coruna_real_madrid,1999-00,train
2000-02-06_malaga_valladolid,1999-00,train
2000-02-06_mallorca_sociedad,1999-00,train
2000-02-06_oviedo_espanol,1999-00,train
2000-02-06_sevilla_santander,1999-00,train
2000-02-06_vallecano_celta,1999-00,train
2000-02-12_ath_bilbao_mallorca,1999-00,train
2000-02-12_real_madrid_malaga,1999-00,train
2000-02-12_valladolid_valencia,1999-00,train
2000-02-13_alaves_oviedo,1999-00,train
2000-02-13_betis_barcelona,1999-00,train
2000-02-13_celta_sociedad,1999-00,train
2000-02-13_espanol_sevilla,1999-00,train
2000-02-13_numancia_la_coruna,1999-00,train
2000-02-13_santander_ath_madrid,1999-00,train
2000-02-13_zaragoza_vallecano,1999-00,train
2000-02-15_valladolid_real_madrid,1999-00,train
2000-02-19_la_coruna_ath_bilbao,1999-00,train
2000-02-20_ath_madrid_espanol,1999-00,train
2000-02-20_barcelona_valladolid,1999-00,train
2000-02-20_malaga_numancia,1999-00,train
2000-02-20_mallorca_celta,1999-00,train
2000-02-20_oviedo_betis,1999-00,train
2000-02-20_sevilla_alaves,1999-00,train
2000-02-20_sociedad_zaragoza,1999-00,train
2000-02-20_valencia_real_madrid,1999-00,train
2000-02-20_vallecano_santander,1999-00,train
2000-02-26_numancia_valencia,1999-00,train
2000-02-26_real_madrid_barcelona,1999-00,train
2000-02-27_alaves_ath_madrid,1999-00,train
2000-02-27_ath_bilbao_malaga,1999-00,train
2000-02-27_betis_sevilla,1999-00,train
2000-02-27_espanol_vallecano,1999-00,train
2000-02-27_la_coruna_mallorca,1999-00,train
2000-02-27_santander_sociedad,1999-00,train
2000-02-27_valladolid_oviedo,1999-00,train
2000-02-27_zaragoza_celta,1999-00,train
2000-03-04_barcelona_numancia,1999-00,train
2000-03-04_oviedo_real_madrid,1999-00,train
2000-03-04_valencia_ath_bilbao,1999-00,train
2000-03-05_ath_madrid_betis,1999-00,train
2000-03-05_celta_santander,1999-00,train
2000-03-05_malaga_la_coruna,1999-00,train
2000-03-05_mallorca_zaragoza,1999-00,train
2000-03-05_sevilla_valladolid,1999-00,train
2000-03-05_sociedad_espanol,1999-00,train
2000-03-05_vallecano_alaves,1999-00,train
2000-03-11_ath_bilbao_barcelona,1999-00,train
2000-03-11_betis_vallecano,1999-00,train
2000-03-11_real_madrid_sevilla,1999-00,train
2000-03-12_alaves_sociedad,1999-00,train
2000-03-12_espanol_celta,1999-00,train
2000-03-12_la_coruna_valencia,1999-00,train
2000-03-12_malaga_mallorca,1999-00,train
2000-03-12_numancia_oviedo,1999-00,train
2000-03-12_santander_zaragoza,1999-00,train
2000-03-12_valladolid_ath_madrid,1999-00,train
2000-03-18_ath_madrid_real_madrid,1999-00,train
2000-03-18_barcelona_la_coruna,1999-00,train
2000-03-18_valencia_malaga,1999-00,train
2000-03-19_celta_alaves,1999-00,train
2000-03-19_mallorca_santander,1999-00,train
2000-03-19_oviedo_ath_bilbao,1999-00,train
2000-03-19_sevilla_numancia,1999-00,train
2000-03-19_sociedad_betis,1999-00,train
2000-03-19_vallecano_valladolid,1999-00,train
2000-03-19_zaragoza_espanol,1999-00,train
2000-03-25_alaves_zaragoza,1999-00,train
2000-03-25_ath_bilbao_sevilla,1999-00,train
2000-03-25_espanol_santander,1999-00,train
2000-03-25_malaga_barcelona,1999-00,train
2000-03-25_numancia_ath_madrid,1999-00,train
2000-03-25_real_madrid_vallecano,1999-00,train
2000-03-25_valencia_mallorca,1999-00,train
2000-03-25_valladolid_sociedad,1999-00,train
2000-03-26_betis_celta,1999-00,train
2000-03-26_la_coruna_oviedo,1999-00,train
2000-04-01_sociedad_real_madrid,1999-00,train
2000-04-02_ath_madrid_ath_bilbao,1999-00,train
2000-04-02_barcelona_valencia,1999-00,train
2000-04-02_celta_valladolid,1999-00,train
2000-04-02_mallorca_espanol,1999-00,train
2000-04-02_oviedo_malaga,1999-00,train
2000-04-02_santander_alaves,1999-00,train
2000-04-02_sevilla_la_coruna,1999-00,train
2000-04-02_vallecano_numancia,1999-00,train
2000-04-02_zaragoza_betis,1999-00,train
2000-04-08_la_coruna_ath_madrid,1999-00,train
2000-04-09_alaves_espanol,1999-00,train
2000-04-09_ath_bilbao_vallecano,1999-00,train
2000-04-09_barcelona_mallorca,1999-00,train
2000-04-09_betis_santander,1999-00,train
2000-04-09_malaga_sevilla,1999-00,train
2000-04-09_numancia_sociedad,1999-00,train
2000-04-09_real_madrid_celta,1999-00,train
2000-04-09_valencia_oviedo,1999-00,train
2000-04-09_valladolid_zaragoza,1999-00,train
2000-04-15_oviedo_barcelona,1999-00,train
2000-04-15_sevilla_valencia,1999-00,train
2000-04-15_zaragoza_real_madrid,1999-00,train
2000-04-16_ath_madrid_malaga,1999-00,train
2000-04-16_celta_numancia,1999-00,train
2000-04-16_espanol_betis,1999-00,train
2000-04-16_mallorca_alaves,1999-00,train
2000-04-16_santander_valladolid,1999-00,train
2000-04-16_sociedad_ath_bilbao,1999-00,train
2000-04-16_vallecano_la_coruna,1999-00,train
2000-04-22_ath_bilbao_celta,1999-00,train
2000-04-22_barcelona_sevilla,1999-00,train
2000-04-22_malaga_vallecano,1999-00,train
2000-04-22_numancia_zaragoza,1999-00,train
2000-04-22_real_madrid_santander,1999-00,train
2000-04-22_valencia_ath_madrid,1999-00,train
2000-04-22_valladolid_espanol,1999-00,train
2000-04-23_betis_alaves,1999-00,train
2000-04-23_la_coruna_sociedad,1999-00,train
2000-04-23_oviedo_mallorca,1999-00,train
2000-04-29_ath_madrid_barcelona,1999-00,train
2000-04-29_espanol_real_madrid,1999-00,train
2000-04-29_vallecano_valencia,1999-00,train
2000-04-30_alaves_valladolid,1999-00,train
2000-04-30_celta_la_coruna,1999-00,train
2000-04-30_mallorca_betis,1999-00,train
2000-04-30_santander_numancia,1999-00,train
2000-04-30_sevilla_oviedo,1999-00,train
2000-04-30_sociedad_malaga,1999-00,train
2000-04-30_zaragoza_ath_bilbao,1999-00,train
2000-05-06_barcelona_vallecano,1999-00,train
2000-05-06_numancia_espanol,1999-00,train
2000-05-06_real_madrid_alaves,1999-00,train
2000-05-06_valencia_sociedad,1999-00,train
2000-05-07_ath_bilbao_santander,1999-00,train
2000-05-07_la_coruna_zaragoza,1999-00,train
2000-05-07_malaga_celta,1999-00,train
2000-05-07_oviedo_ath_madrid,1999-00,train
2000-05-07_sevilla_mallorca,1999-00,train
2000-05-07_valladolid_betis,1999-00,train
2000-05-13_ath_madrid_sevilla,1999-00,train
2000-05-14_alaves_numancia,1999-00,train
2000-05-14_betis_real_madrid,1999-00,train
2000-05-14_celta_valencia,1999-00,train
2000-05-14_espanol_ath_bilbao,1999-00,train
2000-05-14_santander_la_coruna,1999-00,train
2000-05-14_sociedad_barcelona,1999-00,train
2000-05-14_valladolid_mallorca,1999-00,train
2000-05-14_vallecano_oviedo,1999-00,train
2000-05-14_zaragoza_malaga,1999-00,train
2000-05-19_ath_bilbao_alaves,1999-00,train
2000-05-19_barcelona_celta,1999-00,train
2000-05-19_la_coruna_espanol,1999-00,train
2000-05-19_mallorca_ath_madrid,1999-00,train
2000-05-19_real_madrid_valladolid,1999-00,train
2000-05-19_sevilla_vallecano,1999-00,train
2000-05-19_valencia_zaragoza,1999-00,train
2000-05-20_malaga_santander,1999-00,train
2000-05-20_numancia_betis,1999-00,train
2000-05-20_oviedo_sociedad,1999-00,train
2000-09-09_barcelona_malaga,2000-01,train
2000-09-09_la_coruna_ath_bilbao,2000-01,train
2000-09-09_real_madrid_valencia,2000-01,train
2000-09-09_sociedad_santander,2000-01,train
2000-09-09_zaragoza_espanol,2000-01,train
2000-09-10_las_palmas_alaves,2000-01,train
2000-09-10_mallorca_valladolid,2000-01,train
2000-09-10_numancia_oviedo,2000-01,train
2000-09-10_osasuna_celta,2000-01,train
2000-09-10_villarreal_vallecano,2000-01,train
2000-09-16_ath_bilbao_barcelona,2000-01,train
2000-09-16_malaga_real_madrid,2000-01,train
2000-09-16_santander_la_coruna,2000-01,train
2000-09-16_valencia_mallorca,2000-01,train
2000-09-16_valladolid_numancia,2000-01,train
2000-09-17_alaves_villarreal,2000-01,train
2000-09-17_celta_sociedad,2000-01,train
2000-09-17_espanol_osasuna,2000-01,train
2000-09-17_oviedo_las_palmas,2000-01,train
2000-09-17_vallecano_zaragoza,2000-01,train
2000-09-23_barcelona_santander,2000-01,train
2000-09-23_las_palmas_valladolid,2000-01,train
2000-09-23_real_madrid_ath_bilbao,2000-01,train
2000-09-23_sociedad_la_coruna,2000-01,train
2000-09-23_zaragoza_alaves,2000-01,train
2000-09-24_celta_espanol,2000-01,train
2000-09-24_mallorca_malaga,2000-01,train
2000-09-24_numancia_valencia,2000-01,train
2000-09-24_osasuna_vallecano,2000-01,train
2000-09-24_villarreal_oviedo,2000-01,train
2000-09-30_santander_real_madrid,2000-01,train
2000-10-01_alaves_osasuna,2000-01,train
2000-10-01_ath_bilbao_mallorca,2000-01,train
2000-10-01_la_coruna_barcelona,2000-01,train
2000-10-01_malaga_numancia,2000-01,train
2000-10-01_oviedo_zaragoza,2000-01,train
2000-10-01_valencia_las_palmas,2000-01,train
2000-10-01_valladolid_villarreal,2000-01,train
2000-10-01_vallecano_celta,2000-01,train
2000-10-14_espanol_vallecano,2000-01,train
2000-10-14_las_palmas_malaga,2000-01,train
2000-10-14_real_madrid_la_coruna,2000-01,train
2000-10-14_sociedad_barcelona,2000-01,train
2000-10-14_villarreal_valencia,2000-01,train
2000-10-15_celta_alaves,2000-01,train
2000-10-15_mallorca_santander,2000-01,train
2000-10-15_numancia_ath_bilbao,2000-01,train
2000-10-15_osasuna_oviedo,2000-01,train
2000-10-15_zaragoza_valladolid,2000-01,train
2000-10-18_espanol_sociedad,2000-01,train
2000-10-21_barcelona_real_madrid,2000-01,train
2000-10-21_la_coruna_mallorca,2000-01,train
2000-10-21_valencia_zaragoza,2000-01,train
2000-10-22_alaves_espanol,2000-01,train
2000-10-22_ath_bilbao_las_palmas,2000-01,train
2000-10-22_malaga_villarreal,2000-01,train
2000-10-22_oviedo_celta,2000-01,train
2000-10-22_santander_numancia,2000-01,train
2000-10-22_valladolid_osasuna,2000-01,train
2000-10-22_vallecano_sociedad,2000-01,train
2000-10-28_las_palmas_santander,2000-01,train
2000-10-28_mallorca_barcelona,2000-01,train
2000-10-28_numancia_la_coruna,2000-01,train
2000-10-28_villarreal_ath_bilbao,2000-01,train
2000-10-28_zaragoza_malaga,2000-01,train
2000-10-29_celta_valladolid,2000-01,train
2000-10-29_espanol_oviedo,2000-01,train
2000-10-29_osasuna_valencia,2000-01,train
2000-10-29_sociedad_real_madrid,2000-01,train
2000-10-29_vallecano_alaves,2000-01,train
2000-10-31_la_coruna_las_palmas,2000-01,train
2000-11-01_alaves_sociedad,2000-01,train
2000-11-01_ath_bilbao_zaragoza,2000-01,train
2000-11-01_barcelona_numancia,2000-01,train
2000-11-01_malaga_osasuna,2000-01,train
2000-11-01_oviedo_vallecano,2000-01,train
2000-11-01_real_madrid_mallorca,2000-01,train
2000-11-01_santander_villarreal,2000-01,train
2000-11-01_valencia_celta,2000-01,train
2000-11-01_valladolid_espanol,2000-01,train
2000-11-04_celta_malaga,2000-01,train
2000-11-04_espanol_valencia,2000-01,train
2000-11-04_las_palmas_barcelona,2000-01,train
2000-11-04_numancia_real_madrid,2000-01,train
2000-11-04_villarreal_la_coruna,2000-01,train
2000-11-05_alaves_oviedo,2000-01,train
2000-11-05_osasuna_ath_bilbao,2000-01,train
2000-11-05_sociedad_mallorca,2000-01,train
2000-11-05_vallecano_valladolid,2000-01,train
2000-11-05_zaragoza_santander,2000-01,train
2000-11-11_la_coruna_zaragoza,2000-01,train
2000-11-12_ath_bilbao_celta,2000-01,train
2000-11-12_barcelona_villarreal,2000-01,train
2000-11-12_malaga_espanol,2000-01,train
2000-11-12_mallorca_numancia,2000-01,train
2000-11-12_oviedo_sociedad,2000-01,train
2000-11-12_real_madrid_las_palmas,2000-01,train
2000-11-12_santander_osasuna,2000-01,train
2000-11-12_valencia_vallecano,2000-01,train
2000-11-12_valladolid_alaves,2000-01,train
2000-11-18_alaves_valencia,2000-01,train
2000-11-18_las_palmas_mallorca,2000-01,train
2000-11-18_osasuna_la_coruna,2000-01,train
2000-11-18_villarreal_real_madrid,2000-01,train
2000-11-19_celta_santander,2000-01,train
2000-11-19_espanol_ath_bilbao,2000-01,train
2000-11-19_oviedo_valladolid,2000-01,train
2000-11-19_sociedad_numancia,2000-01,train
2000-11-19_vallecano_malaga,2000-01,train
2000-11-19_zaragoza_barcelona,2000-01,train
2000-11-25_mallorca_villarreal,2000-01,train
2000-11-26_ath_bilbao_vallecano,2000-01,train
2000-11-26_barcelona_osasuna,2000-01,train
2000-11-26_la_coruna_celta,2000-01,train
2000-11-26_malaga_alaves,2000-01,train
2000-11-26_numancia_las_palmas,2000-01,train
2000-11-26_santander_espanol,2000-01,train
2000-11-26_valencia_oviedo,2000-01,train
2000-11-26_valladolid_sociedad,2000-01,train
2000-12-02_celta_barcelona,2000-01,train
2000-12-02_espanol_la_coruna,2000-01,train
2000-12-02_osasuna_real_madrid,2000-01,train
2000-12-02_valladolid_valencia,2000-01,train
2000-12-02_vallecano_santander,2000-01,train
2000-12-03_alaves_ath_bilbao,2000-01,train
2000-12-03_oviedo_malaga,2000-01,train
2000-12-03_sociedad_las_palmas,2000-01,train
2000-12-03_villarreal_numancia,2000-01,train
2000-12-03_zaragoza_mallorca,2000-01,train
2000-12-09_las_palmas_villarreal,2000-01,train
2000-12-09_numancia_zaragoza,2000-01,train
2000-12-09_valencia_sociedad,2000-01,train
2000-12-10_ath_bilbao_oviedo,2000-01,train
2000-12-10_barcelona_espanol,2000-01,train
2000-12-10_la_coruna_vallecano,2000-01,train
2000-12-10_malaga_valladolid,2000-01,train
2000-12-10_mallorca_osasuna,2000-01,train
2000-12-10_real_madrid_celta,2000-01,train
2000-12-10_santander_alaves,2000-01,train
2000-12-16_alaves_la_coruna,2000-01,train
2000-12-16_espanol_real_madrid,2000-01,train
2000-12-16_sociedad_villarreal,2000-01,train
2000-12-16_vallecano_barcelona,2000-01,train
2000-12-16_zaragoza_las_palmas,2000-01,train
2000-12-17_celta_mallorca,2000-01,train
2000-12-17_osasuna_numancia,2000-01,train
2000-12-17_oviedo_santander,2000-01,train
2000-12-17_valencia_malaga,2000-01,train
2000-12-17_valladolid_ath_bilbao,2000-01,train
2000-12-19_real_madrid_vallecano,2000-01,train
2000-12-20_ath_bilbao_valencia,2000-01,train
2000-12-20_barcelona_alaves,2000-01,train
2000-12-20_la_coruna_oviedo,2000-01,train
2000-12-20_las_palmas_osasuna,2000-01,train
2000-12-20_malaga_sociedad,2000-01,train
2000-12-20_mallorca_espanol,2000-01,train
2000-12-20_numancia_celta,2000-01,train
2000-12-20_santander_valladolid,2000-01,train
2000-12-20_villarreal_zaragoza,2000-01,train
2001-01-06_malaga_ath_bilbao,2000-01,train
2001-01-07_alaves_real_madrid,2000-01,train
2001-01-07_celta_las_palmas,2000-01,train
2001-01-07_espanol_numancia,2000-01,train
2001-01-07_osasuna_villarreal,2000-01,train
2001-01-07_oviedo_barcelona,2000-01,train
2001-01-07_sociedad_zaragoza,2000-01,train
2001-01-07_valencia_santander,2000-01,train
2001-01-07_valladolid_la_coruna,2000-01,train
2001-01-07_vallecano_mallorca,2000-01,train
2001-01-13_barcelona_valladolid,2000-01,train
2001-01-13_la_coruna_valencia,2000-01,train
2001-01-14_las_palmas_espanol,2000-01,train
2001-01-14_mallorca_alaves,2000-01,train
2001-01-14_numancia_vallecano,2000-01,train
2001-01-14_real_madrid_oviedo,2000-01,train
2001-01-14_santander_malaga,2000-01,train
2001-01-14_sociedad_ath_bilbao,2000-01,train
2001-01-14_villarreal_celta,2000-01,train
2001-01-14_zaragoza_osasuna,2000-01,train
2001-01-20_valencia_barcelona,2000-01,train
2001-01-21_alaves_numancia,2000-01,train
2001-01-21_ath_bilbao_santander,2000-01,train
2001-01-21_celta_zaragoza,2000-01,train
2001-01-21_espanol_villarreal,2000-01,train
2001-01-21_malaga_la_coruna,2000-01,train
2001-01-21_osasuna_sociedad,2000-01,train
2001-01-21_oviedo_mallorca,2000-01,train
2001-01-21_valladolid_real_madrid,2000-01,train
2001-01-21_vallecano_las_palmas,2000-01,train
2001-01-24_real_madrid_zaragoza,2000-01,train
2001-01-27_ath_bilbao_la_coruna,2000-01,train
2001-01-27_espanol_zaragoza,2000-01,train
2001-01-27_malaga_barcelona,2000-01,train
2001-01-28_alaves_las_palmas,2000-01,train
2001-01-28_celta_osasuna,2000-01,train
2001-01-28_oviedo_numancia,2000-01,train
2001-01-28_santander_sociedad,2000-01,train
2001-01-28_valencia_real_madrid,2000-01,train
2001-01-28_valladolid_mallorca,2000-01,train
2001-01-28_vallecano_villarreal,2000-01,train
2001-02-03_barcelona_ath_bilbao,2000-01,train
2001-02-04_la_coruna_santander,2000-01,train
2001-02-04_las_palmas_oviedo,2000-01,train
2001-02-04_mallorca_valencia,2000-01,train
2001-02-04_numancia_valladolid,2000-01,train
2001-02-04_osasuna_espanol,2000-01,train
2001-02-04_real_madrid_malaga,2000-01,train
2001-02-04_sociedad_celta,2000-01,train
2001-02-04_villarreal_alaves,2000-01,train
2001-02-04_zaragoza_vallecano,2000-01,train
2001-02-10_ath_bilbao_real_madrid,2000-01,train
2001-02-10_espanol_celta,2000-01,train
2001-02-10_la_coruna_sociedad,2000-01,train
2001-02-10_valencia_numancia,2000-01,train
2001-02-10_vallecano_osasuna,2000-01,train
2001-02-11_alaves_zaragoza,2000-01,train
2001-02-11_malaga_mallorca,2000-01,train
2001-02-11_oviedo_villarreal,2000-01,train
2001-02-11_santander_barcelona,2000-01,train
2001-02-11_valladolid_las_palmas,2000-01,train
2001-02-17_barcelona_la_coruna,2000-01,train
2001-02-17_las_palmas_valencia,2000-01,train
2001-02-17_real_madrid_santander,2000-01,train
2001-02-18_celta_vallecano,2000-01,train
2001-02-18_mallorca_ath_bilbao,2000-01,train
2001-02-18_numancia_malaga,2000-01,train
2001-02-18_osasuna_alaves,2000-01,train
2001-02-18_sociedad_espanol,2000-01,train
2001-02-18_villarreal_valladolid,2000-01,train
2001-02-18_zaragoza_oviedo,2000-01,train
2001-02-24_la_coruna_real_madrid,2000-01,train
2001-02-25_alaves_celta,2000-01,train
2001-02-25_ath_bilbao_numancia,2000-01,train
2001-02-25_barcelona_sociedad,2000-01,train
2001-02-25_malaga_las_palmas,2000-01,train
2001-02-25_oviedo_osasuna,2000-01,train
2001-02-25_santander_mallorca,2000-01,train
2001-02-25_valencia_villarreal,2000-01,train
2001-02-25_valladolid_zaragoza,2000-01,train
2001-02-25_vallecano_espanol,2000-01,train
2001-03-03_mallorca_la_coruna,2000-01,train
2001-03-03_real_madrid_barcelona,2000-01,train
2001-03-03_sociedad_vallecano,2000-01,train
2001-03-03_zaragoza_valencia,2000-01,train
2001-03-04_celta_oviedo,2000-01,train
2001-03-04_espanol_alaves,2000-01,train
2001-03-04_las_palmas_ath_bilbao,2000-01,train
2001-03-04_numancia_santander,2000-01,train
2001-03-04_osasuna_valladolid,2000-01,train
2001-03-04_villarreal_malaga,2000-01,train
2001-03-10_ath_bilbao_villarreal,2000-01,train
2001-03-10_la_coruna_numancia,2000-01,train
2001-03-10_valencia_osasuna,2000-01,train
2001-03-11_alaves_vallecano,2000-01,train
2001-03-11_barcelona_mallorca,2000-01,train
2001-03-11_malaga_zaragoza,2000-01,train
2001-03-11_oviedo_espanol,2000-01,train
2001-03-11_real_madrid_sociedad,2000-01,train
2001-03-11_santander_las_palmas,2000-01,train
2001-03-11_valladolid_celta,2000-01,train
2001-03-17_las_palmas_la_coruna,2000-01,train
2001-03-18_celta_valencia,2000-01,train
2001-03-18_espanol_valladolid,2000-01,train
2001-03-18_mallorca_real_madrid,2000-01,train
2001-03-18_numancia_barcelona,2000-01,train
2001-03-18_osasuna_malaga,2000-01,train
2001-03-18_sociedad_alaves,2000-01,train
2001-03-18_vallecano_oviedo,2000-01,train
2001-03-18_villarreal_santander,2000-01,train
2001-03-18_zaragoza_ath_bilbao,2000-01,train
2001-03-31_la_coruna_villarreal,2000-01,train
2001-03-31_malaga_celta,2000-01,train
2001-03-31_real_madrid_numancia,2000-01,train
2001-03-31_valencia_espanol,2000-01,train
2001-04-01_ath_bilbao_osasuna,2000-01,train
2001-04-01_barcelona_las_palmas,2000-01,train
2001-04-01_mallorca_sociedad,2000-01,train
2001-04-01_oviedo_alaves,2000-01,train
2001-04-01_santander_zaragoza,2000-01,train
2001-04-01_valladolid_vallecano,2000-01,train
2001-04-07_vallecano_valencia,2000-01,train
2001-04-08_alaves_valladolid,2000-01,train
2001-04-08_celta_ath_bilbao,2000-01,train
2001-04-08_espanol_malaga,2000-01,train
2001-04-08_las_palmas_real_madrid,2000-01,train
2001-04-08_numancia_mallorca,2000-01,train
2001-04-08_osasuna_santander,2000-01,train
2001-04-08_sociedad_oviedo,2000-01,train
2001-04-08_villarreal_barcelona,2000-01,train
2001-04-08_zaragoza_la_coruna,2000-01,train
2001-04-14_barcelona_zaragoza,2000-01,train
2001-04-14_la_coruna_osasuna,2000-01,train
2001-04-14_real_madrid_villarreal,2000-01,train
2001-04-14_valencia_alaves,2000-01,train
2001-04-15_ath_bilbao_espanol,2000-01,train
2001-04-15_malaga_vallecano,2000-01,train
2001-04-15_mallorca_las_palmas,2000-01,train
2001-04-15_numancia_sociedad,2000-01,train
2001-04-15_santander_celta,2000-01,train
2001-04-15_valladolid_oviedo,2000-01,train
2001-04-21_celta_la_coruna,2000-01,train
2001-04-22_alaves_malaga,2000-01,train
2001-04-22_espanol_santander,2000-01,train
2001-04-22_las_palmas_numancia,2000-01,train
2001-04-22_osasuna_barcelona,2000-01,train
2001-04-22_oviedo_valencia,2000-01,train
2001-04-22_sociedad_valladolid,2000-01,train
2001-04-22_vallecano_ath_bilbao,2000-01,train
2001-04-22_villarreal_mallorca,2000-01,train
2001-04-22_zaragoza_real_madrid,2000-01,train
2001-04-28_real_madrid_osasuna,2000-01,train
2001-04-28_valencia_valladolid,2000-01,train
2001-04-29_ath_bilbao_alaves,2000-01,train
2001-04-29_barcelona_celta,2000-01,train
2001-04-29_la_coruna_espanol,2000-01,train
2001-04-29_las_palmas_sociedad,2000-01,train
2001-04-29_malaga_oviedo,2000-01,train
2001-04-29_mallorca_zaragoza,2000-01,train
2001-04-29_numancia_villarreal,2000-01,train
2001-04-29_santander_vallecano,2000-01,train
2001-05-05_celta_real_madrid,2000-01,train
2001-05-05_espanol_barcelona,2000-01,train
2001-05-05_sociedad_valencia,2000-01,train
2001-05-06_alaves_santander,2000-01,train
2001-05-06_osasuna_mallorca,2000-01,train
2001-05-06_oviedo_ath_bilbao,2000-01,train
2001-05-06_valladolid_malaga,2000-01,train
2001-05-06_vallecano_la_coruna,2000-01,train
2001-05-06_villarreal_las_palmas,2000-01,train
2001-05-06_zaragoza_numancia,2000-01,train
2001-05-11_la_coruna_alaves,2000-01,train
2001-05-12_villarreal_sociedad,2000-01,train
2001-05-13_ath_bilbao_valladolid,2000-01,train
2001-05-13_barcelona_vallecano,2000-01,train
2001-05-13_las_palmas_zaragoza,2000-01,train
2001-05-13_malaga_valencia,2000-01,train
2001-05-13_mallorca_celta,2000-01,train
2001-05-13_numancia_osasuna,2000-01,train
2001-05-13_real_madrid_espanol,2000-01,train
2001-05-13_santander_oviedo,2000-01,train
2001-05-18_valencia_ath_bilbao,2000-01,train
2001-05-19_alaves_barcelona,2000-01,train
2001-05-20_celta_numancia,2000-01,train
2001-05-20_espanol_mallorca,2000-01,train
2001-05-20_osasuna_las_palmas,2000-01,train
2001-05-20_oviedo_la_coruna,2000-01,train
2001-05-20_sociedad_malaga,2000-01,train
2001-05-20_valladolid_santander,2000-01,train
2001-05-20_vallecano_real_madrid,2000-01,train
2001-05-20_zaragoza_villarreal,2000-01,train
2001-05-26_las_palmas_celta,2000-01,train
2001-05-26_real_madrid_alaves,2000-01,train
2001-05-27_ath_bilbao_malaga,2000-01,train
2001-05-27_barcelona_oviedo,2000-01,train
2001-05-27_la_coruna_valladolid,2000-01,train
2001-05-27_mallorca_vallecano,2000-01,train
2001-05-27_numancia_espanol,2000-01,train
2001-05-27_santander_valencia,2000-01,train
2001-05-27_villarreal_osasuna,2000-01,train
2001-05-27_zaragoza_sociedad,2000-01,train
2001-06-10_alaves_mallorca,2000-01,train
2001-06-10_ath_bilbao_sociedad,2000-01,train
2001-06-10_celta_villarreal,2000-01,train
2001-06-10_espanol_las_palmas,2000-01,train
2001-06-10_malaga_santander,2000-01,train
2001-06-10_osasuna_zaragoza,2000-01,train
2001-06-10_oviedo_real_madrid,2000-01,train
2001-06-10_valencia_la_coruna,2000-01,train
2001-06-10_valladolid_barcelona,2000-01,train
2001-06-10_vallecano_numancia,2000-01,train
2001-06-16_las_palmas_vallecano,2000-01,train
2001-06-16_numancia_alaves,2000-01,train
2001-06-16_santander_ath_bilbao,2000-01,train
2001-06-16_villarreal_espanol,2000-01,train
2001-06-17_barcelona_valencia,2000-01,train
2001-06-17_la_coruna_malaga,2000-01,train
2001-06-17_mallorca_oviedo,2000-01,train
2001-06-17_real_madrid_valladolid,2000-01,train
2001-06-17_sociedad_osasuna,2000-01,train
2001-06-17_zaragoza_celta,2000-01,train
2001-08-25_valencia_real_madrid,2001-02,train
2001-08-26_espanol_zaragoza,2001-02,train
2001-08-26_la_coruna_valladolid,2001-02,train
2001-08-26_malaga_betis,2001-02,train
2001-08-26_mallorca_las_palmas,2001-02,train
2001-08-26_osasuna_celta,2001-02,train
2001-08-26_sevilla_barcelona,2001-02,train
2001-08-26_sociedad_ath_bilbao,2001-02,train
2001-08-26_tenerife_alaves,2001-02,train
2001-08-26_vallecano_villarreal,2001-02,train
2001-09-08_ath_bilbao_mallorca,2001-02,train
2001-09-08_las_palmas_la_coruna,2001-02,train
2001-09-08_real_madrid_malaga,2001-02,train
2001-09-08_villarreal_osasuna,2001-02,train
2001-09-09_alaves_sociedad,2001-02,train
2001-09-09_barcelona_vallecano,2001-02,train
2001-09-09_betis_espanol,2001-02,train
2001-09-09_celta_tenerife,2001-02,train
2001-09-09_valladolid_valencia,2001-02,train
2001-09-09_zaragoza_sevilla,2001-02,train
2001-09-15_betis_real_madrid,2001-02,train
2001-09-15_la_coruna_ath_bilbao,2001-02,train
2001-09-15_mallorca_alaves,2001-02,train
2001-09-15_osasuna_barcelona,2001-02,train
2001-09-16_espanol_sevilla,2001-02,train
2001-09-16_malaga_valladolid,2001-02,train
2001-09-16_sociedad_celta,2001-02,train
2001-09-16_tenerife_villarreal,2001-02,train
2001-09-16_valencia_las_palmas,2001-02,train
2001-09-16_vallecano_zaragoza,2001-02,train
2001-09-22_alaves_la_coruna,2001-02,train
2001-09-22_barcelona_tenerife,2001-02,train
2001-09-22_las_palmas_malaga,2001-02,train
2001-09-22_real_madrid_espanol,2001-02,train
2001-09-22_villarreal_sociedad,2001-02,train
2001-09-23_ath_bilbao_valencia,2001-02,train
2001-09-23_celta_mallorca,2001-02,train
2001-09-23_sevilla_vallecano,2001-02,train
2001-09-23_valladolid_betis,2001-02,train
2001-09-23_zaragoza_osasuna,2001-02,train
2001-09-29_espanol_vallecano,2001-02,train
2001-09-29_malaga_ath_bilbao,2001-02,train
2001-09-29_real_madrid_valladolid,2001-02,train
2001-09-29_sociedad_barcelona,2001-02,train
2001-09-30_betis_las_palmas,2001-02,train
2001-09-30_la_coruna_celta,2001-02,train
2001-09-30_mallorca_villarreal,2001-02,train
2001-09-30_osasuna_sevilla,2001-02,train
2001-09-30_tenerife_zaragoza,2001-02,train
2001-09-30_valencia_alaves,2001-02,train
2001-10-03_alaves_malaga,2001-02,train
2001-10-03_ath_bilbao_betis,2001-02,train
2001-10-03_barcelona_mallorca,2001-02,train
2001-10-03_las_palmas_real_madrid,2001-02,train
2001-10-03_sevilla_tenerife,2001-02,train
2001-10-03_valladolid_espanol,2001-02,train
2001-10-03_vallecano_osasuna,2001-02,train
2001-10-03_villarreal_la_coruna,2001-02,train
2001-10-03_zaragoza_sociedad,2001-02,train
2001-10-04_celta_valencia,2001-02,train
2001-10-06_la_coruna_barcelona,2001-02,train
2001-10-06_real_madrid_ath_bilbao,2001-02,train
2001-10-07_betis_alaves,2001-02,train
2001-10-07_espanol_osasuna,2001-02,train
2001-10-07_malaga_celta,2001-02,train
2001-10-07_mallorca_zaragoza,2001-02,train
2001-10-07_sociedad_sevilla,2001-02,train
2001-10-07_tenerife_vallecano,2001-02,train
2001-10-07_valencia_villarreal,2001-02,train
2001-10-07_valladolid_las_palmas,2001-02,train
2001-10-13_alaves_real_madrid,2001-02,train
2001-10-13_sevilla_mallorca,2001-02,train
2001-10-13_zaragoza_la_coruna,2001-02,train
2001-10-14_ath_bilbao_valladolid,2001-02,train
2001-10-14_barcelona_valencia,2001-02,train
2001-10-14_celta_betis,2001-02,train
2001-10-14_las_palmas_espanol,2001-02,train
2001-10-14_osasuna_tenerife,2001-02,train
2001-10-14_vallecano_sociedad,2001-02,train
2001-10-14_villarreal_malaga,2001-02,train
2001-10-20_betis_villarreal,2001-02,train
2001-10-20_la_coruna_sevilla,2001-02,train
2001-10-20_las_palmas_ath_bilbao,2001-02,train
2001-10-20_malaga_barcelona,2001-02,train
2001-10-20_sociedad_osasuna,2001-02,train
2001-10-21_espanol_tenerife,2001-02,train
2001-10-21_mallorca_vallecano,2001-02,train
2001-10-21_real_madrid_celta,2001-02,train
2001-10-21_valencia_zaragoza,2001-02,train
2001-10-21_valladolid_alaves,2001-02,train
2001-10-27_barcelona_betis,2001-02,train
2001-10-27_osasuna_mallorca,2001-02,train
2001-10-27_tenerife_sociedad,2001-02,train
2001-10-27_vallecano_la_coruna,2001-02,train
2001-10-27_villarreal_real_madrid,2001-02,train
2001-10-28_alaves_las_palmas,2001-02,train
2001-10-28_ath_bilbao_espanol,2001-02,train
2001-10-28_celta_valladolid,2001-02,train
2001-10-28_sevilla_valencia,2001-02,train
2001-10-28_zaragoza_malaga,2001-02,train
2001-11-03_ath_bilbao_alaves,2001-02,train
2001-11-04_betis_zaragoza,2001-02,train
2001-11-04_espanol_sociedad,2001-02,train
2001-11-04_la_coruna_osasuna,2001-02,train
2001-11-04_las_palmas_celta,2001-02,train
2001-11-04_malaga_sevilla,2001-02,train
2001-11-04_mallorca_tenerife,2001-02,train
2001-11-04_real_madrid_barcelona,2001-02,train
2001-11-04_valencia_vallecano,2001-02,train
2001-11-04_valladolid_villarreal,2001-02,train
2001-11-10_sevilla_betis,2001-02,train
2001-11-11_alaves_espanol,2001-02,train
2001-11-11_barcelona_valladolid,2001-02,train
2001-11-11_celta_ath_bilbao,2001-02,train
2001-11-11_osasuna_valencia,2001-02,train
2001-11-11_sociedad_mallorca,2001-02,train
2001-11-11_tenerife_la_coruna,2001-02,train
2001-11-11_vallecano_malaga,2001-02,train
2001-11-11_villarreal_las_palmas,2001-02,train
2001-11-11_zaragoza_real_madrid,2001-02,train
2001-11-17_la_coruna_sociedad,2001-02,train
2001-11-17_las_palmas_barcelona,2001-02,train
2001-11-17_real_madrid_sevilla,2001-02,train
2001-11-18_alaves_celta,2001-02,train
2001-11-18_ath_bilbao_villarreal,2001-02,train
2001-11-18_betis_vallecano,2001-02,train
2001-11-18_espanol_mallorca,2001-02,train
2001-11-18_malaga_osasuna,2001-02,train
2001-11-18_valencia_tenerife,2001-02,train
2001-11-18_valladolid_zaragoza,2001-02,train
2001-11-24_barcelona_ath_bilbao,2001-02,train
2001-11-25_celta_espanol,2001-02,train
2001-11-25_mallorca_la_coruna,2001-02,train
2001-11-25_osasuna_betis,2001-02,train
2001-11-25_sevilla_valladolid,2001-02,train
2001-11-25_sociedad_valencia,2001-02,train
2001-11-25_tenerife_malaga,2001-02,train
2001-11-25_vallecano_real_madrid,2001-02,train
2001-11-25_villarreal_alaves,2001-02,train
2001-11-25_zaragoza_las_palmas,2001-02,train
2001-12-01_alaves_barcelona,2001-02,train
2001-12-01_espanol_la_coruna,2001-02,train
2001-12-01_real_madrid_osasuna,2001-02,train
2001-12-01_valencia_mallorca,2001-02,train
2001-12-02_ath_bilbao_zaragoza,2001-02,train
2001-12-02_betis_tenerife,2001-02,train
2001-12-02_celta_villarreal,2001-02,train
2001-12-02_las_palmas_sevilla,2001-02,train
2001-12-02_malaga_sociedad,2001-02,train
2001-12-02_valladolid_vallecano,2001-02,train
2001-12-08_sevilla_ath_bilbao,2001-02,train
2001-12-08_tenerife_real_madrid,2001-02,train
2001-12-09_barcelona_celta,2001-02,train
2001-12-09_la_coruna_valencia,2001-02,train
2001-12-09_mallorca_malaga,2001-02,train
2001-12-09_osasuna_valladolid,2001-02,train
2001-12-09_sociedad_betis,2001-02,train
2001-12-09_vallecano_las_palmas,2001-02,train
2001-12-09_villarreal_espanol,2001-02,train
2001-12-09_zaragoza_alaves,2001-02,train
2001-12-15_espanol_valencia,2001-02,train
2001-12-15_las_palmas_osasuna,2001-02,train
2001-12-15_real_madrid_sociedad,2001-02,train
2001-12-16_alaves_sevilla,2001-02,train
2001-12-16_ath_bilbao_vallecano,2001-02,train
2001-12-16_betis_mallorca,2001-02,train
2001-12-16_celta_zaragoza,2001-02,train
2001-12-16_malaga_la_coruna,2001-02,train
2001-12-16_valladolid_tenerife,2001-02,train
2001-12-16_villarreal_barcelona,2001-02,train
2001-12-22_espanol_barcelona,2001-02,train
2001-12-22_la_coruna_betis,2001-02,train
2001-12-22_sevilla_celta,2001-02,train
2001-12-22_sociedad_valladolid,2001-02,train
2001-12-22_tenerife_las_palmas,2001-02,train
2001-12-22_valencia_malaga,2001-02,train
2001-12-23_mallorca_real_madrid,2001-02,train
2001-12-23_osasuna_ath_bilbao,2001-02,train
2001-12-23_zaragoza_villarreal,2001-02,train
2002-01-05_celta_vallecano,2001-02,train
2002-01-05_las_palmas_sociedad,2001-02,train
2002-01-05_real_madrid_la_coruna,2001-02,train
2002-01-05_villarreal_sevilla,2001-02,train
2002-01-06_alaves_osasuna,2001-02,train
2002-01-06_ath_bilbao_tenerife,2001-02,train
2002-01-06_barcelona_zaragoza,2001-02,train
2002-01-06_betis_valencia,2001-02,train
2002-01-06_malaga_espanol,2001-02,train
2002-01-06_valladolid_mallorca,2001-02,train
2002-01-12_ath_bilbao_sociedad,2001-02,train
2002-01-12_villarreal_vallecano,2001-02,train
2002-01-13_alaves_tenerife,2001-02,train
2002-01-13_barcelona_sevilla,2001-02,train
2002-01-13_betis_malaga,2001-02,train
2002-01-13_celta_osasuna,2001-02,train
2002-01-13_las_palmas_mallorca,2001-02,train
2002-01-13_real_madrid_valencia,2001-02,train
2002-01-13_valladolid_la_coruna,2001-02,train
2002-01-13_zaragoza_espanol,2001-02,train
2002-01-19_malaga_real_madrid,2001-02,train
2002-01-19_sociedad_alaves,2001-02,train
2002-01-20_espanol_betis,2001-02,train
2002-01-20_la_coruna_las_palmas,2001-02,train
2002-01-20_mallorca_ath_bilbao,2001-02,train
2002-01-20_osasuna_villarreal,2001-02,train
2002-01-20_sevilla_zaragoza,2001-02,train
2002-01-20_tenerife_celta,2001-02,train
2002-01-20_valencia_valladolid,2001-02,train
2002-01-20_vallecano_barcelona,2001-02,train
2002-01-23_vallecano_alaves,2001-02,train
2002-01-26_celta_sociedad,2001-02,train
2002-01-26_las_palmas_valencia,2001-02,train
2002-01-27_alaves_mallorca,2001-02,train
2002-01-27_ath_bilbao_la_coruna,2001-02,train
2002-01-27_barcelona_osasuna,2001-02,train
2002-01-27_real_madrid_betis,2001-02,train
2002-01-27_sevilla_espanol,2001-02,train
2002-01-27_valladolid_malaga,2001-02,train
2002-01-27_villarreal_tenerife,2001-02,train
2002-01-27_zaragoza_vallecano,2001-02,train
2002-02-02_la_coruna_alaves,2001-02,train
2002-02-02_mallorca_celta,2001-02,train
2002-02-02_sociedad_villarreal,2001-02,train
2002-02-02_tenerife_barcelona,2001-02,train
2002-02-02_vallecano_sevilla,2001-02,train
2002-02-03_betis_valladolid,2001-02,train
2002-02-03_espanol_real_madrid,2001-02,train
2002-02-03_malaga_las_palmas,2001-02,train
2002-02-03_osasuna_zaragoza,2001-02,train
2002-02-03_valencia_ath_bilbao,2001-02,train
2002-02-05_celta_la_coruna,2001-02,train
2002-02-06_alaves_valencia,2001-02,train
2002-02-06_ath_bilbao_malaga,2001-02,train
2002-02-06_barcelona_sociedad,2001-02,train
2002-02-06_las_palmas_betis,2001-02,train
2002-02-06_sevilla_osasuna,2001-02,train
2002-02-06_valladolid_real_madrid,2001-02,train
2002-02-06_vallecano_espanol,2001-02,train
2002-02-06_villarreal_mallorca,2001-02,train
2002-02-06_zaragoza_tenerife,2001-02,train
2002-02-09_mallorca_barcelona,2001-02,train
2002-02-09_valencia_celta,2001-02,train
2002-02-10_betis_ath_bilbao,2001-02,train
2002-02-10_espanol_valladolid,2001-02,train
2002-02-10_la_coruna_villarreal,2001-02,train
2002-02-10_malaga_alaves,2001-02,train
2002-02-10_osasuna_vallecano,2001-02,train
2002-02-10_real_madrid_las_palmas,2001-02,train
2002-02-10_sociedad_zaragoza,2001-02,train
2002-02-10_tenerife_sevilla,2001-02,train
2002-02-16_ath_bilbao_real_madrid,2001-02,train
2002-02-16_barcelona_la_coruna,2001-02,train
2002-02-16_villarreal_valencia,2001-02,train
2002-02-17_alaves_betis,2001-02,train
2002-02-17_celta_malaga,2001-02,train
2002-02-17_las_palmas_valladolid,2001-02,train
2002-02-17_osasuna_espanol,2001-02,train
2002-02-17_sevilla_sociedad,2001-02,train
2002-02-17_vallecano_tenerife,2001-02,train
2002-02-17_zaragoza_mallorca,2001-02,train
2002-02-23_la_coruna_zaragoza,2001-02,train
2002-02-23_real_madrid_alaves,2001-02,train
2002-02-23_valencia_barcelona,2001-02,train
2002-02-24_betis_celta,2001-02,train
2002-02-24_espanol_las_palmas,2001-02,train
2002-02-24_malaga_villarreal,2001-02,train
2002-02-24_mallorca_sevilla,2001-02,train
2002-02-24_sociedad_vallecano,2001-02,train
2002-02-24_tenerife_osasuna,2001-02,train
2002-02-24_valladolid_ath_bilbao,2001-02,train
2002-03-02_celta_real_madrid,2001-02,train
2002-03-02_sevilla_la_coruna,2001-02,train
2002-03-02_villarreal_betis,2001-02,train
2002-03-03_alaves_valladolid,2001-02,train
2002-03-03_ath_bilbao_las_palmas,2001-02,train
2002-03-03_barcelona_malaga,2001-02,train
2002-03-03_osasuna_sociedad,2001-02,train
2002-03-03_tenerife_espanol,2001-02,train
2002-03-03_vallecano_mallorca,2001-02,train
2002-03-03_zaragoza_valencia,2001-02,train
2002-03-09_betis_barcelona,2001-02,train
2002-03-09_la_coruna_vallecano,2001-02,train
2002-03-09_las_palmas_alaves,2001-02,train
2002-03-09_real_madrid_villarreal,2001-02,train
2002-03-10_espanol_ath_bilbao,2001-02,train
2002-03-10_malaga_zaragoza,2001-02,train
2002-03-10_mallorca_osasuna,2001-02,train
2002-03-10_sociedad_tenerife,2001-02,train
2002-03-10_valencia_sevilla,2001-02,train
2002-03-10_valladolid_celta,2001-02,train
2002-03-16_barcelona_real_madrid,2001-02,train
2002-03-16_osasuna_la_coruna,2001-02,train
2002-03-17_alaves_ath_bilbao,2001-02,train
2002-03-17_celta_las_palmas,2001-02,train
2002-03-17_sevilla_malaga,2001-02,train
2002-03-17_sociedad_espanol,2001-02,train
2002-03-17_tenerife_mallorca,2001-02,train
2002-03-17_vallecano_valencia,2001-02,train
2002-03-17_villarreal_valladolid,2001-02,train
2002-03-17_zaragoza_betis,2001-02,train
2002-03-23_betis_sevilla,2001-02,train
2002-03-23_las_palmas_villarreal,2001-02,train
2002-03-23_malaga_vallecano,2001-02,train
2002-03-24_ath_bilbao_celta,2001-02,train
2002-03-24_espanol_alaves,2001-02,train
2002-03-24_la_coruna_tenerife,2001-02,train
2002-03-24_mallorca_sociedad,2001-02,train
2002-03-24_real_madrid_zaragoza,2001-02,train
2002-03-24_valencia_osasuna,2001-02,train
2002-03-24_valladolid_barcelona,2001-02,train
2002-03-30_barcelona_las_palmas,2001-02,train
2002-03-30_celta_alaves,2001-02,train
2002-03-30_sevilla_real_madrid,2001-02,train
2002-03-30_sociedad_la_coruna,2001-02,train
2002-03-30_tenerife_valencia,2001-02,train
2002-03-31_mallorca_espanol,2001-02,train
2002-03-31_osasuna_malaga,2001-02,train
2002-03-31_vallecano_betis,2001-02,train
2002-03-31_villarreal_ath_bilbao,2001-02,train
2002-03-31_zaragoza_valladolid,2001-02,train
2002-04-06_ath_bilbao_barcelona,2001-02,train
2002-04-06_la_coruna_mallorca,2001-02,train
2002-04-06_las_palmas_zaragoza,2001-02,train
2002-04-06_real_madrid_vallecano,2001-02,train
2002-04-07_alaves_villarreal,2001-02,train
2002-04-07_betis_osasuna,2001-02,train
2002-04-07_espanol_celta,2001-02,train
2002-04-07_malaga_tenerife,2001-02,train
2002-04-07_valencia_sociedad,2001-02,train
2002-04-07_valladolid_sevilla,2001-02,train
2002-04-13_mallorca_valencia,2001-02,train
2002-04-14_barcelona_alaves,2001-02,train
2002-04-14_la_coruna_espanol,2001-02,train
2002-04-14_osasuna_real_madrid,2001-02,train
2002-04-14_sevilla_las_palmas,2001-02,train
2002-04-14_sociedad_malaga,2001-02,train
2002-04-14_tenerife_betis,2001-02,train
2002-04-14_vallecano_valladolid,2001-02,train
2002-04-14_villarreal_celta,2001-02,train
2002-04-14_zaragoza_ath_bilbao,2001-02,train
2002-04-20_celta_barcelona,2001-02,train
2002-04-20_las_palmas_vallecano,2001-02,train
2002-04-20_real_madrid_tenerife,2001-02,train
2002-04-21_alaves_zaragoza,2001-02,train
2002-04-21_ath_bilbao_sevilla,2001-02,train
2002-04-21_betis_sociedad,2001-02,train
2002-04-21_espanol_villarreal,2001-02,train
2002-04-21_malaga_mallorca,2001-02,train
2002-04-21_valencia_la_coruna,2001-02,train
2002-04-21_valladolid_osasuna,2001-02,train
2002-04-27_barcelona_villarreal,2001-02,train
2002-04-27_sociedad_real_madrid,2001-02,train
2002-04-27_valencia_espanol,2001-02,train
2002-04-28_la_coruna_malaga,2001-02,train
2002-04-28_mallorca_betis,2001-02,train
2002-04-28_osasuna_las_palmas,2001-02,train
2002-04-28_sevilla_alaves,2001-02,train
2002-04-28_tenerife_valladolid,2001-02,train
2002-04-28_vallecano_ath_bilbao,2001-02,train
2002-04-28_zaragoza_celta,2001-02,train
2002-05-05_alaves_vallecano,2001-02,train
2002-05-05_ath_bilbao_osasuna,2001-02,train
2002-05-05_barcelona_espanol,2001-02,train
2002-05-05_betis_la_coruna,2001-02,train
2002-05-05_celta_sevilla,2001-02,train
2002-05-05_las_palmas_tenerife,2001-02,train
2002-05-05_malaga_valencia,2001-02,train
2002-05-05_real_madrid_mallorca,2001-02,train
2002-05-05_valladolid_sociedad,2001-02,train
2002-05-05_villarreal_zaragoza,2001-02,train
2002-05-10_la_coruna_real_madrid,2001-02,train
2002-05-11_espanol_malaga,2001-02,train
2002-05-11_mallorca_valladolid,2001-02,train
2002-05-11_osasuna_alaves,2001-02,train
2002-05-11_sevilla_villarreal,2001-02,train
2002-05-11_sociedad_las_palmas,2001-02,train
2002-05-11_tenerife_ath_bilbao,2001-02,train
2002-05-11_valencia_betis,2001-02,train
2002-05-11_vallecano_celta,2001-02,train
2002-05-11_zaragoza_barcelona,2001-02,train
2002-08-31_santander_valladolid,2002-03,train
2002-09-01_barcelona_ath_madrid,2002-03,train
2002-09-01_la_coruna_betis,2002-03,train
2002-09-01_mallorca_valencia,2002-03,train
2002-09-01_recreativo_malaga,2002-03,train
2002-09-01_sevilla_celta,2002-03,train
2002-09-01_sociedad_ath_bilbao,2002-03,train
2002-09-01_vallecano_alaves,2002-03,train
2002-09-01_villarreal_osasuna,2002-03,train
2002-09-02_real_madrid_espanol,2002-03,train
2002-09-14_ath_bilbao_barcelona,2002-03,train
2002-09-14_malaga_vallecano,2002-03,train
2002-09-14_osasuna_la_coruna,2002-03,train
2002-09-14_valencia_recreativo,2002-03,train
2002-09-15_alaves_santander,2002-03,train
2002-09-15_ath_madrid_sevilla,2002-03,train
2002-09-15_celta_mallorca,2002-03,train
2002-09-15_espanol_sociedad,2002-03,train
2002-09-15_valladolid_villarreal,2002-03,train
2002-09-21_barcelona_espanol,2002-03,train
2002-09-21_la_coruna_valladolid,2002-03,train
2002-09-21_real_madrid_osasuna,2002-03,train
2002-09-22_malaga_valencia,2002-03,train
2002-09-22_mallorca_ath_madrid,2002-03,train
2002-09-22_recreativo_celta,2002-03,train
2002-09-22_sevilla_ath_bilbao,2002-03,train
2002-09-22_sociedad_betis,2002-03,train
2002-09-22_vallecano_santander,2002-03,train
2002-09-22_villarreal_alaves,2002-03,train
2002-09-28_alaves_la_coruna,2002-03,train
2002-09-28_betis_barcelona,2002-03,train
2002-09-28_valladolid_real_madrid,2002-03,train
2002-09-29_ath_bilbao_mallorca,2002-03,train
2002-09-29_ath_madrid_recreativo,2002-03,train
2002-09-29_celta_malaga,2002-03,train
2002-09-29_espanol_sevilla,2002-03,train
2002-09-29_osasuna_sociedad,2002-03,train
2002-09-29_santander_villarreal,2002-03,train
2002-09-29_valencia_vallecano,2002-03,train
2002-10-05_recreativo_ath_bilbao,2002-03,train
2002-10-06_barcelona_osasuna,2002-03,train
2002-10-06_la_coruna_santander,2002-03,train
2002-10-06_malaga_ath_madrid,2002-03,train
2002-10-06_mallorca_espanol,2002-03,train
2002-10-06_real_madrid_alaves,2002-03,train
2002-10-06_sevilla_betis,2002-03,train
2002-10-06_sociedad_valladolid,2002-03,train
2002-10-06_valencia_celta,2002-03,train
2002-10-06_vallecano_villarreal,2002-03,train
2002-10-08_betis_real_madrid,2002-03,train
2002-10-19_ath_madrid_valencia,2002-03,train
2002-10-19_santander_real_madrid,2002-03,train
2002-10-19_villarreal_la_coruna,2002-03,train
2002-10-20_alaves_sociedad,2002-03,train
2002-10-20_ath_bilbao_malaga,2002-03,train
2002-10-20_betis_mallorca,2002-03,train
2002-10-20_celta_vallecano,2002-03,train
2002-10-20_espanol_recreativo,2002-03,train
2002-10-20_osasuna_sevilla,2002-03,train
2002-10-20_valladolid_barcelona,2002-03,train
2002-10-26_barcelona_alaves,2002-03,train
2002-10-26_celta_ath_madrid,2002-03,train
2002-10-26_real_madrid_villarreal,2002-03,train
2002-10-26_recreativo_betis,2002-03,train
2002-10-26_valencia_ath_bilbao,2002-03,train
2002-10-26_vallecano_la_coruna,2002-03,train
2002-10-27_malaga_espanol,2002-03,train
2002-10-27_mallorca_osasuna,2002-03,train
2002-10-27_sevilla_valladolid,2002-03,train
2002-10-27_sociedad_santander,2002-03,train
2002-11-02_ath_madrid_vallecano,2002-03,train
2002-11-02_la_coruna_real_madrid,2002-03,train
2002-11-02_valladolid_mallorca,2002-03,train
2002-11-03_alaves_sevilla,2002-03,train
2002-11-03_ath_bilbao_celta,2002-03,train
2002-11-03_betis_malaga,2002-03,train
2002-11-03_espanol_valencia,2002-03,train
2002-11-03_osasuna_recreativo,2002-03,train
2002-11-03_santander_barcelona,2002-03,train
2002-11-03_villarreal_sociedad,2002-03,train
2002-11-09_barcelona_villarreal,2002-03,train
2002-11-09_malaga_osasuna,2002-03,train
2002-11-09_sociedad_la_coruna,2002-03,train
2002-11-09_valencia_betis,2002-03,train
2002-11-09_vallecano_real_madrid,2002-03,train
2002-11-10_ath_madrid_ath_bilbao,2002-03,train
2002-11-10_celta_espanol,2002-03,train
2002-11-10_mallorca_alaves,2002-03,train
2002-11-10_recreativo_valladolid,2002-03,train
2002-11-10_sevilla_santander,2002-03,train
2002-11-16_la_coruna_barcelona,2002-03,train
2002-11-16_villarreal_sevilla,2002-03,train
2002-11-17_alaves_recreativo,2002-03,train
2002-11-17_ath_bilbao_vallecano,2002-03,train
2002-11-17_betis_celta,2002-03,train
2002-11-17_espanol_ath_madrid,2002-03,train
2002-11-17_osasuna_valencia,2002-03,train
2002-11-17_real_madrid_sociedad,2002-03,train
2002-11-17_santander_mallorca,2002-03,train
2002-11-17_valladolid_malaga,2002-03,train
2002-11-23_barcelona_real_madrid,2002-03,train
2002-11-23_sevilla_la_coruna,2002-03,train
2002-11-23_vallecano_sociedad,2002-03,train
2002-11-24_ath_bilbao_espanol,2002-03,train
2002-11-24_ath_madrid_betis,2002-03,train
2002-11-24_celta_osasuna,2002-03,train
2002-11-24_malaga_alaves,2002-03,train
2002-11-24_mallorca_villarreal,2002-03,train
2002-11-24_recreativo_santander,2002-03,train
2002-11-24_valencia_valladolid,2002-03,train
2002-11-30_osasuna_ath_madrid,2002-03,train
2002-12-01_alaves_valencia,2002-03,train
2002-12-01_betis_ath_bilbao,2002-03,train
2002-12-01_espanol_vallecano,2002-03,train
2002-12-01_la_coruna_mallorca,2002-03,train
2002-12-01_santander_malaga,2002-03,train
2002-12-01_sociedad_barcelona,2002-03,train
2002-12-01_valladolid_celta,2002-03,train
2002-12-01_villarreal_recreativo,2002-03,train
2002-12-07_malaga_villarreal,2002-03,train
2002-12-07_recreativo_la_coruna,2002-03,train
2002-12-07_sevilla_sociedad,2002-03,train
2002-12-07_valencia_santander,2002-03,train
2002-12-07_vallecano_barcelona,2002-03,train
2002-12-08_ath_bilbao_osasuna,2002-03,train
2002-12-08_ath_madrid_valladolid,2002-03,train
2002-12-08_celta_alaves,2002-03,train
2002-12-08_espanol_betis,2002-03,train
2002-12-08_mallorca_real_madrid,2002-03,train
2002-12-14_alaves_ath_madrid,2002-03,train
2002-12-14_villarreal_valencia,2002-03,train
2002-12-15_barcelona_sevilla,2002-03,train
2002-12-15_betis_vallecano,2002-03,train
2002-12-15_la_coruna_malaga,2002-03,train
2002-12-15_osasuna_espanol,2002-03,train
2002-12-15_real_madrid_recreativo,2002-03,train
2002-12-15_santander_celta,2002-03,train
2002-12-15_sociedad_mallorca,2002-03,train
2002-12-15_valladolid_ath_bilbao,2002-03,train
2002-12-21_ath_bilbao_alaves,2002-03,train
2002-12-21_ath_madrid_santander,2002-03,train
2002-12-21_celta_villarreal,2002-03,train
2002-12-21_malaga_real_madrid,2002-03,train
2002-12-21_mallorca_barcelona,2002-03,train
2002-12-21_vallecano_sevilla,2002-03,train
2002-12-22_betis_osasuna,2002-03,train
2002-12-22_espanol_valladolid,2002-03,train
2002-12-22_recreativo_sociedad,2002-03,train
2002-12-22_valencia_la_coruna,2002-03,train
2003-01-02_real_madrid_sevilla,2002-03,train
2003-01-04_la_coruna_celta,2002-03,train
2003-01-04_osasuna_vallecano,2002-03,train
2003-01-04_santander_ath_bilbao,2002-03,train
2003-01-04_valladolid_betis,2002-03,train
2003-01-05_alaves_espanol,2002-03,train
2003-01-05_barcelona_recreativo,2002-03,train
2003-01-05_real_madrid_valencia,2002-03,train
2003-01-05_sevilla_mallorca,2002-03,train
2003-01-05_sociedad_malaga,2002-03,train
2003-01-05_villarreal_ath_madrid,2002-03,train
2003-01-11_celta_real_madrid,2002-03,train
2003-01-11_valencia_sociedad,2002-03,train
2003-01-12_ath_bilbao_villarreal,2002-03,train
2003-01-12_ath_madrid_la_coruna,2002-03,train
2003-01-12_betis_alaves,2002-03,train
2003-01-12_espanol_santander,2002-03,train
2003-01-12_malaga_barcelona,2002-03,train
2003-01-12_osasuna_valladolid,2002-03,train
2003-01-12_recreativo_sevilla,2002-03,train
2003-01-12_vallecano_mallorca,2002-03,train
2003-01-18_barcelona_valencia,2002-03,train
2003-01-18_sociedad_celta,2002-03,train
2003-01-19_alaves_osasuna,2002-03,train
2003-01-19_la_coruna_ath_bilbao,2002-03,train
2003-01-19_mallorca_recreativo,2002-03,train
2003-01-19_real_madrid_ath_madrid,2002-03,train
2003-01-19_santander_betis,2002-03,train
2003-01-19_sevilla_malaga,2002-03,train
2003-01-19_vallecano_valladolid,2002-03,train
2003-01-19_villarreal_espanol,2002-03,train
2003-01-25_ath_madrid_sociedad,2002-03,train
2003-01-26_ath_bilbao_real_madrid,2002-03,train
2003-01-26_betis_villarreal,2002-03,train
2003-01-26_celta_barcelona,2002-03,train
2003-01-26_espanol_la_coruna,2002-03,train
2003-01-26_malaga_mallorca,2002-03,train
2003-01-26_osasuna_santander,2002-03,train
2003-01-26_recreativo_vallecano,2002-03,train
2003-01-26_valencia_sevilla,2002-03,train
2003-01-26_valladolid_alaves,2002-03,train
2003-02-01_ath_madrid_barcelona,2002-03,train
2003-02-02_alaves_vallecano,2002-03,train
2003-02-02_ath_bilbao_sociedad,2002-03,train
2003-02-02_betis_la_coruna,2002-03,train
2003-02-02_celta_sevilla,2002-03,train
2003-02-02_espanol_real_madrid,2002-03,train
2003-02-02_malaga_recreativo,2002-03,train
2003-02-02_osasuna_villarreal,2002-03,train
2003-02-02_valencia_mallorca,2002-03,train
2003-02-02_valladolid_santander,2002-03,train
2003-02-08_real_madrid_betis,2002-03,train
2003-02-08_villarreal_valladolid,2002-03,train
2003-02-09_barcelona_ath_bilbao,2002-03,train
2003-02-09_la_coruna_osasuna,2002-03,train
2003-02-09_mallorca_celta,2002-03,train
2003-02-09_recreativo_valencia,2002-03,train
2003-02-09_santander_alaves,2002-03,train
2003-02-09_sevilla_ath_madrid,2002-03,train
2003-02-09_sociedad_espanol,2002-03,train
2003-02-09_vallecano_malaga,2002-03,train
2003-02-15_espanol_barcelona,2002-03,train
2003-02-15_valencia_malaga,2002-03,train
2003-02-15_valladolid_la_coruna,2002-03,train
2003-02-16_alaves_villarreal,2002-03,train
2003-02-16_ath_bilbao_sevilla,2002-03,train
2003-02-16_ath_madrid_mallorca,2002-03,train
2003-02-16_betis_sociedad,2002-03,train
2003-02-16_celta_recreativo,2002-03,train
2003-02-16_osasuna_real_madrid,2002-03,train
2003-02-16_santander_vallecano,2002-03,train
2003-02-22_barcelona_betis,2002-03,train
2003-02-22_la_coruna_alaves,2002-03,train
2003-02-22_real_madrid_valladolid,2002-03,train
2003-02-23_malaga_celta,2002-03,train
2003-02-23_mallorca_ath_bilbao,2002-03,train
2003-02-23_recreativo_ath_madrid,2002-03,train
2003-02-23_sevilla_espanol,2002-03,train
2003-02-23_sociedad_osasuna,2002-03,train
2003-02-23_vallecano_valencia,2002-03,train
2003-02-23_villarreal_santander,2002-03,train
2003-03-01_alaves_real_madrid,2002-03,train
2003-03-01_ath_bilbao_recreativo,2002-03,train
2003-03-01_espanol_mallorca,2002-03,train
2003-03-02_ath_madrid_malaga,2002-03,train
2003-03-02_betis_sevilla,2002-03,train
2003-03-02_celta_valencia,2002-03,train
2003-03-02_osasuna_barcelona,2002-03,train
2003-03-02_santander_la_coruna,2002-03,train
2003-03-02_valladolid_sociedad,2002-03,train
2003-03-02_villarreal_vallecano,2002-03,train
2003-03-08_barcelona_valladolid,2002-03,train
2003-03-08_la_coruna_villarreal,2002-03,train
2003-03-08_real_madrid_santander,2002-03,train
2003-03-08_valencia_ath_madrid,2002-03,train
2003-03-09_malaga_ath_bilbao,2002-03,train
2003-03-09_mallorca_betis,2002-03,train
2003-03-09_recreativo_espanol,2002-03,train
2003-03-09_sevilla_osasuna,2002-03,train
2003-03-09_sociedad_alaves,2002-03,train
2003-03-09_vallecano_celta,2002-03,train
2003-03-15_la_coruna_vallecano,2002-03,train
2003-03-15_santander_sociedad,2002-03,train
2003-03-15_villarreal_real_madrid,2002-03,train
2003-03-16_alaves_barcelona,2002-03,train
2003-03-16_ath_bilbao_valencia,2002-03,train
2003-03-16_ath_madrid_celta,2002-03,train
2003-03-16_betis_recreativo,2002-03,train
2003-03-16_espanol_malaga,2002-03,train
2003-03-16_osasuna_mallorca,2002-03,train
2003-03-16_valladolid_sevilla,2002-03,train
2003-03-22_vallecano_ath_madrid,2002-03,train
2003-03-23_barcelona_santander,2002-03,train
2003-03-23_celta_ath_bilbao,2002-03,train
2003-03-23_malaga_betis,2002-03,train
2003-03-23_mallorca_valladolid,2002-03,train
2003-03-23_real_madrid_la_coruna,2002-03,train
2003-03-23_recreativo_osasuna,2002-03,train
2003-03-23_sevilla_alaves,2002-03,train
2003-03-23_sociedad_villarreal,2002-03,train
2003-03-23_valencia_espanol,2002-03,train
2003-04-05_betis_valencia,2002-03,train
2003-04-05_espanol_celta,2002-03,train
2003-04-05_real_madrid_vallecano,2002-03,train
2003-04-05_villarreal_barcelona,2002-03,train
2003-04-06_alaves_mallorca,2002-03,train
2003-04-06_ath_bilbao_ath_madrid,2002-03,train
2003-04-06_la_coruna_sociedad,2002-03,train
2003-04-06_osasuna_malaga,2002-03,train
2003-04-06_santander_sevilla,2002-03,train
2003-04-06_valladolid_recreativo,2002-03,train
2003-04-12_barcelona_la_coruna,2002-03,train
2003-04-12_sevilla_villarreal,2002-03,train
2003-04-13_ath_madrid_espanol,2002-03,train
2003-04-13_celta_betis,2002-03,train
2003-04-13_malaga_valladolid,2002-03,train
2003-04-13_mallorca_santander,2002-03,train
2003-04-13_recreativo_alaves,2002-03,train
2003-04-13_sociedad_real_madrid,2002-03,train
2003-04-13_valencia_osasuna,2002-03,train
2003-04-13_vallecano_ath_bilbao,2002-03,train
2003-04-19_real_madrid_barcelona,2002-03,train
2003-04-19_valladolid_valencia,2002-03,train
2003-04-19_villarreal_mallorca,2002-03,train
2003-04-20_alaves_malaga,2002-03,train
2003-04-20_betis_ath_madrid,2002-03,train
2003-04-20_espanol_ath_bilbao,2002-03,train
2003-04-20_la_coruna_sevilla,2002-03,train
2003-04-20_osasuna_celta,2002-03,train
2003-04-20_santander_recreativo,2002-03,train
2003-04-20_sociedad_vallecano,2002-03,train
2003-04-26_ath_bilbao_betis,2002-03,train
2003-04-26_ath_madrid_osasuna,2002-03,train
2003-04-27_barcelona_sociedad,2002-03,train
2003-04-27_celta_valladolid,2002-03,train
2003-04-27_malaga_santander,2002-03,train
2003-04-27_mallorca_la_coruna,2002-03,train
2003-04-27_recreativo_villarreal,2002-03,train
2003-04-27_sevilla_real_madrid,2002-03,train
2003-04-27_valencia_alaves,2002-03,train
2003-04-27_vallecano_espanol,2002-03,train
2003-05-03_real_madrid_mallorca,2002-03,train
2003-05-03_sociedad_sevilla,2002-03,train
2003-05-04_alaves_celta,2002-03,train
2003-05-04_barcelona_vallecano,2002-03,train
2003-05-04_betis_espanol,2002-03,train
2003-05-04_la_coruna_recreativo,2002-03,train
2003-05-04_osasuna_ath_bilbao,2002-03,train
2003-05-04_santander_valencia,2002-03,train
2003-05-04_valladolid_ath_madrid,2002-03,train
2003-05-04_villarreal_malaga,2002-03,train
2003-05-10_ath_bilbao_valladolid,2002-03,train
2003-05-10_ath_madrid_alaves,2002-03,train
2003-05-10_espanol_osasuna,2002-03,train
2003-05-10_malaga_la_coruna,2002-03,train
2003-05-10_recreativo_real_madrid,2002-03,train
2003-05-11_celta_santander,2002-03,train
2003-05-11_mallorca_sociedad,2002-03,train
2003-05-11_sevilla_barcelona,2002-03,train
2003-05-11_valencia_villarreal,2002-03,train
2003-05-11_vallecano_betis,2002-03,train
2003-05-17_la_coruna_valencia,2002-03,train
2003-05-17_santander_ath_madrid,2002-03,train
2003-05-18_alaves_ath_bilbao,2002-03,train
2003-05-18_barcelona_mallorca,2002-03,train
2003-05-18_osasuna_betis,2002-03,train
2003-05-18_real_madrid_malaga,2002-03,train
2003-05-18_sevilla_vallecano,2002-03,train
2003-05-18_sociedad_recreativo,2002-03,train
2003-05-18_valladolid_espanol,2002-03,train
2003-05-18_villarreal_celta,2002-03,train
2003-05-24_ath_bilbao_santander,2002-03,train
2003-05-24_ath_madrid_villarreal,2002-03,train
2003-05-24_celta_la_coruna,2002-03,train
2003-05-24_valencia_real_madrid,2002-03,train
2003-05-24_vallecano_osasuna,2002-03,train
2003-05-25_betis_valladolid,2002-03,train
2003-05-25_espanol_alaves,2002-03,train
2003-05-25_malaga_sociedad,2002-03,train
2003-05-25_mallorca_sevilla,2002-03,train
2003-05-25_recreativo_barcelona,2002-03,train
2003-05-31_real_madrid_celta,2002-03,train
2003-06-01_alaves_betis,2002-03,train
2003-06-01_barcelona_malaga,2002-03,train
2003-06-01_la_coruna_ath_madrid,2002-03,train
2003-06-01_mallorca_vallecano,2002-03,train
2003-06-01_santander_espanol,2002-03,train
2003-06-01_sevilla_recreativo,2002-03,train
2003-06-01_sociedad_valencia,2002-03,train
2003-06-01_valladolid_osasuna,2002-03,train
2003-06-01_villarreal_ath_bilbao,2002-03,train
2003-06-14_valladolid_vallecano,2002-03,train
2003-06-15_ath_bilbao_la_coruna,2002-03,train
2003-06-15_ath_madrid_real_madrid,2002-03,train
2003-06-15_betis_santander,2002-03,train
2003-06-15_celta_sociedad,2002-03,train
2003-06-15_espanol_villarreal,2002-03,train
2003-06-15_malaga_sevilla,2002-03,train
2003-06-15_osasuna_alaves,2002-03,train
2003-06-15_recreativo_mallorca,2002-03,train
2003-06-15_valencia_barcelona,2002-03,train
2003-06-21_alaves_valladolid,2002-03,train
2003-06-21_la_coruna_espanol,2002-03,train
2003-06-21_mallorca_malaga,2002-03,train
2003-06-21_santander_osasuna,2002-03,train
2003-06-21_sevilla_valencia,2002-03,train
2003-06-21_vallecano_recreativo,2002-03,train
2003-06-22_barcelona_celta,2002-03,train
2003-06-22_real_madrid_ath_bilbao,2002-03,train
2003-06-22_sociedad_ath_madrid,2002-03,train
2003-06-22_villarreal_betis,2002-03,train
2003-08-30_albacete_osasuna,2003-04,train
2003-08-30_ath_bilbao_barcelona,2003-04,train
2003-08-30_espanol_sociedad,2003-04,train
2003-08-30_malaga_villarreal,2003-04,train
2003-08-30_real_madrid_betis,2003-04,train
2003-08-30_valencia_valladolid,2003-04,train
2003-08-31_celta_murcia,2003-04,train
2003-08-31_santander_mallorca,2003-04,train
2003-08-31_sevilla_ath_madrid,2003-04,train
2003-08-31_zaragoza_la_coruna,2003-04,train
2003-09-02_osasuna_valencia,2003-04,train
2003-09-02_sociedad_celta,2003-04,train
2003-09-02_villarreal_real_madrid,2003-04,train
2003-09-03_ath_madrid_albacete,2003-04,train
2003-09-03_barcelona_sevilla,2003-04,train
2003-09-03_betis_espanol,2003-04,train
2003-09-03_la_coruna_ath_bilbao,2003-04,train
2003-09-03_mallorca_zaragoza,2003-04,train
2003-09-03_murcia_santander,2003-04,train
2003-09-03_valladolid_malaga,2003-04,train
2003-09-13_celta_betis,2003-04,train
2003-09-13_real_madrid_valladolid,2003-04,train
2003-09-13_santander_sociedad,2003-04,train
2003-09-13_sevilla_la_coruna,2003-04,train
2003-09-14_albacete_barcelona,2003-04,train
2003-09-14_ath_bilbao_mallorca,2003-04,train
2003-09-14_espanol_villarreal,2003-04,train
2003-09-14_osasuna_ath_madrid,2003-04,train
2003-09-14_valencia_malaga,2003-04,train
2003-09-14_zaragoza_murcia,2003-04,train
2003-09-20_ath_madrid_valencia,2003-04,train
2003-09-20_barcelona_osasuna,2003-04,train
2003-09-21_betis_santander,2003-04,train
2003-09-21_la_coruna_albacete,2003-04,train
2003-09-21_malaga_real_madrid,2003-04,train
2003-09-21_mallorca_sevilla,2003-04,train
2003-09-21_murcia_ath_bilbao,2003-04,train
2003-09-21_sociedad_zaragoza,2003-04,train
2003-09-21_valladolid_espanol,2003-04,train
2003-09-21_villarreal_celta,2003-04,train
2003-09-27_ath_bilbao_sociedad,2003-04,train
2003-09-27_celta_valladolid,2003-04,train
2003-09-27_osasuna_la_coruna,2003-04,train
2003-09-27_valencia_real_madrid,2003-04,train
2003-09-28_albacete_mallorca,2003-04,train
2003-09-28_ath_madrid_barcelona,2003-04,train
2003-09-28_espanol_malaga,2003-04,train
2003-09-28_santander_villarreal,2003-04,train
2003-09-28_sevilla_murcia,2003-04,train
2003-09-28_zaragoza_betis,2003-04,train
2003-10-04_betis_ath_bilbao,2003-04,train
2003-10-04_la_coruna_ath_madrid,2003-04,train
2003-10-04_villarreal_zaragoza,2003-04,train
2003-10-05_barcelona_valencia,2003-04,train
2003-10-05_malaga_celta,2003-04,train
2003-10-05_mallorca_osasuna,2003-04,train
2003-10-05_murcia_albacete,2003-04,train
2003-10-05_real_madrid_espanol,2003-04,train
2003-10-05_sociedad_sevilla,2003-04,train
2003-10-05_valladolid_santander,2003-04,train
2003-10-18_albacete_sociedad,2003-04,train
2003-10-18_barcelona_la_coruna,2003-04,train
2003-10-18_celta_real_madrid,2003-04,train
2003-10-19_ath_bilbao_villarreal,2003-04,train
2003-10-19_ath_madrid_mallorca,2003-04,train
2003-10-19_osasuna_murcia,2003-04,train
2003-10-19_santander_malaga,2003-04,train
2003-10-19_sevilla_betis,2003-04,train
2003-10-19_valencia_espanol,2003-04,train
2003-10-19_zaragoza_valladolid,2003-04,train
2003-10-25_la_coruna_valencia,2003-04,train
2003-10-25_malaga_zaragoza,2003-04,train
2003-10-25_real_madrid_santander,2003-04,train
2003-10-26_betis_albacete,2003-04,train
2003-10-26_espanol_celta,2003-04,train
2003-10-26_mallorca_barcelona,2003-04,train
2003-10-26_murcia_ath_madrid,2003-04,train
2003-10-26_sociedad_osasuna,2003-04,train
2003-10-26_valladolid_ath_bilbao,2003-04,train
2003-10-26_villarreal_sevilla,2003-04,train
2003-10-28_zaragoza_real_madrid,2003-04,train
2003-10-29_albacete_villarreal,2003-04,train
2003-10-29_ath_bilbao_malaga,2003-04,train
2003-10-29_barcelona_murcia,2003-04,train
2003-10-29_la_coruna_mallorca,2003-04,train
2003-10-29_osasuna_betis,2003-04,train
2003-10-29_santander_espanol,2003-04,train
2003-10-29_sevilla_valladolid,2003-04,train
2003-10-29_valencia_celta,2003-04,train
2003-10-30_ath_madrid_sociedad,2003-04,train
2003-11-01_celta_santander,2003-04,train
2003-11-01_murcia_la_coruna,2003-04,train
2003-11-01_real_madrid_ath_bilbao,2003-04,train
2003-11-02_betis_ath_madrid,2003-04,train
2003-11-02_espanol_zaragoza,2003-04,train
2003-11-02_malaga_sevilla,2003-04,train
2003-11-02_mallorca_valencia,2003-04,train
2003-11-02_sociedad_barcelona,2003-04,train
2003-11-02_valladolid_albacete,2003-04,train
2003-11-02_villarreal_osasuna,2003-04,train
2003-11-08_ath_bilbao_espanol,2003-04,train
2003-11-08_la_coruna_sociedad,2003-04,train
2003-11-08_zaragoza_celta,2003-04,train
2003-11-09_albacete_malaga,2003-04,train
2003-11-09_ath_madrid_villarreal,2003-04,train
2003-11-09_barcelona_betis,2003-04,train
2003-11-09_mallorca_murcia,2003-04,train
2003-11-09_osasuna_valladolid,2003-04,train
2003-11-09_sevilla_real_madrid,2003-04,train
2003-11-09_valencia_santander,2003-04,train
2003-11-22_betis_la_coruna,2003-04,train
2003-11-22_sociedad_mallorca,2003-04,train
2003-11-22_villarreal_barcelona,2003-04,train
2003-11-23_celta_ath_bilbao,2003-04,train
2003-11-23_espanol_sevilla,2003-04,train
2003-11-23_malaga_osasuna,2003-04,train
2003-11-23_murcia_valencia,2003-04,train
2003-11-23_real_madrid_albacete,2003-04,train
2003-11-23_santander_zaragoza,2003-04,train
2003-11-23_valladolid_ath_madrid,2003-04,train
2003-11-29_ath_madrid_malaga,2003-04,train
2003-11-29_murcia_sociedad,2003-04,train
2003-11-29_osasuna_real_madrid,2003-04,train
2003-11-29_valencia_zaragoza,2003-04,train
2003-11-30_albacete_espanol,2003-04,train
2003-11-30_ath_bilbao_santander,2003-04,train
2003-11-30_barcelona_valladolid,2003-04,train
2003-11-30_la_coruna_villarreal,2003-04,train
2003-11-30_mallorca_betis,2003-04,train
2003-11-30_sevilla_celta,2003-04,train
2003-12-02_sociedad_valencia,2003-04,train
2003-12-03_betis_murcia,2003-04,train
2003-12-03_celta_albacete,2003-04,train
2003-12-03_espanol_osasuna,2003-04,train
2003-12-03_malaga_barcelona,2003-04,train
2003-12-03_real_madrid_ath_madrid,2003-04,train
2003-12-03_valladolid_la_coruna,2003-04,train
2003-12-03_villarreal_mallorca,2003-04,train
2003-12-04_santander_sevilla,2003-04,train
2003-12-04_zaragoza_ath_bilbao,2003-04,train
2003-12-06_barcelona_real_madrid,2003-04,train
2003-12-06_la_coruna_malaga,2003-04,train
2003-12-06_osasuna_celta,2003-04,train
2003-12-06_sociedad_betis,2003-04,train
2003-12-07_albacete_santander,2003-04,train
2003-12-07_ath_madrid_espanol,2003-04,train
2003-12-07_mallorca_valladolid,2003-04,train
2003-12-07_murcia_villarreal,2003-04,train
2003-12-07_sevilla_zaragoza,2003-04,train
2003-12-07_valencia_ath_bilbao,2003-04,train
2003-12-13_celta_ath_madrid,2003-04,train
2003-12-13_espanol_barcelona,2003-04,train
2003-12-13_villarreal_sociedad,2003-04,train
2003-12-14_ath_bilbao_sevilla,2003-04,train
2003-12-14_betis_valencia,2003-04,train
2003-12-14_malaga_mallorca,2003-04,train
2003-12-14_real_madrid_la_coruna,2003-04,train
2003-12-14_santander_osasuna,2003-04,train
2003-12-14_valladolid_murcia,2003-04,train
2003-12-14_zaragoza_albacete,2003-04,train
2003-12-20_ath_madrid_santander,2003-04,train
2003-12-20_sociedad_valladolid,2003-04,train
2003-12-20_valencia_sevilla,2003-04,train
2003-12-21_albacete_ath_bilbao,2003-04,train
2003-12-21_barcelona_celta,2003-04,train
2003-12-21_betis_villarreal,2003-04,train
2003-12-21_la_coruna_espanol,2003-04,train
2003-12-21_mallorca_real_madrid,2003-04,train
2003-12-21_murcia_malaga,2003-04,train
2003-12-21_osasuna_zaragoza,2003-04,train
2004-01-03_celta_la_coruna,2003-04,train
2004-01-03_real_madrid_murcia,2003-04,train
2004-01-03_zaragoza_ath_madrid,2003-04,train
2004-01-04_ath_bilbao_osasuna,2003-04,train
2004-01-04_espanol_mallorca,2003-04,train
2004-01-04_malaga_sociedad,2003-04,train
2004-01-04_santander_barcelona,2003-04,train
2004-01-04_sevilla_albacete,2003-04,train
2004-01-04_valencia_villarreal,2003-04,train
2004-01-04_valladolid_betis,2003-04,train
2004-01-10_albacete_valencia,2003-04,train
2004-01-10_mallorca_celta,2003-04,train
2004-01-10_sociedad_real_madrid,2003-04,train
2004-01-11_ath_madrid_ath_bilbao,2003-04,train
2004-01-11_barcelona_zaragoza,2003-04,train
2004-01-11_betis_malaga,2003-04,train
2004-01-11_la_coruna_santander,2003-04,train
2004-01-11_murcia_espanol,2003-04,train
2004-01-11_osasuna_sevilla,2003-04,train
2004-01-11_villarreal_valladolid,2003-04,train
2004-01-17_barcelona_ath_bilbao,2003-04,train
2004-01-17_murcia_celta,2003-04,train
2004-01-17_valladolid_valencia,2003-04,train
2004-01-18_ath_madrid_sevilla,2003-04,train
2004-01-18_betis_real_madrid,2003-04,train
2004-01-18_la_coruna_zaragoza,2003-04,train
2004-01-18_mallorca_santander,2003-04,train
2004-01-18_osasuna_albacete,2003-04,train
2004-01-18_sociedad_espanol,2003-04,train
2004-01-18_villarreal_malaga,2003-04,train
2004-01-24_albacete_ath_madrid,2003-04,train
2004-01-24_real_madrid_villarreal,2003-04,train
2004-01-25_ath_bilbao_la_coruna,2003-04,train
2004-01-25_celta_sociedad,2003-04,train
2004-01-25_espanol_betis,2003-04,train
2004-01-25_malaga_valladolid,2003-04,train
2004-01-25_santander_murcia,2003-04,train
2004-01-25_sevilla_barcelona,2003-04,train
2004-01-25_valencia_osasuna,2003-04,train
2004-01-25_zaragoza_mallorca,2003-04,train
2004-01-31_ath_madrid_osasuna,2003-04,train
2004-01-31_betis_celta,2003-04,train
2004-01-31_malaga_valencia,2003-04,train
2004-02-01_barcelona_albacete,2003-04,train
2004-02-01_la_coruna_sevilla,2003-04,train
2004-02-01_mallorca_ath_bilbao,2003-04,train
2004-02-01_murcia_zaragoza,2003-04,train
2004-02-01_sociedad_santander,2003-04,train
2004-02-01_valladolid_real_madrid,2003-04,train
2004-02-01_villarreal_espanol,2003-04,train
2004-02-07_real_madrid_malaga,2003-04,train
2004-02-07_valencia_ath_madrid,2003-04,train
2004-02-08_albacete_la_coruna,2003-04,train
2004-02-08_ath_bilbao_murcia,2003-04,train
2004-02-08_celta_villarreal,2003-04,train
2004-02-08_espanol_valladolid,2003-04,train
2004-02-08_osasuna_barcelona,2003-04,train
2004-02-08_santander_betis,2003-04,train
2004-02-08_sevilla_mallorca,2003-04,train
2004-02-08_zaragoza_sociedad,2003-04,train
2004-02-14_murcia_sevilla,2003-04,train
2004-02-14_sociedad_ath_bilbao,2003-04,train
2004-02-15_barcelona_ath_madrid,2003-04,train
2004-02-15_betis_zaragoza,2003-04,train
2004-02-15_la_coruna_osasuna,2003-04,train
2004-02-15_malaga_espanol,2003-04,train
2004-02-15_mallorca_albacete,2003-04,train
2004-02-15_real_madrid_valencia,2003-04,train
2004-02-15_valladolid_celta,2003-04,train
2004-02-15_villarreal_santander,2003-04,train
2004-02-21_ath_madrid_la_coruna,2003-04,train
2004-02-21_celta_malaga,2003-04,train
2004-02-21_espanol_real_madrid,2003-04,train
2004-02-21_sevilla_sociedad,2003-04,train
2004-02-21_valencia_barcelona,2003-04,train
2004-02-22_albacete_murcia,2003-04,train
2004-02-22_ath_bilbao_betis,2003-04,train
2004-02-22_osasuna_mallorca,2003-04,train
2004-02-22_santander_valladolid,2003-04,train
2004-02-22_zaragoza_villarreal,2003-04,train
2004-02-28_betis_sevilla,2003-04,train
2004-02-28_valladolid_zaragoza,2003-04,train
2004-02-29_espanol_valencia,2003-04,train
2004-02-29_la_coruna_barcelona,2003-04,train
2004-02-29_malaga_santander,2003-04,train
2004-02-29_mallorca_ath_madrid,2003-04,train
2004-02-29_murcia_osasuna,2003-04,train
2004-02-29_real_madrid_celta,2003-04,train
2004-02-29_sociedad_albacete,2003-04,train
2004-02-29_villarreal_ath_bilbao,2003-04,train
2004-03-06_celta_espanol,2003-04,train
2004-03-06_osasuna_sociedad,2003-04,train
2004-03-06_santander_real_madrid,2003-04,train
2004-03-06_valencia_la_coruna,2003-04,train
2004-03-07_albacete_betis,2003-04,train
2004-03-07_ath_bilbao_valladolid,2003-04,train
2004-03-07_ath_madrid_murcia,2003-04,train
2004-03-07_barcelona_mallorca,2003-04,train
2004-03-07_sevilla_villarreal,2003-04,train
2004-03-07_zaragoza_malaga,2003-04,train
2004-03-13_real_madrid_zaragoza,2003-04,train
2004-03-13_sociedad_ath_madrid,2003-04,train
2004-03-14_betis_osasuna,2003-04,train
2004-03-14_celta_valencia,2003-04,train
2004-03-14_espanol_santander,2003-04,train
2004-03-14_malaga_ath_bilbao,2003-04,train
2004-03-14_mallorca_la_coruna,2003-04,train
2004-03-14_murcia_barcelona,2003-04,train
2004-03-14_valladolid_sevilla,2003-04,train
2004-03-14_villarreal_albacete,2003-04,train
2004-03-20_ath_bilbao_real_madrid,2003-04,train
2004-03-20_ath_madrid_betis,2003-04,train
2004-03-20_la_coruna_murcia,2003-04,train
2004-03-21_albacete_valladolid,2003-04,train
2004-03-21_barcelona_sociedad,2003-04,train
2004-03-21_osasuna_villarreal,2003-04,train
2004-03-21_santander_celta,2003-04,train
2004-03-21_sevilla_malaga,2003-04,train
2004-03-21_valencia_mallorca,2003-04,train
2004-03-21_zaragoza_espanol,2003-04,train
2004-03-27_espanol_ath_bilbao,2003-04,train
2004-03-27_sociedad_la_coruna,2003-04,train
2004-03-28_celta_zaragoza,2003-04,train
2004-03-28_malaga_albacete,2003-04,train
2004-03-28_murcia_mallorca,2003-04,train
2004-03-28_real_madrid_sevilla,2003-04,train
2004-03-28_santander_valencia,2003-04,train
2004-03-28_valladolid_osasuna,2003-04,train
2004-03-28_villarreal_ath_madrid,2003-04,train
2004-04-03_albacete_real_madrid,2003-04,train
2004-04-03_barcelona_villarreal,2003-04,train
2004-04-03_sevilla_espanol,2003-04,train
2004-04-04_ath_bilbao_celta,2003-04,train
2004-04-04_ath_madrid_valladolid,2003-04,train
2004-04-04_la_coruna_betis,2003-04,train
2004-04-04_mallorca_sociedad,2003-04,train
2004-04-04_osasuna_malaga,2003-04,train
2004-04-04_valencia_murcia,2003-04,train
2004-04-04_zaragoza_santander,2003-04,train
2004-04-10_celta_sevilla,2003-04,train
2004-04-10_malaga_ath_madrid,2003-04,train
2004-04-10_valladolid_barcelona,2003-04,train
2004-04-11_betis_mallorca,2003-04,train
2004-04-11_espanol_albacete,2003-04,train
2004-04-11_real_madrid_osasuna,2003-04,train
2004-04-11_santander_ath_bilbao,2003-04,train
2004-04-11_sociedad_murcia,2003-04,train
2004-04-11_villarreal_la_coruna,2003-04,train
2004-04-11_zaragoza_valencia,2003-04,train
2004-04-14_betis_barcelona,2003-04,train
2004-04-17_ath_bilbao_zaragoza,2003-04,train
2004-04-17_ath_madrid_real_madrid,2003-04,train
2004-04-17_la_coruna_valladolid,2003-04,train
2004-04-18_albacete_celta,2003-04,train
2004-04-18_barcelona_malaga,2003-04,train
2004-04-18_mallorca_villarreal,2003-04,train
2004-04-18_murcia_betis,2003-04,train
2004-04-18_osasuna_espanol,2003-04,train
2004-04-18_sevilla_santander,2003-04,train
2004-04-18_valencia_sociedad,2003-04,train
2004-04-24_espanol_ath_madrid,2003-04,train
2004-04-24_malaga_la_coruna,2003-04,train
2004-04-25_ath_bilbao_valencia,2003-04,train
2004-04-25_betis_sociedad,2003-04,train
2004-04-25_celta_osasuna,2003-04,train
2004-04-25_real_madrid_barcelona,2003-04,train
2004-04-25_santander_albacete,2003-04,train
2004-04-25_valladolid_mallorca,2003-04,train
2004-04-25_villarreal_murcia,2003-04,train
2004-04-25_zaragoza_sevilla,2003-04,train
2004-05-01_ath_madrid_celta,2003-04,train
2004-05-01_la_coruna_real_madrid,2003-04,train
2004-05-02_albacete_zaragoza,2003-04,train
2004-05-02_barcelona_espanol,2003-04,train
2004-05-02_mallorca_malaga,2003-04,train
2004-05-02_murcia_valladolid,2003-04,train
2004-05-02_osasuna_santander,2003-04,train
2004-05-02_sevilla_ath_bilbao,2003-04,train
2004-05-02_sociedad_villarreal,2003-04,train
2004-05-02_valencia_betis,2003-04,train
2004-05-08_celta_barcelona,2003-04,train
2004-05-08_real_madrid_mallorca,2003-04,train
2004-05-09_ath_bilbao_albacete,2003-04,train
2004-05-09_espanol_la_coruna,2003-04,train
2004-05-09_malaga_murcia,2003-04,train
2004-05-09_santander_ath_madrid,2003-04,train
2004-05-09_sevilla_valencia,2003-04,train
2004-05-09_valladolid_sociedad,2003-04,train
2004-05-09_villarreal_betis,2003-04,train
2004-05-09_zaragoza_osasuna,2003-04,train
2004-05-14_villarreal_valencia,2003-04,train
2004-05-15_betis_valladolid,2003-04,train
2004-05-15_la_coruna_celta,2003-04,train
2004-05-16_albacete_sevilla,2003-04,train
2004-05-16_ath_madrid_zaragoza,2003-04,train
2004-05-16_barcelona_santander,2003-04,train
2004-05-16_mallorca_espanol,2003-04,train
2004-05-16_murcia_real_madrid,2003-04,train
2004-05-16_osasuna_ath_bilbao,2003-04,train
2004-05-16_sociedad_malaga,2003-04,train
2004-05-23_ath_bilbao_ath_madrid,2003-04,train
2004-05-23_celta_mallorca,2003-04,train
2004-05-23_espanol_murcia,2003-04,train
2004-05-23_malaga_betis,2003-04,train
2004-05-23_real_madrid_sociedad,2003-04,train
2004-05-23_santander_la_coruna,2003-04,train
2004-05-23_sevilla_osasuna,2003-04,train
2004-05-23_valencia_albacete,2003-04,train
2004-05-23_valladolid_villarreal,2003-04,train
2004-05-23_zaragoza_barcelona,2003-04,train
2004-08-28_ath_madrid_malaga,2004-05,train
2004-08-28_espanol_la_coruna,2004-05,train
2004-08-28_numancia_betis,2004-05,train
2004-08-29_mallorca_real_madrid,2004-05,train
2004-08-29_osasuna_ath_bilbao,2004-05,train
2004-08-29_santander_barcelona,2004-05,train
2004-08-29_sevilla_albacete,2004-05,train
2004-08-29_sociedad_levante,2004-05,train
2004-08-29_zaragoza_getafe,2004-05,train
2004-08-30_valencia_villarreal,2004-05,train
2004-09-11_ath_bilbao_valencia,2004-05,train
2004-09-11_barcelona_sevilla,2004-05,train
2004-09-11_real_madrid_numancia,2004-05,train
2004-09-12_albacete_ath_madrid,2004-05,train
2004-09-12_betis_espanol,2004-05,train
2004-09-12_getafe_mallorca,2004-05,train
2004-09-12_la_coruna_osasuna,2004-05,train
2004-09-12_levante_santander,2004-05,train
2004-09-12_malaga_zaragoza,2004-05,train
2004-09-12_villarreal_sociedad,2004-05,train
2004-09-18_espanol_real_madrid,2004-05,train
2004-09-18_osasuna_betis,2004-05,train
2004-09-18_valencia_sociedad,2004-05,train
2004-09-19_ath_bilbao_la_coruna,2004-05,train
2004-09-19_ath_madrid_barcelona,2004-05,train
2004-09-19_mallorca_malaga,2004-05,train
2004-09-19_numancia_getafe,2004-05,train
2004-09-19_santander_villarreal,2004-05,train
2004-09-19_sevilla_levante,2004-05,train
2004-09-19_zaragoza_albacete,2004-05,train
2004-09-21_real_madrid_osasuna,2004-05,train
2004-09-22_albacete_mallorca,2004-05,train
2004-09-22_betis_ath_bilbao,2004-05,train
2004-09-22_getafe_espanol,2004-05,train
2004-09-22_la_coruna_valencia,2004-05,train
2004-09-22_levante_ath_madrid,2004-05,train
2004-09-22_malaga_numancia,2004-05,train
2004-09-22_sociedad_santander,2004-05,train
2004-09-22_villarreal_sevilla,2004-05,train
2004-09-23_barcelona_zaragoza,2004-05,train
2004-09-25_ath_bilbao_real_madrid,2004-05,train
2004-09-25_ath_madrid_villarreal,2004-05,train
2004-09-25_la_coruna_betis,2004-05,train
2004-09-26_espanol_malaga,2004-05,train
2004-09-26_mallorca_barcelona,2004-05,train
2004-09-26_numancia_albacete,2004-05,train
2004-09-26_osasuna_getafe,2004-05,train
2004-09-26_sevilla_sociedad,2004-05,train
2004-09-26_valencia_santander,2004-05,train
2004-09-26_zaragoza_levante,2004-05,train
2004-10-02_betis_valencia,2004-05,train
2004-10-02_sociedad_ath_madrid,2004-05,train
2004-10-03_albacete_espanol,2004-05,train
2004-10-03_barcelona_numancia,2004-05,train
2004-10-03_getafe_ath_bilbao,2004-05,train
2004-10-03_levante_mallorca,2004-05,train
2004-10-03_malaga_osasuna,2004-05,train
2004-10-03_real_madrid_la_coruna,2004-05,train
2004-10-03_santander_sevilla,2004-05,train
2004-10-03_villarreal_zaragoza,2004-05,train
2004-10-16_betis_real_madrid,2004-05,train
2004-10-16_espanol_barcelona,2004-05,train
2004-10-16_la_coruna_getafe,2004-05,train
2004-10-17_ath_bilbao_malaga,2004-05,train
2004-10-17_ath_madrid_santander,2004-05,train
2004-10-17_mallorca_villarreal,2004-05,train
2004-10-17_numancia_levante,2004-05,train
2004-10-17_osasuna_albacete,2004-05,train
2004-10-17_valencia_sevilla,2004-05,train
2004-10-17_zaragoza_sociedad,2004-05,train
2004-10-23_malaga_la_coruna,2004-05,train
2004-10-23_real_madrid_valencia,2004-05,train
2004-10-24_albacete_ath_bilbao,2004-05,train
2004-10-24_barcelona_osasuna,2004-05,train
2004-10-24_getafe_betis,2004-05,train
2004-10-24_levante_espanol,2004-05,train
2004-10-24_santander_zaragoza,2004-05,train
2004-10-24_sevilla_ath_madrid,2004-05,train
2004-10-24_sociedad_mallorca,2004-05,train
2004-10-24_villarreal_numancia,2004-05,train
2004-10-30_ath_bilbao_barcelona,2004-05,train
2004-10-30_valencia_ath_madrid,2004-05,train
2004-10-31_betis_malaga,2004-05,train
2004-10-31_espanol_villarreal,2004-05,train
2004-10-31_la_coruna_albacete,2004-05,train
2004-10-31_mallorca_santander,2004-05,train
2004-10-31_numancia_sociedad,2004-05,train
2004-10-31_osasuna_levante,2004-05,train
2004-10-31_real_madrid_getafe,2004-05,train
2004-10-31_zaragoza_sevilla,2004-05,train
2004-11-06_albacete_betis,2004-05,train
2004-11-06_barcelona_la_coruna,2004-05,train
2004-11-07_ath_madrid_zaragoza,2004-05,train
2004-11-07_getafe_valencia,2004-05,train
2004-11-07_levante_ath_bilbao,2004-05,train
2004-11-07_malaga_real_madrid,2004-05,train
2004-11-07_santander_numancia,2004-05,train
2004-11-07_sevilla_mallorca,2004-05,train
2004-11-07_sociedad_espanol,2004-05,train
2004-11-07_villarreal_osasuna,2004-05,train
2004-11-13_ath_bilbao_villarreal,2004-05,train
2004-11-13_espanol_santander,2004-05,train
2004-11-13_getafe_malaga,2004-05,train
2004-11-13_la_coruna_levante,2004-05,train
2004-11-13_numancia_sevilla,2004-05,train
2004-11-13_osasuna_sociedad,2004-05,train
2004-11-13_valencia_zaragoza,2004-05,train
2004-11-14_betis_barcelona,2004-05,train
2004-11-14_mallorca_ath_madrid,2004-05,train
2004-11-14_real_madrid_albacete,2004-05,train
2004-11-20_barcelona_real_madrid,2004-05,train
2004-11-20_malaga_valencia,2004-05,train
2004-11-20_villarreal_la_coruna,2004-05,train
2004-11-21_albacete_getafe,2004-05,train
2004-11-21_ath_madrid_numancia,2004-05,train
2004-11-21_levante_betis,2004-05,train
2004-11-21_santander_osasuna,2004-05,train
2004-11-21_sevilla_espanol,2004-05,train
2004-11-21_sociedad_ath_bilbao,2004-05,train
2004-11-21_zaragoza_mallorca,2004-05,train
2004-11-27_ath_bilbao_santander,2004-05,train
2004-11-27_espanol_ath_madrid,2004-05,train
2004-11-27_getafe_barcelona,2004-05,train
2004-11-28_betis_villarreal,2004-05,train
2004-11-28_la_coruna_sociedad,2004-05,train
2004-11-28_malaga_albacete,2004-05,train
2004-11-28_numancia_zaragoza,2004-05,train
2004-11-28_osasuna_sevilla,2004-05,train
2004-11-28_real_madrid_levante,2004-05,train
2004-11-28_valencia_mallorca,2004-05,train
2004-12-04_albacete_valencia,2004-05,train
2004-12-04_barcelona_malaga,2004-05,train
2004-12-04_sociedad_betis,2004-05,train
2004-12-05_ath_madrid_osasuna,2004-05,train
2004-12-05_levante_getafe,2004-05,train
2004-12-05_mallorca_numancia,2004-05,train
2004-12-05_santander_la_coruna,2004-05,train
2004-12-05_sevilla_ath_bilbao,2004-05,train
2004-12-05_villarreal_real_madrid,2004-05,train
2004-12-05_zaragoza_espanol,2004-05,train
2004-12-11_albacete_barcelona,2004-05,train
2004-12-11_ath_bilbao_ath_madrid,2004-05,train
2004-12-12_betis_santander,2004-05,train
2004-12-12_espanol_mallorca,2004-05,train
2004-12-12_getafe_villarreal,2004-05,train
2004-12-12_la_coruna_sevilla,2004-05,train
2004-12-12_malaga_levante,2004-05,train
2004-12-12_osasuna_zaragoza,2004-05,train
2004-12-12_valencia_numancia,2004-05,train
2004-12-18_barcelona_valencia,2004-05,train
2004-12-18_levante_albacete,2004-05,train
2004-12-18_santander_real_madrid,2004-05,train
2004-12-19_ath_madrid_la_coruna,2004-05,train
2004-12-19_mallorca_osasuna,2004-05,train
2004-12-19_numancia_espanol,2004-05,train
2004-12-19_sevilla_betis,2004-05,train
2004-12-19_sociedad_getafe,2004-05,train
2004-12-19_villarreal_malaga,2004-05,train
2004-12-19_zaragoza_ath_bilbao,2004-05,train
2004-12-21_barcelona_levante,2004-05,train
2004-12-21_betis_ath_madrid,2004-05,train
2004-12-22_albacete_villarreal,2004-05,train
2004-12-22_ath_bilbao_mallorca,2004-05,train
2004-12-22_getafe_santander,2004-05,train
2004-12-22_la_coruna_zaragoza,2004-05,train
2004-12-22_malaga_sociedad,2004-05,train
2004-12-22_osasuna_numancia,2004-05,train
2004-12-22_real_madrid_sevilla,2004-05,train
2004-12-22_valencia_espanol,2004-05,train
2005-01-05_real_madrid_sociedad,2004-05,train
2005-01-08_numancia_ath_bilbao,2004-05,train
2005-01-08_sevilla_getafe,2004-05,train
2005-01-08_valencia_levante,2004-05,train
2005-01-09_ath_madrid_real_madrid,2004-05,train
2005-01-09_espanol_osasuna,2004-05,train
2005-01-09_mallorca_la_coruna,2004-05,train
2005-01-09_santander_malaga,2004-05,train
2005-01-09_sociedad_albacete,2004-05,train
2005-01-09_villarreal_barcelona,2004-05,train
2005-01-09_zaragoza_betis,2004-05,train
2005-01-15_getafe_ath_madrid,2004-05,train
2005-01-15_malaga_sevilla,2004-05,train
2005-01-16_albacete_santander,2004-05,train
2005-01-16_ath_bilbao_espanol,2004-05,train
2005-01-16_barcelona_sociedad,2004-05,train
2005-01-16_betis_mallorca,2004-05,train
2005-01-16_la_coruna_numancia,2004-05,train
2005-01-16_levante_villarreal,2004-05,train
2005-01-16_osasuna_valencia,2004-05,train
2005-01-16_real_madrid_zaragoza,2004-05,train
2005-01-22_ath_bilbao_osasuna,2004-05,train
2005-01-22_barcelona_santander,2004-05,train
2005-01-23_albacete_sevilla,2004-05,train
2005-01-23_betis_numancia,2004-05,train
2005-01-23_getafe_zaragoza,2004-05,train
2005-01-23_la_coruna_espanol,2004-05,train
2005-01-23_levante_sociedad,2004-05,train
2005-01-23_malaga_ath_madrid,2004-05,train
2005-01-23_real_madrid_mallorca,2004-05,train
2005-01-23_villarreal_valencia,2004-05,train
2005-01-29_ath_madrid_albacete,2004-05,train
2005-01-29_sevilla_barcelona,2004-05,train
2005-01-30_espanol_betis,2004-05,train
2005-01-30_mallorca_getafe,2004-05,train
2005-01-30_numancia_real_madrid,2004-05,train
2005-01-30_osasuna_la_coruna,2004-05,train
2005-01-30_santander_levante,2004-05,train
2005-01-30_sociedad_villarreal,2004-05,train
2005-01-30_valencia_ath_bilbao,2004-05,train
2005-01-30_zaragoza_malaga,2004-05,train
2005-02-05_real_madrid_espanol,2004-05,train
2005-02-05_sociedad_valencia,2004-05,train
2005-02-06_albacete_zaragoza,2004-05,train
2005-02-06_barcelona_ath_madrid,2004-05,train
2005-02-06_betis_osasuna,2004-05,train
2005-02-06_getafe_numancia,2004-05,train
2005-02-06_la_coruna_ath_bilbao,2004-05,train
2005-02-06_levante_sevilla,2004-05,train
2005-02-06_malaga_mallorca,2004-05,train
2005-02-06_villarreal_santander,2004-05,train
2005-02-12_valencia_la_coruna,2004-05,train
2005-02-12_zaragoza_barcelona,2004-05,train
2005-02-13_ath_bilbao_betis,2004-05,train
2005-02-13_ath_madrid_levante,2004-05,train
2005-02-13_espanol_getafe,2004-05,train
2005-02-13_mallorca_albacete,2004-05,train
2005-02-13_numancia_malaga,2004-05,train
2005-02-13_osasuna_real_madrid,2004-05,train
2005-02-13_santander_sociedad,2004-05,train
2005-02-13_sevilla_villarreal,2004-05,train
2005-02-19_barcelona_mallorca,2004-05,train
2005-02-19_real_madrid_ath_bilbao,2004-05,train
2005-02-19_sociedad_sevilla,2004-05,train
2005-02-20_albacete_numancia,2004-05,train
2005-02-20_betis_la_coruna,2004-05,train
2005-02-20_getafe_osasuna,2004-05,train
2005-02-20_levante_zaragoza,2004-05,train
2005-02-20_malaga_espanol,2004-05,train
2005-02-20_santander_valencia,2004-05,train
2005-02-20_villarreal_ath_madrid,2004-05,train
2005-02-26_espanol_albacete,2004-05,train
2005-02-26_la_coruna_real_madrid,2004-05,train
2005-02-26_mallorca_levante,2004-05,train
2005-02-26_numancia_barcelona,2004-05,train
2005-02-27_ath_madrid_sociedad,2004-05,train
2005-02-27_osasuna_malaga,2004-05,train
2005-02-27_sevilla_santander,2004-05,train
2005-02-27_valencia_betis,2004-05,train
2005-02-27_zaragoza_villarreal,2004-05,train
2005-03-01_barcelona_espanol,2004-05,train
2005-03-02_albacete_osasuna,2004-05,train
2005-03-02_getafe_la_coruna,2004-05,train
2005-03-02_levante_numancia,2004-05,train
2005-03-02_malaga_ath_bilbao,2004-05,train
2005-03-02_real_madrid_betis,2004-05,train
2005-03-02_santander_ath_madrid,2004-05,train
2005-03-02_sevilla_valencia,2004-05,train
2005-03-02_sociedad_zaragoza,2004-05,train
2005-03-02_villarreal_mallorca,2004-05,train
2005-03-05_ath_madrid_sevilla,2004-05,train
2005-03-05_osasuna_barcelona,2004-05,train
2005-03-05_valencia_real_madrid,2004-05,train
2005-03-06_ath_bilbao_albacete,2004-05,train
2005-03-06_betis_getafe,2004-05,train
2005-03-06_espanol_levante,2004-05,train
2005-03-06_la_coruna_malaga,2004-05,train
2005-03-06_mallorca_sociedad,2004-05,train
2005-03-06_numancia_villarreal,2004-05,train
2005-03-06_zaragoza_santander,2004-05,train
2005-03-12_barcelona_ath_bilbao,2004-05,train
2005-03-12_malaga_betis,2004-05,train
2005-03-13_albacete_la_coruna,2004-05,train
2005-03-13_ath_madrid_valencia,2004-05,train
2005-03-13_getafe_real_madrid,2004-05,train
2005-03-13_levante_osasuna,2004-05,train
2005-03-13_santander_mallorca,2004-05,train
2005-03-13_sevilla_zaragoza,2004-05,train
2005-03-13_sociedad_numancia,2004-05,train
2005-03-13_villarreal_espanol,2004-05,train
2005-03-16_ath_bilbao_getafe,2004-05,train
2005-03-19_betis_albacete,2004-05,train
2005-03-19_espanol_sociedad,2004-05,train
2005-03-19_la_coruna_barcelona,2004-05,train
2005-03-20_ath_bilbao_levante,2004-05,train
2005-03-20_mallorca_sevilla,2004-05,train
2005-03-20_numancia_santander,2004-05,train
2005-03-20_real_madrid_malaga,2004-05,train
2005-03-20_valencia_getafe,2004-05,train
2005-03-20_zaragoza_ath_madrid,2004-05,train
2005-04-02_sociedad_osasuna,2004-05,train
2005-04-02_villarreal_ath_bilbao,2004-05,train
2005-04-02_zaragoza_valencia,2004-05,train
2005-04-03_albacete_real_madrid,2004-05,train
2005-04-03_ath_madrid_mallorca,2004-05,train
2005-04-03_barcelona_betis,2004-05,train
2005-04-03_levante_la_coruna,2004-05,train
2005-04-03_malaga_getafe,2004-05,train
2005-04-03_santander_espanol,2004-05,train
2005-04-03_sevilla_numancia,2004-05,train
2005-04-09_ath_bilbao_sociedad,2004-05,train
2005-04-09_numancia_ath_madrid,2004-05,train
2005-04-10_betis_levante,2004-05,train
2005-04-10_espanol_sevilla,2004-05,train
2005-04-10_getafe_albacete,2004-05,train
2005-04-10_la_coruna_villarreal,2004-05,train
2005-04-10_mallorca_zaragoza,2004-05,train
2005-04-10_osasuna_santander,2004-05,train
2005-04-10_real_madrid_barcelona,2004-05,train
2005-04-10_valencia_malaga,2004-05,train
2005-04-16_ath_madrid_espanol,2004-05,train
2005-04-16_sevilla_osasuna,2004-05,train
2005-04-16_sociedad_la_coruna,2004-05,train
2005-04-17_albacete_malaga,2004-05,train
2005-04-17_barcelona_getafe,2004-05,train
2005-04-17_levante_real_madrid,2004-05,train
2005-04-17_mallorca_valencia,2004-05,train
2005-04-17_santander_ath_bilbao,2004-05,train
2005-04-17_villarreal_betis,2004-05,train
2005-04-17_zaragoza_numancia,2004-05,train
2005-04-23_osasuna_ath_madrid,2004-05,train
2005-04-23_real_madrid_villarreal,2004-05,train
2005-04-24_ath_bilbao_sevilla,2004-05,train
2005-04-24_betis_sociedad,2004-05,train
2005-04-24_espanol_zaragoza,2004-05,train
2005-04-24_getafe_levante,2004-05,train
2005-04-24_la_coruna_santander,2004-05,train
2005-04-24_malaga_barcelona,2004-05,train
2005-04-24_numancia_mallorca,2004-05,train
2005-04-24_valencia_albacete,2004-05,train
2005-04-28_osasuna_villarreal,2004-05,train
2005-04-30_ath_madrid_ath_bilbao,2004-05,train
2005-04-30_numancia_valencia,2004-05,train
2005-04-30_sociedad_real_madrid,2004-05,train
2005-05-01_barcelona_albacete,2004-05,train
2005-05-01_levante_malaga,2004-05,train
2005-05-01_mallorca_espanol,2004-05,train
2005-05-01_santander_betis,2004-05,train
2005-05-01_sevilla_la_coruna,2004-05,train
2005-05-01_villarreal_getafe,2004-05,train
2005-05-01_zaragoza_osasuna,2004-05,train
2005-05-07_ath_bilbao_zaragoza,2004-05,train
2005-05-07_betis_sevilla,2004-05,train
2005-05-07_osasuna_mallorca,2004-05,train
2005-05-07_real_madrid_santander,2004-05,train
2005-05-08_albacete_levante,2004-05,train
2005-05-08_espanol_numancia,2004-05,train
2005-05-08_getafe_sociedad,2004-05,train
2005-05-08_la_coruna_ath_madrid,2004-05,train
2005-05-08_malaga_villarreal,2004-05,train
2005-05-08_valencia_barcelona,2004-05,train
2005-05-14_levante_barcelona,2004-05,train
2005-05-14_sevilla_real_madrid,2004-05,train
2005-05-15_ath_madrid_betis,2004-05,train
2005-05-15_espanol_valencia,2004-05,train
2005-05-15_mallorca_ath_bilbao,2004-05,train
2005-05-15_numancia_osasuna,2004-05,train
2005-05-15_santander_getafe,2004-05,train
2005-05-15_sociedad_malaga,2004-05,train
2005-05-15_villarreal_albacete,2004-05,train
2005-05-15_zaragoza_la_coruna,2004-05,train
2005-05-21_betis_zaragoza,2004-05,train
2005-05-21_real_madrid_ath_madrid,2004-05,train
2005-05-22_albacete_sociedad,2004-05,train
2005-05-22_ath_bilbao_numancia,2004-05,train
2005-05-22_barcelona_villarreal,2004-05,train
2005-05-22_getafe_sevilla,2004-05,train
2005-05-22_la_coruna_mallorca,2004-05,train
2005-05-22_levante_valencia,2004-05,train
2005-05-22_malaga_santander,2004-05,train
2005-05-22_osasuna_espanol,2004-05,train
2005-05-29_ath_madrid_getafe,2004-05,train
2005-05-29_espanol_ath_bilbao,2004-05,train
2005-05-29_mallorca_betis,2004-05,train
2005-05-29_numancia_la_coruna,2004-05,train
2005-05-29_santander_albacete,2004-05,train
2005-05-29_sevilla_malaga,2004-05,train
2005-05-29_sociedad_barcelona,2004-05,train
2005-05-29_valencia_osasuna,2004-05,train
2005-05-29_villarreal_levante,2004-05,train
2005-05-29_zaragoza_real_madrid,2004-05,train
2005-08-27_alaves_barcelona,2005-06,train
2005-08-27_ath_bilbao_sociedad,2005-06,train
2005-08-27_valencia_betis,2005-06,train
2005-08-28_ath_madrid_zaragoza,2005-06,train
2005-08-28_cadiz_real_madrid,2005-06,train
2005-08-28_celta_malaga,2005-06,train
2005-08-28_espanol_getafe,2005-06,train
2005-08-28_mallorca_la_coruna,2005-06,train
2005-08-28_osasuna_villarreal,2005-06,train
2005-08-28_sevilla_santander,2005-06,train
2005-09-10_betis_osasuna,2005-06,train
2005-09-10_la_coruna_ath_madrid,2005-06,train
2005-09-10_real_madrid_celta,2005-06,train
2005-09-11_barcelona_mallorca,2005-06,train
2005-09-11_getafe_ath_bilbao,2005-06,train
2005-09-11_malaga_espanol,2005-06,train
2005-09-11_santander_cadiz,2005-06,train
2005-09-11_sociedad_alaves,2005-06,train
2005-09-11_villarreal_sevilla,2005-06,train
2005-09-11_zaragoza_valencia,2005-06,train
2005-09-17_mallorca_sociedad,2005-06,train
2005-09-17_valencia_la_coruna,2005-06,train
2005-09-18_alaves_getafe,2005-06,train
2005-09-18_ath_bilbao_malaga,2005-06,train
2005-09-18_ath_madrid_barcelona,2005-06,train
2005-09-18_betis_zaragoza,2005-06,train
2005-09-18_cadiz_villarreal,2005-06,train
2005-09-18_celta_santander,2005-06,train
2005-09-18_espanol_real_madrid,2005-06,train
2005-09-18_osasuna_sevilla,2005-06,train
2005-09-21_barcelona_valencia,2005-06,train
2005-09-21_getafe_mallorca,2005-06,train
2005-09-21_la_coruna_betis,2005-06,train
2005-09-21_malaga_alaves,2005-06,train
2005-09-21_santander_espanol,2005-06,train
2005-09-21_sevilla_cadiz,2005-06,train
2005-09-21_sociedad_ath_madrid,2005-06,train
2005-09-21_villarreal_celta,2005-06,train
2005-09-21_zaragoza_osasuna,2005-06,train
2005-09-22_real_madrid_ath_bilbao,2005-06,train
2005-09-24_ath_madrid_getafe,2005-06,train
2005-09-24_betis_barcelona,2005-06,train
2005-09-24_espanol_villarreal,2005-06,train
2005-09-24_valencia_sociedad,2005-06,train
2005-09-24_zaragoza_la_coruna,2005-06,train
2005-09-25_alaves_real_madrid,2005-06,train
2005-09-25_ath_bilbao_santander,2005-06,train
2005-09-25_celta_sevilla,2005-06,train
2005-09-25_mallorca_malaga,2005-06,train
2005-09-25_osasuna_cadiz,2005-06,train
2005-10-01_barcelona_zaragoza,2005-06,train
2005-10-01_getafe_valencia,2005-06,train
2005-10-02_cadiz_celta,2005-06,train
2005-10-02_la_coruna_osasuna,2005-06,train
2005-10-02_malaga_ath_madrid,2005-06,train
2005-10-02_real_madrid_mallorca,2005-06,train
2005-10-02_santander_alaves,2005-06,train
2005-10-02_sevilla_espanol,2005-06,train
2005-10-02_sociedad_betis,2005-06,train
2005-10-02_villarreal_ath_bilbao,2005-06,train
2005-10-15_alaves_villarreal,2005-06,train
2005-10-15_ath_madrid_real_madrid,2005-06,train
2005-10-15_la_coruna_barcelona,2005-06,train
2005-10-16_ath_bilbao_sevilla,2005-06,train
2005-10-16_betis_getafe,2005-06,train
2005-10-16_espanol_cadiz,2005-06,train
2005-10-16_mallorca_santander,2005-06,train
2005-10-16_osasuna_celta,2005-06,train
2005-10-16_valencia_malaga,2005-06,train
2005-10-16_zaragoza_sociedad,2005-06,train
2005-10-22_barcelona_osasuna,2005-06,train
2005-10-22_sevilla_alaves,2005-06,train
2005-10-23_cadiz_ath_bilbao,2005-06,train
2005-10-23_celta_espanol,2005-06,train
2005-10-23_getafe_zaragoza,2005-06,train
2005-10-23_malaga_betis,2005-06,train
2005-10-23_real_madrid_valencia,2005-06,train
2005-10-23_santander_ath_madrid,2005-06,train
2005-10-23_sociedad_la_coruna,2005-06,train
2005-10-23_villarreal_mallorca,2005-06,train
2005-10-26_barcelona_malaga,2005-06,train
2005-10-26_betis_villarreal,2005-06,train
2005-10-26_la_coruna_real_madrid,2005-06,train
2005-10-26_mallorca_celta,2005-06,train
2005-10-26_osasuna_ath_bilbao,2005-06,train
2005-10-27_alaves_espanol,2005-06,train
2005-10-27_ath_madrid_cadiz,2005-06,train
2005-10-27_sociedad_getafe,2005-06,train
2005-10-27_valencia_sevilla,2005-06,train
2005-10-27_zaragoza_santander,2005-06,train
2005-10-29_ath_bilbao_celta,2005-06,train
2005-10-29_betis_real_madrid,2005-06,train
2005-10-30_alaves_cadiz,2005-06,train
2005-10-30_ath_madrid_villarreal,2005-06,train
2005-10-30_barcelona_sociedad,2005-06,train
2005-10-30_la_coruna_getafe,2005-06,train
2005-10-30_mallorca_sevilla,2005-06,train
2005-10-30_osasuna_espanol,2005-06,train
2005-10-30_valencia_santander,2005-06,train
2005-10-30_zaragoza_malaga,2005-06,train
2005-11-05_espanol_ath_bilbao,2005-06,train
2005-11-05_sociedad_osasuna,2005-06,train
2005-11-05_villarreal_valencia,2005-06,train
2005-11-06_cadiz_mallorca,2005-06,train
2005-11-06_celta_alaves,2005-06,train
2005-11-06_getafe_barcelona,2005-06,train
2005-11-06_malaga_la_coruna,2005-06,train
2005-11-06_real_madrid_zaragoza,2005-06,train
2005-11-06_santander_betis,2005-06,train
2005-11-06_sevilla_ath_madrid,2005-06,train
2005-11-19_getafe_osasuna,2005-06,train
2005-11-19_real_madrid_barcelona,2005-06,train
2005-11-19_sevilla_betis,2005-06,train
2005-11-19_villarreal_zaragoza,2005-06,train
2005-11-20_ath_bilbao_alaves,2005-06,train
2005-11-20_cadiz_valencia,2005-06,train
2005-11-20_celta_ath_madrid,2005-06,train
2005-11-20_espanol_mallorca,2005-06,train
2005-11-20_malaga_sociedad,2005-06,train
2005-11-20_santander_la_coruna,2005-06,train
2005-11-26_mallorca_ath_bilbao,2005-06,train
2005-11-26_valencia_celta,2005-06,train
2005-11-27_ath_madrid_espanol,2005-06,train
2005-11-27_barcelona_santander,2005-06,train
2005-11-27_betis_cadiz,2005-06,train
2005-11-27_getafe_malaga,2005-06,train
2005-11-27_la_coruna_villarreal,2005-06,train
2005-11-27_osasuna_alaves,2005-06,train
2005-11-27_sociedad_real_madrid,2005-06,train
2005-11-27_zaragoza_sevilla,2005-06,train
2005-12-03_ath_bilbao_ath_madrid,2005-06,train
2005-12-03_celta_betis,2005-06,train
2005-12-03_real_madrid_getafe,2005-06,train
2005-12-04_alaves_mallorca,2005-06,train
2005-12-04_cadiz_zaragoza,2005-06,train
2005-12-04_espanol_valencia,2005-06,train
2005-12-04_malaga_osasuna,2005-06,train
2005-12-04_santander_sociedad,2005-06,train
2005-12-04_sevilla_la_coruna,2005-06,train
2005-12-04_villarreal_barcelona,2005-06,train
2005-12-10_sociedad_villarreal,2005-06,train
2005-12-10_valencia_ath_bilbao,2005-06,train
2005-12-11_ath_madrid_alaves,2005-06,train
2005-12-11_barcelona_sevilla,2005-06,train
2005-12-11_betis_espanol,2005-06,train
2005-12-11_getafe_santander,2005-06,train
2005-12-11_la_coruna_cadiz,2005-06,train
2005-12-11_malaga_real_madrid,2005-06,train
2005-12-11_osasuna_mallorca,2005-06,train
2005-12-11_zaragoza_celta,2005-06,train
2005-12-17_ath_bilbao_betis,2005-06,train
2005-12-17_cadiz_barcelona,2005-06,train
2005-12-17_celta_la_coruna,2005-06,train
2005-12-18_alaves_valencia,2005-06,train
2005-12-18_espanol_zaragoza,2005-06,train
2005-12-18_mallorca_ath_madrid,2005-06,train
2005-12-18_real_madrid_osasuna,2005-06,train
2005-12-18_santander_malaga,2005-06,train
2005-12-18_sevilla_sociedad,2005-06,train
2005-12-18_villarreal_getafe,2005-06,train
2005-12-20_barcelona_celta,2005-06,train
2005-12-21_betis_alaves,2005-06,train
2005-12-21_getafe_sevilla,2005-06,train
2005-12-21_la_coruna_espanol,2005-06,train
2005-12-21_malaga_villarreal,2005-06,train
2005-12-21_real_madrid_santander,2005-06,train
2005-12-21_sociedad_cadiz,2005-06,train
2005-12-21_valencia_mallorca,2005-06,train
2005-12-21_zaragoza_ath_bilbao,2005-06,train
2005-12-22_osasuna_ath_madrid,2005-06,train
2006-01-07_ath_bilbao_la_coruna,2005-06,train
2006-01-07_espanol_barcelona,2005-06,train
2006-01-08_alaves_zaragoza,2005-06,train
2006-01-08_ath_madrid_valencia,2005-06,train
2006-01-08_cadiz_getafe,2005-06,train
2006-01-08_celta_sociedad,2005-06,train
2006-01-08_mallorca_betis,2005-06,train
2006-01-08_osasuna_santander,2005-06,train
2006-01-08_sevilla_malaga,2005-06,train
2006-01-08_villarreal_real_madrid,2005-06,train
2006-01-14_betis_ath_madrid,2005-06,train
2006-01-14_valencia_osasuna,2005-06,train
2006-01-15_barcelona_ath_bilbao,2005-06,train
2006-01-15_getafe_celta,2005-06,train
2006-01-15_la_coruna_alaves,2005-06,train
2006-01-15_malaga_cadiz,2005-06,train
2006-01-15_real_madrid_sevilla,2005-06,train
2006-01-15_santander_villarreal,2005-06,train
2006-01-15_sociedad_espanol,2005-06,train
2006-01-15_zaragoza_mallorca,2005-06,train
2006-01-21_real_madrid_cadiz,2005-06,train
2006-01-21_zaragoza_ath_madrid,2005-06,train
2006-01-22_barcelona_alaves,2005-06,train
2006-01-22_betis_valencia,2005-06,train
2006-01-22_getafe_espanol,2005-06,train
2006-01-22_la_coruna_mallorca,2005-06,train
2006-01-22_malaga_celta,2005-06,train
2006-01-22_santander_sevilla,2005-06,train
2006-01-22_sociedad_ath_bilbao,2005-06,train
2006-01-22_villarreal_osasuna,2005-06,train
2006-01-28_ath_bilbao_getafe,2005-06,train
2006-01-28_ath_madrid_la_coruna,2005-06,train
2006-01-28_cadiz_santander,2005-06,train
2006-01-29_alaves_sociedad,2005-06,train
2006-01-29_celta_real_madrid,2005-06,train
2006-01-29_espanol_malaga,2005-06,train
2006-01-29_mallorca_barcelona,2005-06,train
2006-01-29_osasuna_betis,2005-06,train
2006-01-29_sevilla_villarreal,2005-06,train
2006-01-29_valencia_zaragoza,2005-06,train
2006-02-04_la_coruna_valencia,2005-06,train
2006-02-04_malaga_ath_bilbao,2005-06,train
2006-02-04_real_madrid_espanol,2005-06,train
2006-02-05_barcelona_ath_madrid,2005-06,train
2006-02-05_getafe_alaves,2005-06,train
2006-02-05_santander_celta,2005-06,train
2006-02-05_sevilla_osasuna,2005-06,train
2006-02-05_sociedad_mallorca,2005-06,train
2006-02-05_villarreal_cadiz,2005-06,train
2006-02-05_zaragoza_betis,2005-06,train
2006-02-11_ath_bilbao_real_madrid,2005-06,train
2006-02-11_cadiz_sevilla,2005-06,train
2006-02-11_osasuna_zaragoza,2005-06,train
2006-02-12_alaves_malaga,2005-06,train
2006-02-12_ath_madrid_sociedad,2005-06,train
2006-02-12_betis_la_coruna,2005-06,train
2006-02-12_celta_villarreal,2005-06,train
2006-02-12_espanol_santander,2005-06,train
2006-02-12_mallorca_getafe,2005-06,train
2006-02-12_valencia_barcelona,2005-06,train
2006-02-18_barcelona_betis,2005-06,train
2006-02-18_real_madrid_alaves,2005-06,train
2006-02-18_sevilla_celta,2005-06,train
2006-02-18_villarreal_espanol,2005-06,train
2006-02-19_cadiz_osasuna,2005-06,train
2006-02-19_getafe_ath_madrid,2005-06,train
2006-02-19_la_coruna_zaragoza,2005-06,train
2006-02-19_malaga_mallorca,2005-06,train
2006-02-19_santander_ath_bilbao,2005-06,train
2006-02-19_sociedad_valencia,2005-06,train
2006-02-25_ath_madrid_malaga,2005-06,train
2006-02-25_zaragoza_barcelona,2005-06,train
2006-02-26_alaves_santander,2005-06,train
2006-02-26_ath_bilbao_villarreal,2005-06,train
2006-02-26_betis_sociedad,2005-06,train
2006-02-26_celta_cadiz,2005-06,train
2006-02-26_espanol_sevilla,2005-06,train
2006-02-26_mallorca_real_madrid,2005-06,train
2006-02-26_osasuna_la_coruna,2005-06,train
2006-02-26_valencia_getafe,2005-06,train
2006-03-04_barcelona_la_coruna,2005-06,train
2006-03-04_cadiz_espanol,2005-06,train
2006-03-04_real_madrid_ath_madrid,2005-06,train
2006-03-04_villarreal_alaves,2005-06,train
2006-03-05_celta_osasuna,2005-06,train
2006-03-05_getafe_betis,2005-06,train
2006-03-05_malaga_valencia,2005-06,train
2006-03-05_santander_mallorca,2005-06,train
2006-03-05_sevilla_ath_bilbao,2005-06,train
2006-03-05_sociedad_zaragoza,2005-06,train
2006-03-11_espanol_celta,2005-06,train
2006-03-11_la_coruna_sociedad,2005-06,train
2006-03-11_valencia_real_madrid,2005-06,train
2006-03-12_alaves_sevilla,2005-06,train
2006-03-12_ath_bilbao_cadiz,2005-06,train
2006-03-12_ath_madrid_santander,2005-06,train
2006-03-12_betis_malaga,2005-06,train
2006-03-12_mallorca_villarreal,2005-06,train
2006-03-12_osasuna_barcelona,2005-06,train
2006-03-12_zaragoza_getafe,2005-06,train
2006-03-18_getafe_la_coruna,2005-06,train
2006-03-18_sociedad_barcelona,2005-06,train
2006-03-18_villarreal_ath_madrid,2005-06,train
2006-03-19_cadiz_alaves,2005-06,train
2006-03-19_celta_ath_bilbao,2005-06,train
2006-03-19_espanol_osasuna,2005-06,train
2006-03-19_malaga_zaragoza,2005-06,train
2006-03-19_real_madrid_betis,2005-06,train
2006-03-19_santander_valencia,2005-06,train
2006-03-19_sevilla_mallorca,2005-06,train
2006-03-21_barcelona_getafe,2005-06,train
2006-03-22_alaves_celta,2005-06,train
2006-03-22_ath_bilbao_espanol,2005-06,train
2006-03-22_betis_santander,2005-06,train
2006-03-22_la_coruna_malaga,2005-06,train
2006-03-22_mallorca_cadiz,2005-06,train
2006-03-22_osasuna_sociedad,2005-06,train
2006-03-22_valencia_villarreal,2005-06,train
2006-03-22_zaragoza_real_madrid,2005-06,train
2006-03-23_ath_madrid_sevilla,2005-06,train
2006-03-25_ath_bilbao_osasuna,2005-06,train
2006-03-25_malaga_barcelona,2005-06,train
2006-03-25_villarreal_betis,2005-06,train
2006-03-26_cadiz_ath_madrid,2005-06,train
2006-03-26_celta_mallorca,2005-06,train
2006-03-26_espanol_alaves,2005-06,train
2006-03-26_getafe_sociedad,2005-06,train
2006-03-26_real_madrid_la_coruna,2005-06,train
2006-03-26_santander_zaragoza,2005-06,train
2006-03-26_sevilla_valencia,2005-06,train
2006-04-01_barcelona_real_madrid,2005-06,train
2006-04-01_sociedad_malaga,2005-06,train
2006-04-01_zaragoza_villarreal,2005-06,train
2006-04-02_alaves_ath_bilbao,2005-06,train
2006-04-02_ath_madrid_celta,2005-06,train
2006-04-02_betis_sevilla,2005-06,train
2006-04-02_la_coruna_santander,2005-06,train
2006-04-02_mallorca_espanol,2005-06,train
2006-04-02_osasuna_getafe,2005-06,train
2006-04-02_valencia_cadiz,2005-06,train
2006-04-08_cadiz_betis,2005-06,train
2006-04-08_celta_valencia,2005-06,train
2006-04-08_malaga_getafe,2005-06,train
2006-04-08_real_madrid_sociedad,2005-06,train
2006-04-09_alaves_osasuna,2005-06,train
2006-04-09_ath_bilbao_mallorca,2005-06,train
2006-04-09_espanol_ath_madrid,2005-06,train
2006-04-09_santander_barcelona,2005-06,train
2006-04-09_sevilla_zaragoza,2005-06,train
2006-04-09_villarreal_la_coruna,2005-06,train
2006-04-14_barcelona_villarreal,2005-06,train
2006-04-15_la_coruna_sevilla,2005-06,train
2006-04-15_mallorca_alaves,2005-06,train
2006-04-15_sociedad_santander,2005-06,train
2006-04-16_ath_madrid_ath_bilbao,2005-06,train
2006-04-16_betis_celta,2005-06,train
2006-04-16_getafe_real_madrid,2005-06,train
2006-04-16_osasuna_malaga,2005-06,train
2006-04-16_valencia_espanol,2005-06,train
2006-04-16_zaragoza_cadiz,2005-06,train
2006-04-22_alaves_ath_madrid,2005-06,train
2006-04-22_celta_zaragoza,2005-06,train
2006-04-22_villarreal_sociedad,2005-06,train
2006-04-23_ath_bilbao_valencia,2005-06,train
2006-04-23_cadiz_la_coruna,2005-06,train
2006-04-23_espanol_betis,2005-06,train
2006-04-23_mallorca_osasuna,2005-06,train
2006-04-23_real_madrid_malaga,2005-06,train
2006-04-23_santander_getafe,2005-06,train
2006-04-29_barcelona_cadiz,2005-06,train
2006-04-29_betis_ath_bilbao,2005-06,train
2006-04-29_la_coruna_celta,2005-06,train
2006-04-30_ath_madrid_mallorca,2005-06,train
2006-04-30_getafe_villarreal,2005-06,train
2006-04-30_malaga_santander,2005-06,train
2006-04-30_osasuna_real_madrid,2005-06,train
2006-04-30_sociedad_sevilla,2005-06,train
2006-04-30_valencia_alaves,2005-06,train
2006-04-30_zaragoza_espanol,2005-06,train
2006-05-03_alaves_betis,2005-06,train
2006-05-03_ath_bilbao_zaragoza,2005-06,train
2006-05-03_ath_madrid_osasuna,2005-06,train
2006-05-03_cadiz_sociedad,2005-06,train
2006-05-03_celta_barcelona,2005-06,train
2006-05-03_espanol_la_coruna,2005-06,train
2006-05-03_mallorca_valencia,2005-06,train
2006-05-03_sevilla_getafe,2005-06,train
2006-05-03_villarreal_malaga,2005-06,train
2006-05-04_santander_real_madrid,2005-06,train
2006-05-06_barcelona_espanol,2005-06,train
2006-05-06_malaga_sevilla,2005-06,train
2006-05-06_valencia_ath_madrid,2005-06,train
2006-05-07_betis_mallorca,2005-06,train
2006-05-07_getafe_cadiz,2005-06,train
2006-05-07_la_coruna_ath_bilbao,2005-06,train
2006-05-07_real_madrid_villarreal,2005-06,train
2006-05-07_santander_osasuna,2005-06,train
2006-05-07_sociedad_celta,2005-06,train
2006-05-07_zaragoza_alaves,2005-06,train
2006-05-13_alaves_la_coruna,2005-06,train
2006-05-13_ath_madrid_betis,2005-06,train
2006-05-13_cadiz_malaga,2005-06,train
2006-05-13_celta_getafe,2005-06,train
2006-05-13_espanol_sociedad,2005-06,train
2006-05-13_mallorca_zaragoza,2005-06,train
2006-05-13_sevilla_barcelona,2005-06,train
2006-05-13_villarreal_santander,2005-06,train
2006-05-16_osasuna_valencia,2005-06,train
2006-05-16_sevilla_real_madrid,2005-06,train
2006-05-20_ath_bilbao_barcelona,2005-06,train
2006-08-26_valencia_betis,2006-07,train
2006-08-27_ath_bilbao_sociedad,2006-07,train
2006-08-27_espanol_gimnastic,2006-07,train
2006-08-27_la_coruna_zaragoza,2006-07,train
2006-08-27_osasuna_getafe,2006-07,train
2006-08-27_real_madrid_villarreal,2006-07,train
2006-08-27_recreativo_mallorca,2006-07,train
2006-08-27_santander_ath_madrid,2006-07,train
2006-08-28_celta_barcelona,2006-07,train
2006-08-29_sevilla_levante,2006-07,train
2006-09-09_ath_madrid_valencia,2006-07,train
2006-09-09_barcelona_osasuna,2006-07,train
2006-09-10_betis_ath_bilbao,2006-07,train
2006-09-10_getafe_santander,2006-07,train
2006-09-10_gimnastic_celta,2006-07,train
2006-09-10_levante_real_madrid,2006-07,train
2006-09-10_mallorca_la_coruna,2006-07,train
2006-09-10_sociedad_sevilla,2006-07,train
2006-09-10_villarreal_recreativo,2006-07,train
2006-09-10_zaragoza_espanol,2006-07,train
2006-09-16_la_coruna_villarreal,2006-07,train
2006-09-17_ath_bilbao_ath_madrid,2006-07,train
2006-09-17_espanol_celta,2006-07,train
2006-09-17_osasuna_gimnastic,2006-07,train
2006-09-17_real_madrid_sociedad,2006-07,train
2006-09-17_recreativo_levante,2006-07,train
2006-09-17_santander_barcelona,2006-07,train
2006-09-17_sevilla_betis,2006-07,train
2006-09-17_valencia_getafe,2006-07,train
2006-09-17_zaragoza_mallorca,2006-07,train
2006-09-23_betis_real_madrid,2006-07,train
2006-09-24_ath_madrid_sevilla,2006-07,train
2006-09-24_barcelona_valencia,2006-07,train
2006-09-24_celta_osasuna,2006-07,train
2006-09-24_getafe_ath_bilbao,2006-07,train
2006-09-24_gimnastic_santander,2006-07,train
2006-09-24_levante_la_coruna,2006-07,train
2006-09-24_mallorca_espanol,2006-07,train
2006-09-24_sociedad_recreativo,2006-07,train
2006-09-24_villarreal_zaragoza,2006-07,train
2006-09-30_ath_bilbao_barcelona,2006-07,train
2006-10-01_espanol_osasuna,2006-07,train
2006-10-01_la_coruna_sociedad,2006-07,train
2006-10-01_mallorca_villarreal,2006-07,train
2006-10-01_real_madrid_ath_madrid,2006-07,train
2006-10-01_recreativo_betis,2006-07,train
2006-10-01_santander_celta,2006-07,train
2006-10-01_sevilla_getafe,2006-07,train
2006-10-01_valencia_gimnastic,2006-07,train
2006-10-01_zaragoza_levante,2006-07,train
2006-10-14_ath_madrid_recreativo,2006-07,train
2006-10-14_getafe_real_madrid,2006-07,train
2006-10-15_barcelona_sevilla,2006-07,train
2006-10-15_betis_la_coruna,2006-07,train
2006-10-15_celta_valencia,2006-07,train
2006-10-15_gimnastic_ath_bilbao,2006-07,train
2006-10-15_levante_mallorca,2006-07,train
2006-10-15_osasuna_santander,2006-07,train
2006-10-15_sociedad_zaragoza,2006-07,train
2006-10-15_villarreal_espanol,2006-07,train
2006-10-21_la_coruna_ath_madrid,2006-07,train
2006-10-21_villarreal_levante,2006-07,train
2006-10-21_zaragoza_betis,2006-07,train
2006-10-22_ath_bilbao_celta,2006-07,train
2006-10-22_espanol_santander,2006-07,train
2006-10-22_mallorca_sociedad,2006-07,train
2006-10-22_real_madrid_barcelona,2006-07,train
2006-10-22_recreativo_getafe,2006-07,train
2006-10-22_sevilla_gimnastic,2006-07,train
2006-10-22_valencia_osasuna,2006-07,train
2006-10-28_barcelona_recreativo,2006-07,train
2006-10-28_gimnastic_real_madrid,2006-07,train
2006-10-28_santander_valencia,2006-07,train
2006-10-29_ath_madrid_zaragoza,2006-07,train
2006-10-29_betis_mallorca,2006-07,train
2006-10-29_celta_sevilla,2006-07,train
2006-10-29_getafe_la_coruna,2006-07,train
2006-10-29_levante_espanol,2006-07,train
2006-10-29_osasuna_ath_bilbao,2006-07,train
2006-10-29_sociedad_villarreal,2006-07,train
2006-11-04_la_coruna_barcelona,2006-07,train
2006-11-04_levante_sociedad,2006-07,train
2006-11-04_mallorca_ath_madrid,2006-07,train
2006-11-05_ath_bilbao_santander,2006-07,train
2006-11-05_espanol_valencia,2006-07,train
2006-11-05_real_madrid_celta,2006-07,train
2006-11-05_recreativo_gimnastic,2006-07,train
2006-11-05_sevilla_osasuna,2006-07,train
2006-11-05_villarreal_betis,2006-07,train
2006-11-05_zaragoza_getafe,2006-07,train
2006-11-11_ath_madrid_villarreal,2006-07,train
2006-11-11_valencia_ath_bilbao,2006-07,train
2006-11-12_barcelona_zaragoza,2006-07,train
2006-11-12_betis_levante,2006-07,train
2006-11-12_celta_recreativo,2006-07,train
2006-11-12_getafe_mallorca,2006-07,train
2006-11-12_gimnastic_la_coruna,2006-07,train
2006-11-12_osasuna_real_madrid,2006-07,train
2006-11-12_santander_sevilla,2006-07,train
2006-11-12_sociedad_espanol,2006-07,train
2006-11-18_real_madrid_santander,2006-07,train
2006-11-18_sevilla_valencia,2006-07,train
2006-11-19_espanol_ath_bilbao,2006-07,train
2006-11-19_la_coruna_celta,2006-07,train
2006-11-19_levante_ath_madrid,2006-07,train
2006-11-19_mallorca_barcelona,2006-07,train
2006-11-19_recreativo_osasuna,2006-07,train
2006-11-19_sociedad_betis,2006-07,train
2006-11-19_villarreal_getafe,2006-07,train
2006-11-19_zaragoza_gimnastic,2006-07,train
2006-11-25_ath_madrid_sociedad,2006-07,train
2006-11-25_barcelona_villarreal,2006-07,train
2006-11-26_ath_bilbao_sevilla,2006-07,train
2006-11-26_betis_espanol,2006-07,train
2006-11-26_celta_zaragoza,2006-07,train
2006-11-26_getafe_levante,2006-07,train
2006-11-26_gimnastic_mallorca,2006-07,train
2006-11-26_osasuna_la_coruna,2006-07,train
2006-11-26_santander_recreativo,2006-07,train
2006-11-26_valencia_real_madrid,2006-07,train
2006-12-02_betis_ath_madrid,2006-07,train
2006-12-02_levante_barcelona,2006-07,train
2006-12-02_recreativo_valencia,2006-07,train
2006-12-03_espanol_sevilla,2006-07,train
2006-12-03_la_coruna_santander,2006-07,train
2006-12-03_mallorca_celta,2006-07,train
2006-12-03_real_madrid_ath_bilbao,2006-07,train
2006-12-03_sociedad_getafe,2006-07,train
2006-12-03_villarreal_gimnastic,2006-07,train
2006-12-03_zaragoza_osasuna,2006-07,train
2006-12-09_barcelona_sociedad,2006-07,train
2006-12-09_sevilla_real_madrid,2006-07,train
2006-12-10_ath_bilbao_recreativo,2006-07,train
2006-12-10_ath_madrid_espanol,2006-07,train
2006-12-10_celta_villarreal,2006-07,train
2006-12-10_getafe_betis,2006-07,train
2006-12-10_gimnastic_levante,2006-07,train
2006-12-10_osasuna_mallorca,2006-07,train
2006-12-10_santander_zaragoza,2006-07,train
2006-12-10_valencia_la_coruna,2006-07,train
2006-12-16_la_coruna_ath_bilbao,2006-07,train
2006-12-16_mallorca_santander,2006-07,train
2006-12-16_zaragoza_valencia,2006-07,train
2006-12-17_ath_madrid_getafe,2006-07,train
2006-12-17_espanol_real_madrid,2006-07,train
2006-12-17_levante_celta,2006-07,train
2006-12-17_recreativo_sevilla,2006-07,train
2006-12-17_sociedad_gimnastic,2006-07,train
2006-12-17_villarreal_osasuna,2006-07,train
2006-12-19_ath_bilbao_zaragoza,2006-07,train
2006-12-19_valencia_mallorca,2006-07,train
2006-12-20_celta_sociedad,2006-07,train
2006-12-20_getafe_espanol,2006-07,train
2006-12-20_gimnastic_betis,2006-07,train
2006-12-20_osasuna_levante,2006-07,train
2006-12-20_real_madrid_recreativo,2006-07,train
2006-12-20_santander_villarreal,2006-07,train
2006-12-20_sevilla_la_coruna,2006-07,train
2006-12-21_barcelona_ath_madrid,2006-07,train
2007-01-06_ath_madrid_gimnastic,2006-07,train
2007-01-06_sociedad_osasuna,2006-07,train
2007-01-06_zaragoza_sevilla,2006-07,train
2007-01-07_betis_celta,2006-07,train
2007-01-07_espanol_recreativo,2006-07,train
2007-01-07_getafe_barcelona,2006-07,train
2007-01-07_la_coruna_real_madrid,2006-07,train
2007-01-07_levante_santander,2006-07,train
2007-01-07_mallorca_ath_bilbao,2006-07,train
2007-01-07_villarreal_valencia,2006-07,train
2007-01-13_espanol_barcelona,2006-07,train
2007-01-13_valencia_levante,2006-07,train
2007-01-14_ath_bilbao_villarreal,2006-07,train
2007-01-14_celta_ath_madrid,2006-07,train
2007-01-14_gimnastic_getafe,2006-07,train
2007-01-14_osasuna_betis,2006-07,train
2007-01-14_real_madrid_zaragoza,2006-07,train
2007-01-14_recreativo_la_coruna,2006-07,train
2007-01-14_santander_sociedad,2006-07,train
2007-01-14_sevilla_mallorca,2006-07,train
2007-01-20_ath_madrid_osasuna,2006-07,train
2007-01-20_villarreal_sevilla,2006-07,train
2007-01-21_barcelona_gimnastic,2006-07,train
2007-01-21_betis_santander,2006-07,train
2007-01-21_getafe_celta,2006-07,train
2007-01-21_la_coruna_espanol,2006-07,train
2007-01-21_levante_ath_bilbao,2006-07,train
2007-01-21_mallorca_real_madrid,2006-07,train
2007-01-21_sociedad_valencia,2006-07,train
2007-01-21_zaragoza_recreativo,2006-07,train
2007-01-24_betis_barcelona,2006-07,train
2007-01-27_ath_madrid_santander,2006-07,train
2007-01-27_villarreal_real_madrid,2006-07,train
2007-01-28_barcelona_celta,2006-07,train
2007-01-28_betis_valencia,2006-07,train
2007-01-28_getafe_osasuna,2006-07,train
2007-01-28_gimnastic_espanol,2006-07,train
2007-01-28_levante_sevilla,2006-07,train
2007-01-28_mallorca_recreativo,2006-07,train
2007-01-28_sociedad_ath_bilbao,2006-07,train
2007-01-28_zaragoza_la_coruna,2006-07,train
2007-02-03_espanol_zaragoza,2006-07,train
2007-02-03_la_coruna_mallorca,2006-07,train
2007-02-03_valencia_ath_madrid,2006-07,train
2007-02-04_ath_bilbao_betis,2006-07,train
2007-02-04_celta_gimnastic,2006-07,train
2007-02-04_osasuna_barcelona,2006-07,train
2007-02-04_real_madrid_levante,2006-07,train
2007-02-04_recreativo_villarreal,2006-07,train
2007-02-04_santander_getafe,2006-07,train
2007-02-04_sevilla_sociedad,2006-07,train
2007-02-10_betis_sevilla,2006-07,train
2007-02-10_sociedad_real_madrid,2006-07,train
2007-02-11_ath_madrid_ath_bilbao,2006-07,train
2007-02-11_barcelona_santander,2006-07,train
2007-02-11_celta_espanol,2006-07,train
2007-02-11_getafe_valencia,2006-07,train
2007-02-11_gimnastic_osasuna,2006-07,train
2007-02-11_levante_recreativo,2006-07,train
2007-02-11_mallorca_zaragoza,2006-07,train
2007-02-11_villarreal_la_coruna,2006-07,train
2007-02-17_real_madrid_betis,2006-07,train
2007-02-17_zaragoza_villarreal,2006-07,train
2007-02-18_ath_bilbao_getafe,2006-07,train
2007-02-18_espanol_mallorca,2006-07,train
2007-02-18_la_coruna_levante,2006-07,train
2007-02-18_osasuna_celta,2006-07,train
2007-02-18_recreativo_sociedad,2006-07,train
2007-02-18_santander_gimnastic,2006-07,train
2007-02-18_sevilla_ath_madrid,2006-07,train
2007-02-18_valencia_barcelona,2006-07,train
2007-02-24_ath_madrid_real_madrid,2006-07,train
2007-02-24_sociedad_la_coruna,2006-07,train
2007-02-25_barcelona_ath_bilbao,2006-07,train
2007-02-25_betis_recreativo,2006-07,train
2007-02-25_celta_santander,2006-07,train
2007-02-25_getafe_sevilla,2006-07,train
2007-02-25_gimnastic_valencia,2006-07,train
2007-02-25_levante_zaragoza,2006-07,train
2007-02-25_osasuna_espanol,2006-07,train
2007-02-25_villarreal_mallorca,2006-07,train
2007-03-03_sevilla_barcelona,2006-07,train
2007-03-03_valencia_celta,2006-07,train
2007-03-04_ath_bilbao_gimnastic,2006-07,train
2007-03-04_espanol_villarreal,2006-07,train
2007-03-04_la_coruna_betis,2006-07,train
2007-03-04_mallorca_levante,2006-07,train
2007-03-04_real_madrid_getafe,2006-07,train
2007-03-04_recreativo_ath_madrid,2006-07,train
2007-03-04_santander_osasuna,2006-07,train
2007-03-04_zaragoza_sociedad,2006-07,train
2007-03-10_barcelona_real_madrid,2006-07,train
2007-03-10_levante_villarreal,2006-07,train
2007-03-11_ath_madrid_la_coruna,2006-07,train
2007-03-11_betis_zaragoza,2006-07,train
2007-03-11_celta_ath_bilbao,2006-07,train
2007-03-11_getafe_recreativo,2006-07,train
2007-03-11_gimnastic_sevilla,2006-07,train
2007-03-11_osasuna_valencia,2006-07,train
2007-03-11_santander_espanol,2006-07,train
2007-03-11_sociedad_mallorca,2006-07,train
2007-03-17_ath_bilbao_osasuna,2006-07,train
2007-03-17_mallorca_betis,2006-07,train
2007-03-17_recreativo_barcelona,2006-07,train
2007-03-17_valencia_santander,2006-07,train
2007-03-18_espanol_levante,2006-07,train
2007-03-18_la_coruna_getafe,2006-07,train
2007-03-18_real_madrid_gimnastic,2006-07,train
2007-03-18_sevilla_celta,2006-07,train
2007-03-18_villarreal_sociedad,2006-07,train
2007-03-18_zaragoza_ath_madrid,2006-07,train
2007-03-31_barcelona_la_coruna,2006-07,train
2007-03-31_betis_villarreal,2006-07,train
2007-03-31_sociedad_levante,2006-07,train
2007-03-31_valencia_espanol,2006-07,train
2007-04-01_ath_madrid_mallorca,2006-07,train
2007-04-01_celta_real_madrid,2006-07,train
2007-04-01_getafe_zaragoza,2006-07,train
2007-04-01_gimnastic_recreativo,2006-07,train
2007-04-01_osasuna_sevilla,2006-07,train
2007-04-01_santander_ath_bilbao,2006-07,train
2007-04-07_ath_bilbao_valencia,2006-07,train
2007-04-07_zaragoza_barcelona,2006-07,train
2007-04-08_espanol_sociedad,2006-07,train
2007-04-08_la_coruna_gimnastic,2006-07,train
2007-04-08_levante_betis,2006-07,train
2007-04-08_mallorca_getafe,2006-07,train
2007-04-08_real_madrid_osasuna,2006-07,train
2007-04-08_recreativo_celta,2006-07,train
2007-04-08_sevilla_santander,2006-07,train
2007-04-08_villarreal_ath_madrid,2006-07,train
2007-04-14_betis_sociedad,2006-07,train
2007-04-14_santander_real_madrid,2006-07,train
2007-04-15_ath_bilbao_espanol,2006-07,train
2007-04-15_ath_madrid_levante,2006-07,train
2007-04-15_barcelona_mallorca,2006-07,train
2007-04-15_celta_la_coruna,2006-07,train
2007-04-15_getafe_villarreal,2006-07,train
2007-04-15_gimnastic_zaragoza,2006-07,train
2007-04-15_osasuna_recreativo,2006-07,train
2007-04-15_valencia_sevilla,2006-07,train
2007-04-21_real_madrid_valencia,2006-07,train
2007-04-21_sociedad_ath_madrid,2006-07,train
2007-04-22_espanol_betis,2006-07,train
2007-04-22_la_coruna_osasuna,2006-07,train
2007-04-22_levante_getafe,2006-07,train
2007-04-22_mallorca_gimnastic,2006-07,train
2007-04-22_recreativo_santander,2006-07,train
2007-04-22_sevilla_ath_bilbao,2006-07,train
2007-04-22_villarreal_barcelona,2006-07,train
2007-04-22_zaragoza_celta,2006-07,train
2007-04-28_ath_madrid_betis,2006-07,train
2007-04-28_valencia_recreativo,2006-07,train
2007-04-29_ath_bilbao_real_madrid,2006-07,train
2007-04-29_barcelona_levante,2006-07,train
2007-04-29_celta_mallorca,2006-07,train
2007-04-29_getafe_sociedad,2006-07,train
2007-04-29_gimnastic_villarreal,2006-07,train
2007-04-29_osasuna_zaragoza,2006-07,train
2007-04-29_santander_la_coruna,2006-07,train
2007-04-29_sevilla_espanol,2006-07,train
2007-05-05_la_coruna_valencia,2006-07,train
2007-05-05_sociedad_barcelona,2006-07,train
2007-05-06_betis_getafe,2006-07,train
2007-05-06_espanol_ath_madrid,2006-07,train
2007-05-06_levante_gimnastic,2006-07,train
2007-05-06_mallorca_osasuna,2006-07,train
2007-05-06_real_madrid_sevilla,2006-07,train
2007-05-06_recreativo_ath_bilbao,2006-07,train
2007-05-06_villarreal_celta,2006-07,train
2007-05-06_zaragoza_santander,2006-07,train
2007-05-12_real_madrid_espanol,2006-07,train
2007-05-12_sevilla_recreativo,2006-07,train
2007-05-13_ath_bilbao_la_coruna,2006-07,train
2007-05-13_barcelona_betis,2006-07,train
2007-05-13_celta_levante,2006-07,train
2007-05-13_getafe_ath_madrid,2006-07,train
2007-05-13_gimnastic_sociedad,2006-07,train
2007-05-13_osasuna_villarreal,2006-07,train
2007-05-13_santander_mallorca,2006-07,train
2007-05-13_valencia_zaragoza,2006-07,train
2007-05-19_betis_gimnastic,2006-07,train
2007-05-19_mallorca_valencia,2006-07,train
2007-05-19_zaragoza_ath_bilbao,2006-07,train
2007-05-20_ath_madrid_barcelona,2006-07,train
2007-05-20_espanol_getafe,2006-07,train
2007-05-20_la_coruna_sevilla,2006-07,train
2007-05-20_levante_osasuna,2006-07,train
2007-05-20_recreativo_real_madrid,2006-07,train
2007-05-20_sociedad_celta,2006-07,train
2007-05-20_villarreal_santander,2006-07,train
2007-05-26_barcelona_getafe,2006-07,train
2007-05-26_real_madrid_la_coruna,2006-07,train
2007-05-26_valencia_villarreal,2006-07,train
2007-05-27_ath_bilbao_mallorca,2006-07,train
2007-05-27_celta_betis,2006-07,train
2007-05-27_gimnastic_ath_madrid,2006-07,train
2007-05-27_osasuna_sociedad,2006-07,train
2007-05-27_recreativo_espanol,2006-07,train
2007-05-27_santander_levante,2006-07,train
2007-05-27_sevilla_zaragoza,2006-07,train
2007-06-09_ath_madrid_celta,2006-07,train
2007-06-09_barcelona_espanol,2006-07,train
2007-06-09_betis_osasuna,2006-07,train
2007-06-09_levante_valencia,2006-07,train
2007-06-09_mallorca_sevilla,2006-07,train
2007-06-09_sociedad_santander,2006-07,train
2007-06-09_villarreal_ath_bilbao,2006-07,train
2007-06-09_zaragoza_real_madrid,2006-07,train
2007-06-10_getafe_gimnastic,2006-07,train
2007-06-10_la_coruna_recreativo,2006-07,train
2007-06-17_ath_bilbao_levante,2006-07,train
2007-06-17_celta_getafe,2006-07,train
2007-06-17_espanol_la_coruna,2006-07,train
2007-06-17_gimnastic_barcelona,2006-07,train
2007-06-17_osasuna_ath_madrid,2006-07,train
2007-06-17_real_madrid_mallorca,2006-07,train
2007-06-17_recreativo_zaragoza,2006-07,train
2007-06-17_santander_betis,2006-07,train
2007-06-17_sevilla_villarreal,2006-07,train
2007-06-17_valencia_sociedad,2006-07,train
2007-08-25_real_madrid_ath_madrid,2007-08,train
2007-08-25_sevilla_getafe,2007-08,train
2007-08-26_ath_bilbao_osasuna,2007-08,train
2007-08-26_espanol_valladolid,2007-08,train
2007-08-26_la_coruna_almeria,2007-08,train
2007-08-26_mallorca_levante,2007-08,train
2007-08-26_murcia_zaragoza,2007-08,train
2007-08-26_recreativo_betis,2007-08,train
2007-08-26_santander_barcelona,2007-08,train
2007-08-26_valencia_villarreal,2007-08,train
2007-09-01_levante_murcia,2007-08,train
2007-09-01_zaragoza_santander,2007-08,train
2007-09-02_almeria_valencia,2007-08,train
2007-09-02_ath_madrid_mallorca,2007-08,train
2007-09-02_barcelona_ath_bilbao,2007-08,train
2007-09-02_betis_espanol,2007-08,train
2007-09-02_getafe_recreativo,2007-08,train
2007-09-02_valladolid_la_coruna,2007-08,train
2007-09-02_villarreal_real_madrid,2007-08,train
2007-09-15_ath_bilbao_zaragoza,2007-08,train
2007-09-15_real_madrid_almeria,2007-08,train
2007-09-15_valencia_valladolid,2007-08,train
2007-09-16_espanol_getafe,2007-08,train
2007-09-16_la_coruna_betis,2007-08,train
2007-09-16_mallorca_villarreal,2007-08,train
2007-09-16_murcia_ath_madrid,2007-08,train
2007-09-16_osasuna_barcelona,2007-08,train
2007-09-16_santander_levante,2007-08,train
2007-09-16_sevilla_recreativo,2007-08,train
2007-09-22_barcelona_sevilla,2007-08,train
2007-09-22_recreativo_espanol,2007-08,train
2007-09-23_almeria_mallorca,2007-08,train
2007-09-23_ath_madrid_santander,2007-08,train
2007-09-23_betis_valencia,2007-08,train
2007-09-23_getafe_la_coruna,2007-08,train
2007-09-23_levante_ath_bilbao,2007-08,train
2007-09-23_valladolid_real_madrid,2007-08,train
2007-09-23_villarreal_murcia,2007-08,train
2007-09-23_zaragoza_osasuna,2007-08,train
2007-09-25_sevilla_espanol,2007-08,train
2007-09-26_ath_bilbao_ath_madrid,2007-08,train
2007-09-26_barcelona_zaragoza,2007-08,train
2007-09-26_la_coruna_recreativo,2007-08,train
2007-09-26_mallorca_valladolid,2007-08,train
2007-09-26_murcia_almeria,2007-08,train
2007-09-26_osasuna_levante,2007-08,train
2007-09-26_santander_villarreal,2007-08,train
2007-09-26_valencia_getafe,2007-08,train
2007-09-27_real_madrid_betis,2007-08,train
2007-09-29_levante_barcelona,2007-08,train
2007-09-29_zaragoza_sevilla,2007-08,train
2007-09-30_almeria_santander,2007-08,train
2007-09-30_ath_madrid_osasuna,2007-08,train
2007-09-30_betis_mallorca,2007-08,train
2007-09-30_espanol_la_coruna,2007-08,train
2007-09-30_getafe_real_madrid,2007-08,train
2007-09-30_recreativo_valencia,2007-08,train
2007-09-30_valladolid_murcia,2007-08,train
2007-09-30_villarreal_ath_bilbao,2007-08,train
2007-10-06_valencia_espanol,2007-08,train
2007-10-07_ath_bilbao_almeria,2007-08,train
2007-10-07_barcelona_ath_madrid,2007-08,train
2007-10-07_mallorca_getafe,2007-08,train
2007-10-07_murcia_betis,2007-08,train
2007-10-07_osasuna_villarreal,2007-08,train
2007-10-07_real_madrid_recreativo,2007-08,train
2007-10-07_santander_valladolid,2007-08,train
2007-10-07_sevilla_la_coruna,2007-08,train
2007-10-07_zaragoza_levante,2007-08,train
2007-10-20_espanol_real_madrid,2007-08,train
2007-10-20_la_coruna_valencia,2007-08,train
2007-10-20_levante_sevilla,2007-08,train
2007-10-20_villarreal_barcelona,2007-08,train
2007-10-21_almeria_osasuna,2007-08,train
2007-10-21_ath_madrid_zaragoza,2007-08,train
2007-10-21_betis_santander,2007-08,train
2007-10-21_getafe_murcia,2007-08,train
2007-10-21_recreativo_mallorca,2007-08,train
2007-10-21_valladolid_ath_bilbao,2007-08,train
2007-10-27_ath_bilbao_betis,2007-08,train
2007-10-27_mallorca_espanol,2007-08,train
2007-10-27_real_madrid_la_coruna,2007-08,train
2007-10-28_barcelona_almeria,2007-08,train
2007-10-28_levante_ath_madrid,2007-08,train
2007-10-28_murcia_recreativo,2007-08,train
2007-10-28_osasuna_valladolid,2007-08,train
2007-10-28_santander_getafe,2007-08,train
2007-10-28_sevilla_valencia,2007-08,train
2007-10-28_zaragoza_villarreal,2007-08,train
2007-10-31_almeria_zaragoza,2007-08,train
2007-10-31_ath_madrid_sevilla,2007-08,train
2007-10-31_betis_osasuna,2007-08,train
2007-10-31_getafe_ath_bilbao,2007-08,train
2007-10-31_la_coruna_mallorca,2007-08,train
2007-10-31_recreativo_santander,2007-08,train
2007-10-31_valencia_real_madrid,2007-08,train
2007-10-31_villarreal_levante,2007-08,train
2007-11-01_espanol_murcia,2007-08,train
2007-11-01_valladolid_barcelona,2007-08,train
2007-11-03_mallorca_valencia,2007-08,train
2007-11-03_sevilla_real_madrid,2007-08,train
2007-11-04_ath_bilbao_recreativo,2007-08,train
2007-11-04_ath_madrid_villarreal,2007-08,train
2007-11-04_barcelona_betis,2007-08,train
2007-11-04_levante_almeria,2007-08,train
2007-11-04_murcia_la_coruna,2007-08,train
2007-11-04_osasuna_getafe,2007-08,train
2007-11-04_santander_espanol,2007-08,train
2007-11-04_zaragoza_valladolid,2007-08,train
2007-11-10_getafe_barcelona,2007-08,train
2007-11-10_valencia_murcia,2007-08,train
2007-11-11_almeria_ath_madrid,2007-08,train
2007-11-11_betis_zaragoza,2007-08,train
2007-11-11_espanol_ath_bilbao,2007-08,train
2007-11-11_la_coruna_santander,2007-08,train
2007-11-11_real_madrid_mallorca,2007-08,train
2007-11-11_recreativo_osasuna,2007-08,train
2007-11-11_valladolid_levante,2007-08,train
2007-11-11_villarreal_sevilla,2007-08,train
2007-11-24_barcelona_recreativo,2007-08,train
2007-11-24_murcia_real_madrid,2007-08,train
2007-11-24_sevilla_mallorca,2007-08,train
2007-11-25_ath_bilbao_la_coruna,2007-08,train
2007-11-25_ath_madrid_valladolid,2007-08,train
2007-11-25_levante_betis,2007-08,train
2007-11-25_osasuna_espanol,2007-08,train
2007-11-25_santander_valencia,2007-08,train
2007-11-25_villarreal_almeria,2007-08,train
2007-11-25_zaragoza_getafe,2007-08,train
2007-12-01_almeria_sevilla,2007-08,train
2007-12-01_espanol_barcelona,2007-08,train
2007-12-01_real_madrid_santander,2007-08,train
2007-12-02_betis_ath_madrid,2007-08,train
2007-12-02_getafe_levante,2007-08,train
2007-12-02_la_coruna_osasuna,2007-08,train
2007-12-02_mallorca_murcia,2007-08,train
2007-12-02_recreativo_zaragoza,2007-08,train
2007-12-02_valencia_ath_bilbao,2007-08,train
2007-12-02_valladolid_villarreal,2007-08,train
2007-12-05_osasuna_sevilla,2007-08,train
2007-12-08_ath_bilbao_real_madrid,2007-08,train
2007-12-08_osasuna_valencia,2007-08,train
2007-12-09_almeria_valladolid,2007-08,train
2007-12-09_ath_madrid_getafe,2007-08,train
2007-12-09_barcelona_la_coruna,2007-08,train
2007-12-09_levante_recreativo,2007-08,train
2007-12-09_santander_mallorca,2007-08,train
2007-12-09_sevilla_murcia,2007-08,train
2007-12-09_villarreal_betis,2007-08,train
2007-12-09_zaragoza_espanol,2007-08,train
2007-12-15_espanol_levante,2007-08,train
2007-12-15_valencia_barcelona,2007-08,train
2007-12-16_betis_almeria,2007-08,train
2007-12-16_getafe_villarreal,2007-08,train
2007-12-16_la_coruna_zaragoza,2007-08,train
2007-12-16_mallorca_ath_bilbao,2007-08,train
2007-12-16_murcia_santander,2007-08,train
2007-12-16_real_madrid_osasuna,2007-08,train
2007-12-16_recreativo_ath_madrid,2007-08,train
2007-12-16_valladolid_sevilla,2007-08,train
2007-12-22_almeria_getafe,2007-08,train
2007-12-22_sevilla_santander,2007-08,train
2007-12-22_zaragoza_valencia,2007-08,train
2007-12-23_ath_bilbao_murcia,2007-08,train
2007-12-23_ath_madrid_espanol,2007-08,train
2007-12-23_barcelona_real_madrid,2007-08,train
2007-12-23_levante_la_coruna,2007-08,train
2007-12-23_osasuna_mallorca,2007-08,train
2007-12-23_valladolid_betis,2007-08,train
2007-12-23_villarreal_recreativo,2007-08,train
2008-01-05_espanol_villarreal,2007-08,train
2008-01-05_mallorca_barcelona,2007-08,train
2008-01-06_getafe_valladolid,2007-08,train
2008-01-06_la_coruna_ath_madrid,2007-08,train
2008-01-06_murcia_osasuna,2007-08,train
2008-01-06_real_madrid_zaragoza,2007-08,train
2008-01-06_recreativo_almeria,2007-08,train
2008-01-06_santander_ath_bilbao,2007-08,train
2008-01-06_sevilla_betis,2007-08,train
2008-01-06_valencia_levante,2007-08,train
2008-01-12_ath_bilbao_sevilla,2007-08,train
2008-01-12_barcelona_murcia,2007-08,train
2008-01-13_almeria_espanol,2007-08,train
2008-01-13_ath_madrid_valencia,2007-08,train
2008-01-13_betis_getafe,2007-08,train
2008-01-13_levante_real_madrid,2007-08,train
2008-01-13_osasuna_santander,2007-08,train
2008-01-13_valladolid_recreativo,2007-08,train
2008-01-13_villarreal_la_coruna,2007-08,train
2008-01-13_zaragoza_mallorca,2007-08,train
2008-01-19_getafe_sevilla,2007-08,train
2008-01-19_villarreal_valencia,2007-08,train
2008-01-20_almeria_la_coruna,2007-08,train
2008-01-20_ath_madrid_real_madrid,2007-08,train
2008-01-20_barcelona_santander,2007-08,train
2008-01-20_betis_recreativo,2007-08,train
2008-01-20_levante_mallorca,2007-08,train
2008-01-20_osasuna_ath_bilbao,2007-08,train
2008-01-20_valladolid_espanol,2007-08,train
2008-01-20_zaragoza_murcia,2007-08,train
2008-01-26_sevilla_osasuna,2007-08,train
2008-01-27_ath_bilbao_barcelona,2007-08,train
2008-01-27_espanol_betis,2007-08,train
2008-01-27_la_coruna_valladolid,2007-08,train
2008-01-27_mallorca_ath_madrid,2007-08,train
2008-01-27_murcia_levante,2007-08,train
2008-01-27_real_madrid_villarreal,2007-08,train
2008-01-27_recreativo_getafe,2007-08,train
2008-01-27_santander_zaragoza,2007-08,train
2008-01-27_valencia_almeria,2007-08,train
2008-02-02_almeria_real_madrid,2007-08,train
2008-02-02_betis_la_coruna,2007-08,train
2008-02-03_ath_madrid_murcia,2007-08,train
2008-02-03_barcelona_osasuna,2007-08,train
2008-02-03_getafe_espanol,2007-08,train
2008-02-03_levante_santander,2007-08,train
2008-02-03_recreativo_sevilla,2007-08,train
2008-02-03_valladolid_valencia,2007-08,train
2008-02-03_villarreal_mallorca,2007-08,train
2008-02-03_zaragoza_ath_bilbao,2007-08,train
2008-02-09_la_coruna_getafe,2007-08,train
2008-02-09_murcia_villarreal,2007-08,train
2008-02-09_sevilla_barcelona,2007-08,train
2008-02-10_ath_bilbao_levante,2007-08,train
2008-02-10_espanol_recreativo,2007-08,train
2008-02-10_mallorca_almeria,2007-08,train
2008-02-10_osasuna_zaragoza,2007-08,train
2008-02-10_real_madrid_valladolid,2007-08,train
2008-02-10_santander_ath_madrid,2007-08,train
2008-02-10_valencia_betis,2007-08,train
2008-02-16_betis_real_madrid,2007-08,train
2008-02-16_espanol_sevilla,2007-08,train
2008-02-16_zaragoza_barcelona,2007-08,train
2008-02-17_almeria_murcia,2007-08,train
2008-02-17_ath_madrid_ath_bilbao,2007-08,train
2008-02-17_getafe_valencia,2007-08,train
2008-02-17_levante_osasuna,2007-08,train
2008-02-17_recreativo_la_coruna,2007-08,train
2008-02-17_valladolid_mallorca,2007-08,train
2008-02-17_villarreal_santander,2007-08,train
2008-02-23_sevilla_zaragoza,2007-08,train
2008-02-23_valencia_recreativo,2007-08,train
2008-02-24_ath_bilbao_villarreal,2007-08,train
2008-02-24_barcelona_levante,2007-08,train
2008-02-24_la_coruna_espanol,2007-08,train
2008-02-24_mallorca_betis,2007-08,train
2008-02-24_murcia_valladolid,2007-08,train
2008-02-24_osasuna_ath_madrid,2007-08,train
2008-02-24_real_madrid_getafe,2007-08,train
2008-02-24_santander_almeria,2007-08,train
2008-03-01_ath_madrid_barcelona,2007-08,train
2008-03-01_espanol_valencia,2007-08,train
2008-03-01_la_coruna_sevilla,2007-08,train
2008-03-01_recreativo_real_madrid,2007-08,train
2008-03-02_almeria_ath_bilbao,2007-08,train
2008-03-02_betis_murcia,2007-08,train
2008-03-02_getafe_mallorca,2007-08,train
2008-03-02_levante_zaragoza,2007-08,train
2008-03-02_valladolid_santander,2007-08,train
2008-03-02_villarreal_osasuna,2007-08,train
2008-03-08_real_madrid_espanol,2007-08,train
2008-03-08_zaragoza_ath_madrid,2007-08,train
2008-03-09_ath_bilbao_valladolid,2007-08,train
2008-03-09_barcelona_villarreal,2007-08,train
2008-03-09_mallorca_recreativo,2007-08,train
2008-03-09_murcia_getafe,2007-08,train
2008-03-09_osasuna_almeria,2007-08,train
2008-03-09_santander_betis,2007-08,train
2008-03-09_sevilla_levante,2007-08,train
2008-03-09_valencia_la_coruna,2007-08,train
2008-03-15_betis_ath_bilbao,2007-08,train
2008-03-15_la_coruna_real_madrid,2007-08,train
2008-03-15_recreativo_murcia,2007-08,train
2008-03-15_valencia_sevilla,2007-08,train
2008-03-16_almeria_barcelona,2007-08,train
2008-03-16_ath_madrid_levante,2007-08,train
2008-03-16_espanol_mallorca,2007-08,train
2008-03-16_getafe_santander,2007-08,train
2008-03-16_valladolid_osasuna,2007-08,train
2008-03-16_villarreal_zaragoza,2007-08,train
2008-03-22_mallorca_la_coruna,2007-08,train
2008-03-22_sevilla_ath_madrid,2007-08,train
2008-03-23_ath_bilbao_getafe,2007-08,train
2008-03-23_barcelona_valladolid,2007-08,train
2008-03-23_levante_villarreal,2007-08,train
2008-03-23_murcia_espanol,2007-08,train
2008-03-23_osasuna_betis,2007-08,train
2008-03-23_real_madrid_valencia,2007-08,train
2008-03-23_santander_recreativo,2007-08,train
2008-03-23_zaragoza_almeria,2007-08,train
2008-03-29_betis_barcelona,2007-08,train
2008-03-29_villarreal_ath_madrid,2007-08,train
2008-03-30_almeria_levante,2007-08,train
2008-03-30_espanol_santander,2007-08,train
2008-03-30_getafe_osasuna,2007-08,train
2008-03-30_la_coruna_murcia,2007-08,train
2008-03-30_real_madrid_sevilla,2007-08,train
2008-03-30_recreativo_ath_bilbao,2007-08,train
2008-03-30_valencia_mallorca,2007-08,train
2008-03-30_valladolid_zaragoza,2007-08,train
2008-04-05_mallorca_real_madrid,2007-08,train
2008-04-05_osasuna_recreativo,2007-08,train
2008-04-06_ath_bilbao_espanol,2007-08,train
2008-04-06_ath_madrid_almeria,2007-08,train
2008-04-06_barcelona_getafe,2007-08,train
2008-04-06_levante_valladolid,2007-08,train
2008-04-06_murcia_valencia,2007-08,train
2008-04-06_santander_la_coruna,2007-08,train
2008-04-06_sevilla_villarreal,2007-08,train
2008-04-06_zaragoza_betis,2007-08,train
2008-04-12_recreativo_barcelona,2007-08,train
2008-04-12_valencia_santander,2007-08,train
2008-04-13_almeria_villarreal,2007-08,train
2008-04-13_betis_levante,2007-08,train
2008-04-13_espanol_osasuna,2007-08,train
2008-04-13_getafe_zaragoza,2007-08,train
2008-04-13_la_coruna_ath_bilbao,2007-08,train
2008-04-13_mallorca_sevilla,2007-08,train
2008-04-13_real_madrid_murcia,2007-08,train
2008-04-13_valladolid_ath_madrid,2007-08,train
2008-04-19_ath_madrid_betis,2007-08,train
2008-04-19_barcelona_espanol,2007-08,train
2008-04-19_sevilla_almeria,2007-08,train
2008-04-19_zaragoza_recreativo,2007-08,train
2008-04-20_ath_bilbao_valencia,2007-08,train
2008-04-20_levante_getafe,2007-08,train
2008-04-20_murcia_mallorca,2007-08,train
2008-04-20_osasuna_la_coruna,2007-08,train
2008-04-20_santander_real_madrid,2007-08,train
2008-04-20_villarreal_valladolid,2007-08,train
2008-04-26_la_coruna_barcelona,2007-08,train
2008-04-26_murcia_sevilla,2007-08,train
2008-04-27_betis_villarreal,2007-08,train
2008-04-27_espanol_zaragoza,2007-08,train
2008-04-27_getafe_ath_madrid,2007-08,train
2008-04-27_mallorca_santander,2007-08,train
2008-04-27_real_madrid_ath_bilbao,2007-08,train
2008-04-27_recreativo_levante,2007-08,train
2008-04-27_valencia_osasuna,2007-08,train
2008-04-27_valladolid_almeria,2007-08,train
2008-05-03_ath_madrid_recreativo,2007-08,train
2008-05-03_zaragoza_la_coruna,2007-08,train
2008-05-04_almeria_betis,2007-08,train
2008-05-04_ath_bilbao_mallorca,2007-08,train
2008-05-04_barcelona_valencia,2007-08,train
2008-05-04_levante_espanol,2007-08,train
2008-05-04_osasuna_real_madrid,2007-08,train
2008-05-04_santander_murcia,2007-08,train
2008-05-04_sevilla_valladolid,2007-08,train
2008-05-04_villarreal_getafe,2007-08,train
2008-05-07_betis_valladolid,2007-08,train
2008-05-07_getafe_almeria,2007-08,train
2008-05-07_la_coruna_levante,2007-08,train
2008-05-07_mallorca_osasuna,2007-08,train
2008-05-07_murcia_ath_bilbao,2007-08,train
2008-05-07_real_madrid_barcelona,2007-08,train
2008-05-07_recreativo_villarreal,2007-08,train
2008-05-07_santander_sevilla,2007-08,train
2008-05-07_valencia_zaragoza,2007-08,train
2008-05-08_espanol_ath_madrid,2007-08,train
2008-05-11_almeria_recreativo,2007-08,train
2008-05-11_ath_bilbao_santander,2007-08,train
2008-05-11_ath_madrid_la_coruna,2007-08,train
2008-05-11_barcelona_mallorca,2007-08,train
2008-05-11_betis_sevilla,2007-08,train
2008-05-11_levante_valencia,2007-08,train
2008-05-11_osasuna_murcia,2007-08,train
2008-05-11_valladolid_getafe,2007-08,train
2008-05-11_villarreal_espanol,2007-08,train
2008-05-11_zaragoza_real_madrid,2007-08,train
2008-05-17_murcia_barcelona,2007-08,train
2008-05-18_espanol_almeria,2007-08,train
2008-05-18_getafe_betis,2007-08,train
2008-05-18_la_coruna_villarreal,2007-08,train
2008-05-18_mallorca_zaragoza,2007-08,train
2008-05-18_real_madrid_levante,2007-08,train
2008-05-18_recreativo_valladolid,2007-08,train
2008-05-18_santander_osasuna,2007-08,train
2008-05-18_sevilla_ath_bilbao,2007-08,train
2008-05-18_valencia_ath_madrid,2007-08,train
2008-08-30_espanol_valladolid,2008-09,train
2008-08-30_valencia_mallorca,2008-09,train
2008-08-31_ath_bilbao_almeria,2008-09,train
2008-08-31_ath_madrid_malaga,2008-09,train
2008-08-31_betis_recreativo,2008-09,train
2008-08-31_la_coruna_real_madrid,2008-09,train
2008-08-31_numancia_barcelona,2008-09,train
2008-08-31_osasuna_villarreal,2008-09,train
2008-08-31_santander_sevilla,2008-09,train
2008-08-31_sp_gijon_getafe,2008-09,train
2008-09-13_barcelona_santander,2008-09,train
2008-09-13_valladolid_ath_madrid,2008-09,train
2008-09-14_almeria_valencia,2008-09,train
2008-09-14_getafe_betis,2008-09,train
2008-09-14_malaga_ath_bilbao,2008-09,train
2008-09-14_mallorca_osasuna,2008-09,train
2008-09-14_real_madrid_numancia,2008-09,train
2008-09-14_recreativo_espanol,2008-09,train
2008-09-14_sevilla_sp_gijon,2008-09,train
2008-09-14_villarreal_la_coruna,2008-09,train
2008-09-20_ath_madrid_recreativo,2008-09,train
2008-09-20_espanol_getafe,2008-09,train
2008-09-21_almeria_malaga,2008-09,train
2008-09-21_ath_bilbao_valladolid,2008-09,train
2008-09-21_betis_sevilla,2008-09,train
2008-09-21_la_coruna_mallorca,2008-09,train
2008-09-21_numancia_villarreal,2008-09,train
2008-09-21_santander_real_madrid,2008-09,train
2008-09-21_sp_gijon_barcelona,2008-09,train
2008-09-21_valencia_osasuna,2008-09,train
2008-09-24_barcelona_betis,2008-09,train
2008-09-24_getafe_ath_madrid,2008-09,train
2008-09-24_osasuna_la_coruna,2008-09,train
2008-09-24_real_madrid_sp_gijon,2008-09,train
2008-09-24_sevilla_espanol,2008-09,train
2008-09-24_villarreal_santander,2008-09,train
2008-09-25_malaga_valencia,2008-09,train
2008-09-25_mallorca_numancia,2008-09,train
2008-09-25_recreativo_ath_bilbao,2008-09,train
2008-09-25_valladolid_almeria,2008-09,train
2008-09-27_betis_real_madrid,2008-09,train
2008-09-27_espanol_barcelona,2008-09,train
2008-09-27_sp_gijon_villarreal,2008-09,train
2008-09-28_almeria_recreativo,2008-09,train
2008-09-28_ath_bilbao_getafe,2008-09,train
2008-09-28_ath_madrid_sevilla,2008-09,train
2008-09-28_malaga_valladolid,2008-09,train
2008-09-28_numancia_osasuna,2008-09,train
2008-09-28_santander_mallorca,2008-09,train
2008-09-28_valencia_la_coruna,2008-09,train
2008-10-04_barcelona_ath_madrid,2008-09,train
2008-10-04_villarreal_betis,2008-09,train
2008-10-05_getafe_almeria,2008-09,train
2008-10-05_la_coruna_numancia,2008-09,train
2008-10-05_mallorca_sp_gijon,2008-09,train
2008-10-05_osasuna_santander,2008-09,train
2008-10-05_real_madrid_espanol,2008-09,train
2008-10-05_recreativo_malaga,2008-09,train
2008-10-05_sevilla_ath_bilbao,2008-09,train
2008-10-05_valladolid_valencia,2008-09,train
2008-10-18_ath_madrid_real_madrid,2008-09,train
2008-10-18_espanol_villarreal,2008-09,train
2008-10-19_almeria_sevilla,2008-09,train
2008-10-19_ath_bilbao_barcelona,2008-09,train
2008-10-19_betis_mallorca,2008-09,train
2008-10-19_malaga_getafe,2008-09,train
2008-10-19_santander_la_coruna,2008-09,train
2008-10-19_sp_gijon_osasuna,2008-09,train
2008-10-19_valencia_numancia,2008-09,train
2008-10-19_valladolid_recreativo,2008-09,train
2008-10-25_barcelona_almeria,2008-09,train
2008-10-25_osasuna_betis,2008-09,train
2008-10-26_getafe_valladolid,2008-09,train
2008-10-26_la_coruna_sp_gijon,2008-09,train
2008-10-26_mallorca_espanol,2008-09,train
2008-10-26_numancia_santander,2008-09,train
2008-10-26_real_madrid_ath_bilbao,2008-09,train
2008-10-26_recreativo_valencia,2008-09,train
2008-10-26_sevilla_malaga,2008-09,train
2008-10-26_villarreal_ath_madrid,2008-09,train
2008-11-01_ath_bilbao_villarreal,2008-09,train
2008-11-01_ath_madrid_mallorca,2008-09,train
2008-11-01_malaga_barcelona,2008-09,train
2008-11-01_valencia_santander,2008-09,train
2008-11-02_almeria_real_madrid,2008-09,train
2008-11-02_betis_la_coruna,2008-09,train
2008-11-02_espanol_osasuna,2008-09,train
2008-11-02_recreativo_getafe,2008-09,train
2008-11-02_sp_gijon_numancia,2008-09,train
2008-11-02_valladolid_sevilla,2008-09,train
2008-11-08_barcelona_valladolid,2008-09,train
2008-11-08_real_madrid_malaga,2008-09,train
2008-11-09_getafe_valencia,2008-09,train
2008-11-09_la_coruna_espanol,2008-09,train
2008-11-09_mallorca_ath_bilbao,2008-09,train
2008-11-09_numancia_betis,2008-09,train
2008-11-09_osasuna_ath_madrid,2008-09,train
2008-11-09_santander_sp_gijon,2008-09,train
2008-11-09_sevilla_recreativo,2008-09,train
2008-11-09_villarreal_almeria,2008-09,train
2008-11-15_valencia_sp_gijon,2008-09,train
2008-11-15_valladolid_real_madrid,2008-09,train
2008-11-16_almeria_mallorca,2008-09,train
2008-11-16_ath_bilbao_osasuna,2008-09,train
2008-11-16_ath_madrid_la_coruna,2008-09,train
2008-11-16_betis_santander,2008-09,train
2008-11-16_espanol_numancia,2008-09,train
2008-11-16_getafe_sevilla,2008-09,train
2008-11-16_malaga_villarreal,2008-09,train
2008-11-16_recreativo_barcelona,2008-09,train
2008-11-22_real_madrid_recreativo,2008-09,train
2008-11-22_sevilla_valencia,2008-09,train
2008-11-22_villarreal_valladolid,2008-09,train
2008-11-23_barcelona_getafe,2008-09,train
2008-11-23_la_coruna_ath_bilbao,2008-09,train
2008-11-23_mallorca_malaga,2008-09,train
2008-11-23_numancia_ath_madrid,2008-09,train
2008-11-23_osasuna_almeria,2008-09,train
2008-11-23_santander_espanol,2008-09,train
2008-11-23_sp_gijon_betis,2008-09,train
2008-11-29_getafe_real_madrid,2008-09,train
2008-11-29_sevilla_barcelona,2008-09,train
2008-11-30_almeria_la_coruna,2008-09,train
2008-11-30_ath_bilbao_numancia,2008-09,train
2008-11-30_ath_madrid_santander,2008-09,train
2008-11-30_espanol_sp_gijon,2008-09,train
2008-11-30_malaga_osasuna,2008-09,train
2008-11-30_recreativo_villarreal,2008-09,train
2008-11-30_valencia_betis,2008-09,train
2008-11-30_valladolid_mallorca,2008-09,train
2008-12-06_barcelona_valencia,2008-09,train
2008-12-06_sp_gijon_ath_madrid,2008-09,train
2008-12-06_villarreal_getafe,2008-09,train
2008-12-07_betis_espanol,2008-09,train
2008-12-07_la_coruna_malaga,2008-09,train
2008-12-07_mallorca_recreativo,2008-09,train
2008-12-07_numancia_almeria,2008-09,train
2008-12-07_osasuna_valladolid,2008-09,train
2008-12-07_real_madrid_sevilla,2008-09,train
2008-12-07_santander_ath_bilbao,2008-09,train
2008-12-13_barcelona_real_madrid,2008-09,train
2008-12-13_valencia_espanol,2008-09,train
2008-12-14_almeria_santander,2008-09,train
2008-12-14_ath_bilbao_sp_gijon,2008-09,train
2008-12-14_ath_madrid_betis,2008-09,train
2008-12-14_getafe_mallorca,2008-09,train
2008-12-14_malaga_numancia,2008-09,train
2008-12-14_recreativo_osasuna,2008-09,train
2008-12-14_sevilla_villarreal,2008-09,train
2008-12-14_valladolid_la_coruna,2008-09,train
2008-12-20_espanol_ath_madrid,2008-09,train
2008-12-20_real_madrid_valencia,2008-09,train
2008-12-21_betis_ath_bilbao,2008-09,train
2008-12-21_la_coruna_recreativo,2008-09,train
2008-12-21_mallorca_sevilla,2008-09,train
2008-12-21_numancia_valladolid,2008-09,train
2008-12-21_osasuna_getafe,2008-09,train
2008-12-21_santander_malaga,2008-09,train
2008-12-21_sp_gijon_almeria,2008-09,train
2008-12-21_villarreal_barcelona,2008-09,train
2009-01-03_barcelona_mallorca,2008-09,train
2009-01-03_valencia_ath_madrid,2008-09,train
2009-01-04_almeria_betis,2008-09,train
2009-01-04_ath_bilbao_espanol,2008-09,train
2009-01-04_getafe_la_coruna,2008-09,train
2009-01-04_malaga_sp_gijon,2008-09,train
2009-01-04_real_madrid_villarreal,2008-09,train
2009-01-04_recreativo_numancia,2008-09,train
2009-01-04_sevilla_osasuna,2008-09,train
2009-01-04_valladolid_santander,2008-09,train
2009-01-10_la_coruna_sevilla,2008-09,train
2009-01-10_valencia_villarreal,2008-09,train
2009-01-11_ath_madrid_ath_bilbao,2008-09,train
2009-01-11_betis_malaga,2008-09,train
2009-01-11_espanol_almeria,2008-09,train
2009-01-11_mallorca_real_madrid,2008-09,train
2009-01-11_numancia_getafe,2008-09,train
2009-01-11_osasuna_barcelona,2008-09,train
2009-01-11_santander_recreativo,2008-09,train
2009-01-11_sp_gijon_valladolid,2008-09,train
2009-01-17_barcelona_la_coruna,2008-09,train
2009-01-17_sevilla_numancia,2008-09,train
2009-01-18_almeria_ath_madrid,2008-09,train
2009-01-18_ath_bilbao_valencia,2008-09,train
2009-01-18_getafe_santander,2008-09,train
2009-01-18_malaga_espanol,2008-09,train
2009-01-18_real_madrid_osasuna,2008-09,train
2009-01-18_recreativo_sp_gijon,2008-09,train
2009-01-18_valladolid_betis,2008-09,train
2009-01-18_villarreal_mallorca,2008-09,train
2009-01-24_barcelona_numancia,2008-09,train
2009-01-24_villarreal_osasuna,2008-09,train
2009-01-25_almeria_ath_bilbao,2008-09,train
2009-01-25_getafe_sp_gijon,2008-09,train
2009-01-25_malaga_ath_madrid,2008-09,train
2009-01-25_mallorca_valencia,2008-09,train
2009-01-25_real_madrid_la_coruna,2008-09,train
2009-01-25_recreativo_betis,2008-09,train
2009-01-25_sevilla_santander,2008-09,train
2009-01-25_valladolid_espanol,2008-09,train
2009-01-31_ath_bilbao_malaga,2008-09,train
2009-01-31_numancia_real_madrid,2008-09,train
2009-02-01_ath_madrid_valladolid,2008-09,train
2009-02-01_betis_getafe,2008-09,train
2009-02-01_espanol_recreativo,2008-09,train
2009-02-01_la_coruna_villarreal,2008-09,train
2009-02-01_osasuna_mallorca,2008-09,train
2009-02-01_santander_barcelona,2008-09,train
2009-02-01_sp_gijon_sevilla,2008-09,train
2009-02-01_valencia_almeria,2008-09,train
2009-02-07_real_madrid_santander,2008-09,train
2009-02-07_sevilla_betis,2008-09,train
2009-02-08_barcelona_sp_gijon,2008-09,train
2009-02-08_getafe_espanol,2008-09,train
2009-02-08_malaga_almeria,2008-09,train
2009-02-08_mallorca_la_coruna,2008-09,train
2009-02-08_osasuna_valencia,2008-09,train
2009-02-08_recreativo_ath_madrid,2008-09,train
2009-02-08_valladolid_ath_bilbao,2008-09,train
2009-02-08_villarreal_numancia,2008-09,train
2009-02-14_betis_barcelona,2008-09,train
2009-02-14_la_coruna_osasuna,2008-09,train
2009-02-14_valencia_malaga,2008-09,train
2009-02-15_almeria_valladolid,2008-09,train
2009-02-15_ath_bilbao_recreativo,2008-09,train
2009-02-15_ath_madrid_getafe,2008-09,train
2009-02-15_espanol_sevilla,2008-09,train
2009-02-15_numancia_mallorca,2008-09,train
2009-02-15_santander_villarreal,2008-09,train
2009-02-15_sp_gijon_real_madrid,2008-09,train
2009-02-21_barcelona_espanol,2008-09,train
2009-02-21_real_madrid_betis,2008-09,train
2009-02-21_sevilla_ath_madrid,2008-09,train
2009-02-21_villarreal_sp_gijon,2008-09,train
2009-02-22_getafe_ath_bilbao,2008-09,train
2009-02-22_la_coruna_valencia,2008-09,train
2009-02-22_mallorca_santander,2008-09,train
2009-02-22_osasuna_numancia,2008-09,train
2009-02-22_recreativo_almeria,2008-09,train
2009-02-22_valladolid_malaga,2008-09,train
2009-02-28_ath_bilbao_sevilla,2008-09,train
2009-02-28_espanol_real_madrid,2008-09,train
2009-03-01_almeria_getafe,2008-09,train
2009-03-01_ath_madrid_barcelona,2008-09,train
2009-03-01_betis_villarreal,2008-09,train
2009-03-01_malaga_recreativo,2008-09,train
2009-03-01_numancia_la_coruna,2008-09,train
2009-03-01_santander_osasuna,2008-09,train
2009-03-01_sp_gijon_mallorca,2008-09,train
2009-03-01_valencia_valladolid,2008-09,train
2009-03-07_barcelona_ath_bilbao,2008-09,train
2009-03-07_real_madrid_ath_madrid,2008-09,train
2009-03-07_villarreal_espanol,2008-09,train
2009-03-08_getafe_malaga,2008-09,train
2009-03-08_la_coruna_santander,2008-09,train
2009-03-08_mallorca_betis,2008-09,train
2009-03-08_numancia_valencia,2008-09,train
2009-03-08_osasuna_sp_gijon,2008-09,train
2009-03-08_recreativo_valladolid,2008-09,train
2009-03-08_sevilla_almeria,2008-09,train
2009-03-14_ath_bilbao_real_madrid,2008-09,train
2009-03-14_valencia_recreativo,2008-09,train
2009-03-15_almeria_barcelona,2008-09,train
2009-03-15_ath_madrid_villarreal,2008-09,train
2009-03-15_betis_osasuna,2008-09,train
2009-03-15_espanol_mallorca,2008-09,train
2009-03-15_malaga_sevilla,2008-09,train
2009-03-15_santander_numancia,2008-09,train
2009-03-15_sp_gijon_la_coruna,2008-09,train
2009-03-15_valladolid_getafe,2008-09,train
2009-03-21_sevilla_valladolid,2008-09,train
2009-03-21_villarreal_ath_bilbao,2008-09,train
2009-03-22_barcelona_malaga,2008-09,train
2009-03-22_getafe_recreativo,2008-09,train
2009-03-22_la_coruna_betis,2008-09,train
2009-03-22_mallorca_ath_madrid,2008-09,train
2009-03-22_numancia_sp_gijon,2008-09,train
2009-03-22_osasuna_espanol,2008-09,train
2009-03-22_real_madrid_almeria,2008-09,train
2009-03-22_santander_valencia,2008-09,train
2009-04-04_almeria_villarreal,2008-09,train
2009-04-04_ath_bilbao_mallorca,2008-09,train
2009-04-04_betis_numancia,2008-09,train
2009-04-04_malaga_real_madrid,2008-09,train
2009-04-04_recreativo_sevilla,2008-09,train
2009-04-04_valladolid_barcelona,2008-09,train
2009-04-05_ath_madrid_osasuna,2008-09,train
2009-04-05_espanol_la_coruna,2008-09,train
2009-04-05_sp_gijon_santander,2008-09,train
2009-04-05_valencia_getafe,2008-09,train
2009-04-11_barcelona_recreativo,2008-09,train
2009-04-11_villarreal_malaga,2008-09,train
2009-04-12_la_coruna_ath_madrid,2008-09,train
2009-04-12_mallorca_almeria,2008-09,train
2009-04-12_numancia_espanol,2008-09,train
2009-04-12_osasuna_ath_bilbao,2008-09,train
2009-04-12_real_madrid_valladolid,2008-09,train
2009-04-12_santander_betis,2008-09,train
2009-04-12_sevilla_getafe,2008-09,train
2009-04-12_sp_gijon_valencia,2008-09,train
2009-04-18_ath_bilbao_la_coruna,2008-09,train
2009-04-18_ath_madrid_numancia,2008-09,train
2009-04-18_getafe_barcelona,2008-09,train
2009-04-18_malaga_mallorca,2008-09,train
2009-04-18_recreativo_real_madrid,2008-09,train
2009-04-19_almeria_osasuna,2008-09,train
2009-04-19_betis_sp_gijon,2008-09,train
2009-04-19_espanol_santander,2008-09,train
2009-04-19_valencia_sevilla,2008-09,train
2009-04-19_valladolid_villarreal,2008-09,train
2009-04-21_numancia_ath_bilbao,2008-09,train
2009-04-21_real_madrid_getafe,2008-09,train
2009-04-22_barcelona_sevilla,2008-09,train
2009-04-22_betis_valencia,2008-09,train
2009-04-22_la_coruna_almeria,2008-09,train
2009-04-22_osasuna_malaga,2008-09,train
2009-04-23_mallorca_valladolid,2008-09,train
2009-04-23_santander_ath_madrid,2008-09,train
2009-04-23_sp_gijon_espanol,2008-09,train
2009-04-23_villarreal_recreativo,2008-09,train
2009-04-25_almeria_numancia,2008-09,train
2009-04-25_malaga_la_coruna,2008-09,train
2009-04-25_valencia_barcelona,2008-09,train
2009-04-26_ath_bilbao_santander,2008-09,train
2009-04-26_ath_madrid_sp_gijon,2008-09,train
2009-04-26_espanol_betis,2008-09,train
2009-04-26_getafe_villarreal,2008-09,train
2009-04-26_recreativo_mallorca,2008-09,train
2009-04-26_sevilla_real_madrid,2008-09,train
2009-04-26_valladolid_osasuna,2008-09,train
2009-05-02_numancia_malaga,2008-09,train
2009-05-02_real_madrid_barcelona,2008-09,train
2009-05-02_villarreal_sevilla,2008-09,train
2009-05-03_betis_ath_madrid,2008-09,train
2009-05-03_espanol_valencia,2008-09,train
2009-05-03_la_coruna_valladolid,2008-09,train
2009-05-03_mallorca_getafe,2008-09,train
2009-05-03_osasuna_recreativo,2008-09,train
2009-05-03_santander_almeria,2008-09,train
2009-05-03_sp_gijon_ath_bilbao,2008-09,train
2009-05-09_ath_bilbao_betis,2008-09,train
2009-05-09_sevilla_mallorca,2008-09,train
2009-05-09_valencia_real_madrid,2008-09,train
2009-05-10_almeria_sp_gijon,2008-09,train
2009-05-10_ath_madrid_espanol,2008-09,train
2009-05-10_barcelona_villarreal,2008-09,train
2009-05-10_getafe_osasuna,2008-09,train
2009-05-10_malaga_santander,2008-09,train
2009-05-10_recreativo_la_coruna,2008-09,train
2009-05-10_valladolid_numancia,2008-09,train
2009-05-16_la_coruna_getafe,2008-09,train
2009-05-16_osasuna_sevilla,2008-09,train
2009-05-16_villarreal_real_madrid,2008-09,train
2009-05-17_ath_madrid_valencia,2008-09,train
2009-05-17_betis_almeria,2008-09,train
2009-05-17_espanol_ath_bilbao,2008-09,train
2009-05-17_mallorca_barcelona,2008-09,train
2009-05-17_numancia_recreativo,2008-09,train
2009-05-17_santander_valladolid,2008-09,train
2009-05-17_sp_gijon_malaga,2008-09,train
2009-05-23_almeria_espanol,2008-09,train
2009-05-23_ath_bilbao_ath_madrid,2008-09,train
2009-05-23_barcelona_osasuna,2008-09,train
2009-05-23_getafe_numancia,2008-09,train
2009-05-23_malaga_betis,2008-09,train
2009-05-23_recreativo_santander,2008-09,train
2009-05-23_sevilla_la_coruna,2008-09,train
2009-05-23_valladolid_sp_gijon,2008-09,train
2009-05-23_villarreal_valencia,2008-09,train
2009-05-24_real_madrid_mallorca,2008-09,train
2009-05-30_ath_madrid_almeria,2008-09,train
2009-05-30_la_coruna_barcelona,2008-09,train
2009-05-30_mallorca_villarreal,2008-09,train
2009-05-30_valencia_ath_bilbao,2008-09,train
2009-05-31_betis_valladolid,2008-09,train
2009-05-31_espanol_malaga,2008-09,train
2009-05-31_numancia_sevilla,2008-09,train
2009-05-31_osasuna_real_madrid,2008-09,train
2009-05-31_santander_getafe,2008-09,train
2009-05-31_sp_gijon_recreativo,2008-09,train
2009-08-29_real_madrid_la_coruna,2009-10,train
2009-08-29_zaragoza_tenerife,2009-10,train
2009-08-30_almeria_valladolid,2009-10,train
2009-08-30_ath_bilbao_espanol,2009-10,train
2009-08-30_malaga_ath_madrid,2009-10,train
2009-08-30_mallorca_xerez,2009-10,train
2009-08-30_osasuna_villarreal,2009-10,train
2009-08-30_santander_getafe,2009-10,train
2009-08-30_valencia_sevilla,2009-10,train
2009-08-31_barcelona_sp_gijon,2009-10,train
2009-09-12_ath_madrid_santander,2009-10,train
2009-09-12_espanol_real_madrid,2009-10,train
2009-09-12_getafe_barcelona,2009-10,train
2009-09-12_sevilla_zaragoza,2009-10,train
2009-09-13_la_coruna_malaga,2009-10,train
2009-09-13_sp_gijon_almeria,2009-10,train
2009-09-13_tenerife_osasuna,2009-10,train
2009-09-13_valladolid_valencia,2009-10,train
2009-09-13_villarreal_mallorca,2009-10,train
2009-09-13_xerez_ath_bilbao,2009-10,train
2009-09-19_barcelona_ath_madrid,2009-10,train
2009-09-19_la_coruna_espanol,2009-10,train
2009-09-19_malaga_santander,2009-10,train
2009-09-19_mallorca_tenerife,2009-10,train
2009-09-19_osasuna_sevilla,2009-10,train
2009-09-20_almeria_getafe,2009-10,train
2009-09-20_ath_bilbao_villarreal,2009-10,train
2009-09-20_real_madrid_xerez,2009-10,train
2009-09-20_valencia_sp_gijon,2009-10,train
2009-09-20_zaragoza_valladolid,2009-10,train
2009-09-22_santander_barcelona,2009-10,train
2009-09-22_sevilla_mallorca,2009-10,train
2009-09-23_ath_madrid_almeria,2009-10,train
2009-09-23_espanol_malaga,2009-10,train
2009-09-23_getafe_valencia,2009-10,train
2009-09-23_tenerife_ath_bilbao,2009-10,train
2009-09-23_valladolid_osasuna,2009-10,train
2009-09-23_villarreal_real_madrid,2009-10,train
2009-09-23_xerez_la_coruna,2009-10,train
2009-09-24_sp_gijon_zaragoza,2009-10,train
2009-09-26_ath_bilbao_sevilla,2009-10,train
2009-09-26_malaga_barcelona,2009-10,train
2009-09-26_real_madrid_tenerife,2009-10,train
2009-09-26_valencia_ath_madrid,2009-10,train
2009-09-27_almeria_santander,2009-10,train
2009-09-27_espanol_xerez,2009-10,train
2009-09-27_la_coruna_villarreal,2009-10,train
2009-09-27_mallorca_valladolid,2009-10,train
2009-09-27_osasuna_sp_gijon,2009-10,train
2009-09-27_zaragoza_getafe,2009-10,train
2009-10-03_ath_madrid_zaragoza,2009-10,train
2009-10-03_barcelona_almeria,2009-10,train
2009-10-03_tenerife_la_coruna,2009-10,train
2009-10-04_getafe_osasuna,2009-10,train
2009-10-04_santander_valencia,2009-10,train
2009-10-04_sevilla_real_madrid,2009-10,train
2009-10-04_sp_gijon_mallorca,2009-10,train
2009-10-04_valladolid_ath_bilbao,2009-10,train
2009-10-04_villarreal_espanol,2009-10,train
2009-10-04_xerez_malaga,2009-10,train
2009-10-17_la_coruna_sevilla,2009-10,train
2009-10-17_real_madrid_valladolid,2009-10,train
2009-10-17_valencia_barcelona,2009-10,train
2009-10-18_ath_bilbao_sp_gijon,2009-10,train
2009-10-18_espanol_tenerife,2009-10,train
2009-10-18_malaga_almeria,2009-10,train
2009-10-18_mallorca_getafe,2009-10,train
2009-10-18_osasuna_ath_madrid,2009-10,train
2009-10-18_xerez_villarreal,2009-10,train
2009-10-18_zaragoza_santander,2009-10,train
2009-10-24_ath_madrid_mallorca,2009-10,train
2009-10-24_sevilla_espanol,2009-10,train
2009-10-24_sp_gijon_real_madrid,2009-10,train
2009-10-25_almeria_valencia,2009-10,train
2009-10-25_barcelona_zaragoza,2009-10,train
2009-10-25_getafe_ath_bilbao,2009-10,train
2009-10-25_santander_osasuna,2009-10,train
2009-10-25_tenerife_xerez,2009-10,train
2009-10-25_valladolid_la_coruna,2009-10,train
2009-10-25_villarreal_malaga,2009-10,train
2009-10-31_ath_bilbao_ath_madrid,2009-10,train
2009-10-31_osasuna_barcelona,2009-10,train
2009-10-31_real_madrid_getafe,2009-10,train
2009-10-31_xerez_sevilla,2009-10,train
2009-11-01_espanol_valladolid,2009-10,train
2009-11-01_la_coruna_sp_gijon,2009-10,train
2009-11-01_malaga_valencia,2009-10,train
2009-11-01_mallorca_santander,2009-10,train
2009-11-01_villarreal_tenerife,2009-10,train
2009-11-01_zaragoza_almeria,2009-10,train
2009-11-07_ath_madrid_real_madrid,2009-10,train
2009-11-07_barcelona_mallorca,2009-10,train
2009-11-07_getafe_la_coruna,2009-10,train
2009-11-07_tenerife_malaga,2009-10,train
2009-11-08_almeria_osasuna,2009-10,train
2009-11-08_santander_ath_bilbao,2009-10,train
2009-11-08_sevilla_villarreal,2009-10,train
2009-11-08_sp_gijon_espanol,2009-10,train
2009-11-08_valencia_zaragoza,2009-10,train
2009-11-08_valladolid_xerez,2009-10,train
2009-11-21_ath_bilbao_barcelona,2009-10,train
2009-11-21_la_coruna_ath_madrid,2009-10,train
2009-11-21_real_madrid_santander,2009-10,train
2009-11-21_tenerife_sevilla,2009-10,train
2009-11-22_espanol_getafe,2009-10,train
2009-11-22_malaga_zaragoza,2009-10,train
2009-11-22_mallorca_almeria,2009-10,train
2009-11-22_osasuna_valencia,2009-10,train
2009-11-22_villarreal_valladolid,2009-10,train
2009-11-22_xerez_sp_gijon,2009-10,train
2009-11-28_sevilla_malaga,2009-10,train
2009-11-28_sp_gijon_villarreal,2009-10,train
2009-11-28_valencia_mallorca,2009-10,train
2009-11-29_almeria_ath_bilbao,2009-10,train
2009-11-29_ath_madrid_espanol,2009-10,train
2009-11-29_barcelona_real_madrid,2009-10,train
2009-11-29_getafe_xerez,2009-10,train
2009-11-29_santander_la_coruna,2009-10,train
2009-11-29_valladolid_tenerife,2009-10,train
2009-11-29_zaragoza_osasuna,2009-10,train
2009-12-02_xerez_barcelona,2009-10,train
2009-12-05_la_coruna_barcelona,2009-10,train
2009-12-05_real_madrid_almeria,2009-10,train
2009-12-05_sevilla_valladolid,2009-10,train
2009-12-05_xerez_ath_madrid,2009-10,train
2009-12-06_ath_bilbao_valencia,2009-10,train
2009-12-06_espanol_santander,2009-10,train
2009-12-06_malaga_osasuna,2009-10,train
2009-12-06_mallorca_zaragoza,2009-10,train
2009-12-06_tenerife_sp_gijon,2009-10,train
2009-12-06_villarreal_getafe,2009-10,train
2009-12-12_barcelona_espanol,2009-10,train
2009-12-12_valencia_real_madrid,2009-10,train
2009-12-12_zaragoza_ath_bilbao,2009-10,train
2009-12-13_almeria_la_coruna,2009-10,train
2009-12-13_ath_madrid_villarreal,2009-10,train
2009-12-13_getafe_tenerife,2009-10,train
2009-12-13_osasuna_mallorca,2009-10,train
2009-12-13_santander_xerez,2009-10,train
2009-12-13_sp_gijon_sevilla,2009-10,train
2009-12-13_valladolid_malaga,2009-10,train
2009-12-19_ath_bilbao_osasuna,2009-10,train
2009-12-19_real_madrid_zaragoza,2009-10,train
2009-12-19_sevilla_getafe,2009-10,train
2009-12-20_espanol_almeria,2009-10,train
2009-12-20_la_coruna_valencia,2009-10,train
2009-12-20_malaga_mallorca,2009-10,train
2009-12-20_tenerife_ath_madrid,2009-10,train
2009-12-20_valladolid_sp_gijon,2009-10,train
2009-12-20_villarreal_santander,2009-10,train
2010-01-02_ath_madrid_sevilla,2009-10,train
2010-01-02_barcelona_villarreal,2009-10,train
2010-01-02_valencia_espanol,2009-10,train
2010-01-03_almeria_xerez,2009-10,train
2010-01-03_getafe_valladolid,2009-10,train
2010-01-03_mallorca_ath_bilbao,2009-10,train
2010-01-03_osasuna_real_madrid,2009-10,train
2010-01-03_santander_tenerife,2009-10,train
2010-01-03_sp_gijon_malaga,2009-10,train
2010-01-03_zaragoza_la_coruna,2009-10,train
2010-01-09_sevilla_santander,2009-10,train
2010-01-09_valladolid_ath_madrid,2009-10,train
2010-01-09_villarreal_almeria,2009-10,train
2010-01-10_espanol_zaragoza,2009-10,train
2010-01-10_la_coruna_osasuna,2009-10,train
2010-01-10_malaga_ath_bilbao,2009-10,train
2010-01-10_real_madrid_mallorca,2009-10,train
2010-01-10_sp_gijon_getafe,2009-10,train
2010-01-10_tenerife_barcelona,2009-10,train
2010-01-10_xerez_valencia,2009-10,train
2010-01-16_ath_bilbao_real_madrid,2009-10,train
2010-01-16_barcelona_sevilla,2009-10,train
2010-01-16_osasuna_espanol,2009-10,train
2010-01-17_almeria_tenerife,2009-10,train
2010-01-17_ath_madrid_sp_gijon,2009-10,train
2010-01-17_malaga_getafe,2009-10,train
2010-01-17_mallorca_la_coruna,2009-10,train
2010-01-17_santander_valladolid,2009-10,train
2010-01-17_valencia_villarreal,2009-10,train
2010-01-17_zaragoza_xerez,2009-10,train
2010-01-23_la_coruna_ath_bilbao,2009-10,train
2010-01-23_sevilla_almeria,2009-10,train
2010-01-23_valladolid_barcelona,2009-10,train
2010-01-24_espanol_mallorca,2009-10,train
2010-01-24_getafe_ath_madrid,2009-10,train
2010-01-24_real_madrid_malaga,2009-10,train
2010-01-24_sp_gijon_santander,2009-10,train
2010-01-24_tenerife_valencia,2009-10,train
2010-01-24_villarreal_zaragoza,2009-10,train
2010-01-24_xerez_osasuna,2009-10,train
2010-01-30_espanol_ath_bilbao,2009-10,train
2010-01-30_la_coruna_real_madrid,2009-10,train
2010-01-30_sp_gijon_barcelona,2009-10,train
2010-01-31_ath_madrid_malaga,2009-10,train
2010-01-31_getafe_santander,2009-10,train
2010-01-31_sevilla_valencia,2009-10,train
2010-01-31_tenerife_zaragoza,2009-10,train
2010-01-31_valladolid_almeria,2009-10,train
2010-01-31_villarreal_osasuna,2009-10,train
2010-01-31_xerez_mallorca,2009-10,train
2010-02-06_barcelona_getafe,2009-10,train
2010-02-06_real_madrid_espanol,2009-10,train
2010-02-06_valencia_valladolid,2009-10,train
2010-02-07_almeria_sp_gijon,2009-10,train
2010-02-07_ath_bilbao_xerez,2009-10,train
2010-02-07_malaga_la_coruna,2009-10,train
2010-02-07_mallorca_villarreal,2009-10,train
2010-02-07_osasuna_tenerife,2009-10,train
2010-02-07_santander_ath_madrid,2009-10,train
2010-02-07_zaragoza_sevilla,2009-10,train
2010-02-13_sp_gijon_valencia,2009-10,train
2010-02-13_villarreal_ath_bilbao,2009-10,train
2010-02-13_xerez_real_madrid,2009-10,train
2010-02-14_ath_madrid_barcelona,2009-10,train
2010-02-14_espanol_la_coruna,2009-10,train
2010-02-14_getafe_almeria,2009-10,train
2010-02-14_santander_malaga,2009-10,train
2010-02-14_sevilla_osasuna,2009-10,train
2010-02-14_valladolid_zaragoza,2009-10,train
2010-02-15_tenerife_mallorca,2009-10,train
2010-02-20_barcelona_santander,2009-10,train
2010-02-20_la_coruna_xerez,2009-10,train
2010-02-20_mallorca_sevilla,2009-10,train
2010-02-21_almeria_ath_madrid,2009-10,train
2010-02-21_ath_bilbao_tenerife,2009-10,train
2010-02-21_malaga_espanol,2009-10,train
2010-02-21_osasuna_valladolid,2009-10,train
2010-02-21_real_madrid_villarreal,2009-10,train
2010-02-21_zaragoza_sp_gijon,2009-10,train
2010-02-22_valencia_getafe,2009-10,train
2010-02-27_barcelona_malaga,2009-10,train
2010-02-27_getafe_zaragoza,2009-10,train
2010-02-27_tenerife_real_madrid,2009-10,train
2010-02-28_ath_madrid_valencia,2009-10,train
2010-02-28_santander_almeria,2009-10,train
2010-02-28_sevilla_ath_bilbao,2009-10,train
2010-02-28_sp_gijon_osasuna,2009-10,train
2010-02-28_valladolid_mallorca,2009-10,train
2010-02-28_villarreal_la_coruna,2009-10,train
2010-02-28_xerez_espanol,2009-10,train
2010-03-06_almeria_barcelona,2009-10,train
2010-03-06_la_coruna_tenerife,2009-10,train
2010-03-06_real_madrid_sevilla,2009-10,train
2010-03-07_ath_bilbao_valladolid,2009-10,train
2010-03-07_espanol_villarreal,2009-10,train
2010-03-07_malaga_xerez,2009-10,train
2010-03-07_mallorca_sp_gijon,2009-10,train
2010-03-07_osasuna_getafe,2009-10,train
2010-03-07_zaragoza_ath_madrid,2009-10,train
2010-03-08_valencia_santander,2009-10,train
2010-03-13_getafe_mallorca,2009-10,train
2010-03-13_sevilla_la_coruna,2009-10,train
2010-03-13_sp_gijon_ath_bilbao,2009-10,train
2010-03-14_almeria_malaga,2009-10,train
2010-03-14_barcelona_valencia,2009-10,train
2010-03-14_santander_zaragoza,2009-10,train
2010-03-14_tenerife_espanol,2009-10,train
2010-03-14_valladolid_real_madrid,2009-10,train
2010-03-14_villarreal_xerez,2009-10,train
2010-03-15_ath_madrid_osasuna,2009-10,train
2010-03-20_ath_bilbao_getafe,2009-10,train
2010-03-20_espanol_sevilla,2009-10,train
2010-03-20_la_coruna_valladolid,2009-10,train
2010-03-20_real_madrid_sp_gijon,2009-10,train
2010-03-20_xerez_tenerife,2009-10,train
2010-03-21_malaga_villarreal,2009-10,train
2010-03-21_mallorca_ath_madrid,2009-10,train
2010-03-21_osasuna_santander,2009-10,train
2010-03-21_valencia_almeria,2009-10,train
2010-03-21_zaragoza_barcelona,2009-10,train
2010-03-23_sevilla_xerez,2009-10,train
2010-03-23_sp_gijon_la_coruna,2009-10,train
2010-03-24_almeria_zaragoza,2009-10,train
2010-03-24_barcelona_osasuna,2009-10,train
2010-03-24_santander_mallorca,2009-10,train
2010-03-24_tenerife_villarreal,2009-10,train
2010-03-24_valencia_malaga,2009-10,train
2010-03-24_valladolid_espanol,2009-10,train
2010-03-25_ath_madrid_ath_bilbao,2009-10,train
2010-03-25_getafe_real_madrid,2009-10,train
2010-03-27_malaga_tenerife,2009-10,train
2010-03-27_mallorca_barcelona,2009-10,train
2010-03-27_zaragoza_valencia,2009-10,train
2010-03-28_espanol_sp_gijon,2009-10,train
2010-03-28_la_coruna_getafe,2009-10,train
2010-03-28_osasuna_almeria,2009-10,train
2010-03-28_real_madrid_ath_madrid,2009-10,train
2010-03-28_villarreal_sevilla,2009-10,train
2010-03-28_xerez_valladolid,2009-10,train
2010-03-29_ath_bilbao_santander,2009-10,train
2010-04-03_barcelona_ath_bilbao,2009-10,train
2010-04-03_sevilla_tenerife,2009-10,train
2010-04-03_zaragoza_malaga,2009-10,train
2010-04-04_almeria_mallorca,2009-10,train
2010-04-04_ath_madrid_la_coruna,2009-10,train
2010-04-04_getafe_espanol,2009-10,train
2010-04-04_santander_real_madrid,2009-10,train
2010-04-04_sp_gijon_xerez,2009-10,train
2010-04-04_valencia_osasuna,2009-10,train
2010-04-04_valladolid_villarreal,2009-10,train
2010-04-10_malaga_sevilla,2009-10,train
2010-04-10_real_madrid_barcelona,2009-10,train
2010-04-10_tenerife_valladolid,2009-10,train
2010-04-10_villarreal_sp_gijon,2009-10,train
2010-04-10_xerez_getafe,2009-10,train
2010-04-11_ath_bilbao_almeria,2009-10,train
2010-04-11_espanol_ath_madrid,2009-10,train
2010-04-11_la_coruna_santander,2009-10,train
2010-04-11_mallorca_valencia,2009-10,train
2010-04-11_osasuna_zaragoza,2009-10,train
2010-04-13_getafe_villarreal,2009-10,train
2010-04-13_sp_gijon_tenerife,2009-10,train
2010-04-13_valladolid_sevilla,2009-10,train
2010-04-14_ath_madrid_xerez,2009-10,train
2010-04-14_barcelona_la_coruna,2009-10,train
2010-04-14_osasuna_malaga,2009-10,train
2010-04-14_santander_espanol,2009-10,train
2010-04-14_zaragoza_mallorca,2009-10,train
2010-04-15_almeria_real_madrid,2009-10,train
2010-04-15_valencia_ath_bilbao,2009-10,train
2010-04-17_espanol_barcelona,2009-10,train
2010-04-17_sevilla_sp_gijon,2009-10,train
2010-04-17_villarreal_ath_madrid,2009-10,train
2010-04-18_ath_bilbao_zaragoza,2009-10,train
2010-04-18_la_coruna_almeria,2009-10,train
2010-04-18_malaga_valladolid,2009-10,train
2010-04-18_real_madrid_valencia,2009-10,train
2010-04-18_tenerife_getafe,2009-10,train
2010-04-18_xerez_santander,2009-10,train
2010-04-19_mallorca_osasuna,2009-10,train
2010-04-24_barcelona_xerez,2009-10,train
2010-04-24_valencia_la_coruna,2009-10,train
2010-04-24_zaragoza_real_madrid,2009-10,train
2010-04-25_almeria_espanol,2009-10,train
2010-04-25_ath_madrid_tenerife,2009-10,train
2010-04-25_getafe_sevilla,2009-10,train
2010-04-25_mallorca_malaga,2009-10,train
2010-04-25_santander_villarreal,2009-10,train
2010-04-25_sp_gijon_valladolid,2009-10,train
2010-04-26_osasuna_ath_bilbao,2009-10,train
2010-05-01_espanol_valencia,2009-10,train
2010-05-01_la_coruna_zaragoza,2009-10,train
2010-05-01_malaga_sp_gijon,2009-10,train
2010-05-01_tenerife_santander,2009-10,train
2010-05-01_valladolid_getafe,2009-10,train
2010-05-01_villarreal_barcelona,2009-10,train
2010-05-01_xerez_almeria,2009-10,train
2010-05-02_ath_bilbao_mallorca,2009-10,train
2010-05-02_real_madrid_osasuna,2009-10,train
2010-05-02_sevilla_ath_madrid,2009-10,train
2010-05-04_almeria_villarreal,2009-10,train
2010-05-04_barcelona_tenerife,2009-10,train
2010-05-04_getafe_sp_gijon,2009-10,train
2010-05-04_valencia_xerez,2009-10,train
2010-05-05_ath_bilbao_malaga,2009-10,train
2010-05-05_ath_madrid_valladolid,2009-10,train
2010-05-05_mallorca_real_madrid,2009-10,train
2010-05-05_osasuna_la_coruna,2009-10,train
2010-05-05_santander_sevilla,2009-10,train
2010-05-05_zaragoza_espanol,2009-10,train
2010-05-08_espanol_osasuna,2009-10,train
2010-05-08_getafe_malaga,2009-10,train
2010-05-08_la_coruna_mallorca,2009-10,train
2010-05-08_real_madrid_ath_bilbao,2009-10,train
2010-05-08_sevilla_barcelona,2009-10,train
2010-05-08_sp_gijon_ath_madrid,2009-10,train
2010-05-08_tenerife_almeria,2009-10,train
2010-05-08_valladolid_santander,2009-10,train
2010-05-08_villarreal_valencia,2009-10,train
2010-05-08_xerez_zaragoza,2009-10,train
2010-05-15_almeria_sevilla,2009-10,train
2010-05-15_ath_bilbao_la_coruna,2009-10,train
2010-05-15_ath_madrid_getafe,2009-10,train
2010-05-15_mallorca_espanol,2009-10,train
2010-05-15_zaragoza_villarreal,2009-10,train
2010-05-16_barcelona_valladolid,2009-10,train
2010-05-16_malaga_real_madrid,2009-10,train
2010-05-16_osasuna_xerez,2009-10,train
2010-05-16_santander_sp_gijon,2009-10,train
2010-05-16_valencia_tenerife,2009-10,train
2010-08-28_hercules_ath_bilbao,2010-11,train
2010-08-28_levante_sevilla,2010-11,train
2010-08-28_malaga_valencia,2010-11,train
2010-08-29_espanol_getafe,2010-11,train
2010-08-29_la_coruna_zaragoza,2010-11,train
2010-08-29_mallorca_real_madrid,2010-11,train
2010-08-29_osasuna_almeria,2010-11,train
2010-08-29_santander_barcelona,2010-11,train
2010-08-29_sociedad_villarreal,2010-11,train
2010-08-30_ath_madrid_sp_gijon,2010-11,train
2010-09-11_ath_bilbao_ath_madrid,2010-11,train
2010-09-11_barcelona_hercules,2010-11,train
2010-09-11_real_madrid_osasuna,2010-11,train
2010-09-11_valencia_santander,2010-11,train
2010-09-12_getafe_levante,2010-11,train
2010-09-12_sevilla_la_coruna,2010-11,train
2010-09-12_sp_gijon_mallorca,2010-11,train
2010-09-12_villarreal_espanol,2010-11,train
2010-09-12_zaragoza_malaga,2010-11,train
2010-09-13_almeria_sociedad,2010-11,train
2010-09-18_espanol_almeria,2010-11,train
2010-09-18_mallorca_osasuna,2010-11,train
2010-09-18_sociedad_real_madrid,2010-11,train
2010-09-18_sp_gijon_ath_bilbao,2010-11,train
2010-09-19_ath_madrid_barcelona,2010-11,train
2010-09-19_hercules_valencia,2010-11,train
2010-09-19_levante_villarreal,2010-11,train
2010-09-19_malaga_sevilla,2010-11,train
2010-09-19_santander_zaragoza,2010-11,train
2010-09-20_la_coruna_getafe,2010-11,train
2010-09-21_ath_bilbao_mallorca,2010-11,train
2010-09-21_osasuna_sociedad,2010-11,train
2010-09-21_real_madrid_espanol,2010-11,train
2010-09-22_almeria_levante,2010-11,train
2010-09-22_barcelona_sp_gijon,2010-11,train
2010-09-22_valencia_ath_madrid,2010-11,train
2010-09-22_zaragoza_hercules,2010-11,train
2010-09-23_getafe_malaga,2010-11,train
2010-09-23_sevilla_santander,2010-11,train
2010-09-23_villarreal_la_coruna,2010-11,train
2010-09-25_ath_bilbao_barcelona,2010-11,train
2010-09-25_levante_real_madrid,2010-11,train
2010-09-25_sp_gijon_valencia,2010-11,train
2010-09-26_ath_madrid_zaragoza,2010-11,train
2010-09-26_espanol_osasuna,2010-11,train
2010-09-26_hercules_sevilla,2010-11,train
2010-09-26_la_coruna_almeria,2010-11,train
2010-09-26_mallorca_sociedad,2010-11,train
2010-09-26_santander_getafe,2010-11,train
2010-09-27_malaga_villarreal,2010-11,train
2010-10-02_sociedad_espanol,2010-11,train
2010-10-02_valencia_ath_bilbao,2010-11,train
2010-10-02_zaragoza_sp_gijon,2010-11,train
2010-10-03_almeria_malaga,2010-11,train
2010-10-03_barcelona_mallorca,2010-11,train
2010-10-03_getafe_hercules,2010-11,train
2010-10-03_osasuna_levante,2010-11,train
2010-10-03_real_madrid_la_coruna,2010-11,train
2010-10-03_sevilla_ath_madrid,2010-11,train
2010-10-03_villarreal_santander,2010-11,train
2010-10-16_ath_madrid_getafe,2010-11,train
2010-10-16_barcelona_valencia,2010-11,train
2010-10-16_malaga_real_madrid,2010-11,train
2010-10-17_ath_bilbao_zaragoza,2010-11,train
2010-10-17_la_coruna_osasuna,2010-11,train
2010-10-17_levante_sociedad,2010-11,train
2010-10-17_mallorca_espanol,2010-11,train
2010-10-17_santander_almeria,2010-11,train
2010-10-17_sp_gijon_sevilla,2010-11,train
2010-10-18_hercules_villarreal,2010-11,train
2010-10-23_real_madrid_santander,2010-11,train
2010-10-23_valencia_mallorca,2010-11,train
2010-10-23_zaragoza_barcelona,2010-11,train
2010-10-24_almeria_hercules,2010-11,train
2010-10-24_espanol_levante,2010-11,train
2010-10-24_getafe_sp_gijon,2010-11,train
2010-10-24_osasuna_malaga,2010-11,train
2010-10-24_sevilla_ath_bilbao,2010-11,train
2010-10-24_villarreal_ath_madrid,2010-11,train
2010-10-25_sociedad_la_coruna,2010-11,train
2010-10-30_barcelona_sevilla,2010-11,train
2010-10-30_hercules_real_madrid,2010-11,train
2010-10-30_valencia_zaragoza,2010-11,train
2010-10-31_ath_bilbao_getafe,2010-11,train
2010-10-31_ath_madrid_almeria,2010-11,train
2010-10-31_la_coruna_espanol,2010-11,train
2010-10-31_malaga_sociedad,2010-11,train
2010-10-31_santander_osasuna,2010-11,train
2010-10-31_sp_gijon_villarreal,2010-11,train
2010-11-01_mallorca_levante,2010-11,train
2010-11-06_espanol_malaga,2010-11,train
2010-11-06_sociedad_santander,2010-11,train
2010-11-07_almeria_sp_gijon,2010-11,train
2010-11-07_getafe_barcelona,2010-11,train
2010-11-07_levante_la_coruna,2010-11,train
2010-11-07_osasuna_hercules,2010-11,train
2010-11-07_real_madrid_ath_madrid,2010-11,train
2010-11-07_villarreal_ath_bilbao,2010-11,train
2010-11-07_zaragoza_mallorca,2010-11,train
2010-11-08_sevilla_valencia,2010-11,train
2010-11-13_ath_bilbao_almeria,2010-11,train
2010-11-13_ath_madrid_osasuna,2010-11,train
2010-11-13_barcelona_villarreal,2010-11,train
2010-11-14_hercules_sociedad,2010-11,train
2010-11-14_malaga_levante,2010-11,train
2010-11-14_mallorca_la_coruna,2010-11,train
2010-11-14_santander_espanol,2010-11,train
2010-11-14_sp_gijon_real_madrid,2010-11,train
2010-11-14_valencia_getafe,2010-11,train
2010-11-14_zaragoza_sevilla,2010-11,train
2010-11-20_almeria_barcelona,2010-11,train
2010-11-20_real_madrid_ath_bilbao,2010-11,train
2010-11-20_villarreal_valencia,2010-11,train
2010-11-21_espanol_hercules,2010-11,train
2010-11-21_la_coruna_malaga,2010-11,train
2010-11-21_levante_santander,2010-11,train
2010-11-21_osasuna_sp_gijon,2010-11,train
2010-11-21_sevilla_mallorca,2010-11,train
2010-11-21_sociedad_ath_madrid,2010-11,train
2010-11-22_getafe_zaragoza,2010-11,train
2010-11-27_ath_madrid_espanol,2010-11,train
2010-11-27_sevilla_getafe,2010-11,train
2010-11-27_zaragoza_villarreal,2010-11,train
2010-11-28_ath_bilbao_osasuna,2010-11,train
2010-11-28_hercules_levante,2010-11,train
2010-11-28_mallorca_malaga,2010-11,train
2010-11-28_santander_la_coruna,2010-11,train
2010-11-28_sp_gijon_sociedad,2010-11,train
2010-11-28_valencia_almeria,2010-11,train
2010-11-29_barcelona_real_madrid,2010-11,train
2010-12-04_levante_ath_madrid,2010-11,train
2010-12-04_osasuna_barcelona,2010-11,train
2010-12-04_real_madrid_valencia,2010-11,train
2010-12-05_almeria_zaragoza,2010-11,train
2010-12-05_espanol_sp_gijon,2010-11,train
2010-12-05_getafe_mallorca,2010-11,train
2010-12-05_malaga_santander,2010-11,train
2010-12-05_sociedad_ath_bilbao,2010-11,train
2010-12-05_villarreal_sevilla,2010-11,train
2010-12-06_la_coruna_hercules,2010-11,train
2010-12-11_ath_madrid_la_coruna,2010-11,train
2010-12-11_getafe_villarreal,2010-11,train
2010-12-11_sevilla_almeria,2010-11,train
2010-12-12_ath_bilbao_espanol,2010-11,train
2010-12-12_barcelona_sociedad,2010-11,train
2010-12-12_hercules_malaga,2010-11,train
2010-12-12_mallorca_santander,2010-11,train
2010-12-12_sp_gijon_levante,2010-11,train
2010-12-12_zaragoza_real_madrid,2010-11,train
2010-12-13_valencia_osasuna,2010-11,train
2010-12-18_espanol_barcelona,2010-11,train
2010-12-18_la_coruna_sp_gijon,2010-11,train
2010-12-18_levante_ath_bilbao,2010-11,train
2010-12-18_sociedad_valencia,2010-11,train
2010-12-18_villarreal_mallorca,2010-11,train
2010-12-19_almeria_getafe,2010-11,train
2010-12-19_malaga_ath_madrid,2010-11,train
2010-12-19_osasuna_zaragoza,2010-11,train
2010-12-19_real_madrid_sevilla,2010-11,train
2010-12-20_santander_hercules,2010-11,train
2011-01-02_ath_bilbao_la_coruna,2010-11,train
2011-01-02_barcelona_levante,2010-11,train
2011-01-02_sevilla_osasuna,2010-11,train
2011-01-02_sp_gijon_malaga,2010-11,train
2011-01-02_valencia_espanol,2010-11,train
2011-01-03_ath_madrid_santander,2010-11,train
2011-01-03_getafe_real_madrid,2010-11,train
2011-01-03_mallorca_hercules,2010-11,train
2011-01-03_villarreal_almeria,2010-11,train
2011-01-03_zaragoza_sociedad,2010-11,train
2011-01-08_la_coruna_barcelona,2010-11,train
2011-01-08_malaga_ath_bilbao,2010-11,train
2011-01-08_sociedad_sevilla,2010-11,train
2011-01-09_espanol_zaragoza,2010-11,train
2011-01-09_levante_valencia,2010-11,train
2011-01-09_mallorca_almeria,2010-11,train
2011-01-09_osasuna_getafe,2010-11,train
2011-01-09_real_madrid_villarreal,2010-11,train
2011-01-09_santander_sp_gijon,2010-11,train
2011-01-10_hercules_ath_madrid,2010-11,train
2011-01-15_ath_bilbao_santander,2010-11,train
2011-01-15_getafe_sociedad,2010-11,train
2011-01-15_sevilla_espanol,2010-11,train
2011-01-15_sp_gijon_hercules,2010-11,train
2011-01-15_villarreal_osasuna,2010-11,train
2011-01-15_zaragoza_levante,2010-11,train
2011-01-16_almeria_real_madrid,2010-11,train
2011-01-16_barcelona_malaga,2010-11,train
2011-01-16_valencia_la_coruna,2010-11,train
2011-01-17_ath_madrid_mallorca,2010-11,train
2011-01-22_barcelona_santander,2010-11,train
2011-01-22_sevilla_levante,2010-11,train
2011-01-22_valencia_malaga,2010-11,train
2011-01-23_almeria_osasuna,2010-11,train
2011-01-23_getafe_espanol,2010-11,train
2011-01-23_real_madrid_mallorca,2010-11,train
2011-01-23_sp_gijon_ath_madrid,2010-11,train
2011-01-23_villarreal_sociedad,2010-11,train
2011-01-23_zaragoza_la_coruna,2010-11,train
2011-01-24_ath_bilbao_hercules,2010-11,train
2011-01-29_hercules_barcelona,2010-11,train
2011-01-29_la_coruna_sevilla,2010-11,train
2011-01-29_levante_getafe,2010-11,train
2011-01-29_malaga_zaragoza,2010-11,train
2011-01-29_mallorca_sp_gijon,2010-11,train
2011-01-29_sociedad_almeria,2010-11,train
2011-01-30_ath_madrid_ath_bilbao,2010-11,train
2011-01-30_espanol_villarreal,2010-11,train
2011-01-30_osasuna_real_madrid,2010-11,train
2011-01-31_santander_valencia,2010-11,train
2011-02-05_almeria_espanol,2010-11,train
2011-02-05_ath_bilbao_sp_gijon,2010-11,train
2011-02-05_barcelona_ath_madrid,2010-11,train
2011-02-05_getafe_la_coruna,2010-11,train
2011-02-05_osasuna_mallorca,2010-11,train
2011-02-05_villarreal_levante,2010-11,train
2011-02-05_zaragoza_santander,2010-11,train
2011-02-06_real_madrid_sociedad,2010-11,train
2011-02-06_sevilla_malaga,2010-11,train
2011-02-06_valencia_hercules,2010-11,train
2011-02-12_ath_madrid_valencia,2010-11,train
2011-02-12_santander_sevilla,2010-11,train
2011-02-12_sp_gijon_barcelona,2010-11,train
2011-02-13_espanol_real_madrid,2010-11,train
2011-02-13_hercules_zaragoza,2010-11,train
2011-02-13_la_coruna_villarreal,2010-11,train
2011-02-13_levante_almeria,2010-11,train
2011-02-13_malaga_getafe,2010-11,train
2011-02-13_sociedad_osasuna,2010-11,train
2011-02-14_mallorca_ath_bilbao,2010-11,train
2011-02-19_real_madrid_levante,2010-11,train
2011-02-19_valencia_sp_gijon,2010-11,train
2011-02-19_zaragoza_ath_madrid,2010-11,train
2011-02-20_almeria_la_coruna,2010-11,train
2011-02-20_barcelona_ath_bilbao,2010-11,train
2011-02-20_getafe_santander,2010-11,train
2011-02-20_osasuna_espanol,2010-11,train
2011-02-20_sevilla_hercules,2010-11,train
2011-02-20_villarreal_malaga,2010-11,train
2011-02-21_sociedad_mallorca,2010-11,train
2011-02-26_ath_madrid_sevilla,2010-11,train
2011-02-26_espanol_sociedad,2010-11,train
2011-02-26_la_coruna_real_madrid,2010-11,train
2011-02-26_mallorca_barcelona,2010-11,train
2011-02-26_sp_gijon_zaragoza,2010-11,train
2011-02-27_ath_bilbao_valencia,2010-11,train
2011-02-27_hercules_getafe,2010-11,train
2011-02-27_levante_osasuna,2010-11,train
2011-02-27_santander_villarreal,2010-11,train
2011-02-28_malaga_almeria,2010-11,train
2011-03-01_espanol_mallorca,2010-11,train
2011-03-01_sevilla_sp_gijon,2010-11,train
2011-03-02_getafe_ath_madrid,2010-11,train
2011-03-02_osasuna_la_coruna,2010-11,train
2011-03-02_sociedad_levante,2010-11,train
2011-03-02_valencia_barcelona,2010-11,train
2011-03-02_villarreal_hercules,2010-11,train
2011-03-02_zaragoza_ath_bilbao,2010-11,train
2011-03-03_almeria_santander,2010-11,train
2011-03-03_real_madrid_malaga,2010-11,train
2011-03-05_ath_madrid_villarreal,2010-11,train
2011-03-05_barcelona_zaragoza,2010-11,train
2011-03-05_mallorca_valencia,2010-11,train
2011-03-06_ath_bilbao_sevilla,2010-11,train
2011-03-06_hercules_almeria,2010-11,train
2011-03-06_levante_espanol,2010-11,train
2011-03-06_malaga_osasuna,2010-11,train
2011-03-06_santander_real_madrid,2010-11,train
2011-03-06_sp_gijon_getafe,2010-11,train
2011-03-07_la_coruna_sociedad,2010-11,train
2011-03-12_almeria_ath_madrid,2010-11,train
2011-03-12_real_madrid_hercules,2010-11,train
2011-03-12_zaragoza_valencia,2010-11,train
2011-03-13_espanol_la_coruna,2010-11,train
2011-03-13_levante_mallorca,2010-11,train
2011-03-13_osasuna_santander,2010-11,train
2011-03-13_sevilla_barcelona,2010-11,train
2011-03-13_sociedad_malaga,2010-11,train
2011-03-13_villarreal_sp_gijon,2010-11,train
2011-03-14_getafe_ath_bilbao,2010-11,train
2011-03-19_ath_madrid_real_madrid,2010-11,train
2011-03-19_barcelona_getafe,2010-11,train
2011-03-19_mallorca_zaragoza,2010-11,train
2011-03-20_ath_bilbao_villarreal,2010-11,train
2011-03-20_hercules_osasuna,2010-11,train
2011-03-20_la_coruna_levante,2010-11,train
2011-03-20_malaga_espanol,2010-11,train
2011-03-20_santander_sociedad,2010-11,train
2011-03-20_sp_gijon_almeria,2010-11,train
2011-03-20_valencia_sevilla,2010-11,train
2011-04-02_getafe_valencia,2010-11,train
2011-04-02_real_madrid_sp_gijon,2010-11,train
2011-04-02_villarreal_barcelona,2010-11,train
2011-04-03_espanol_santander,2010-11,train
2011-04-03_la_coruna_mallorca,2010-11,train
2011-04-03_levante_malaga,2010-11,train
2011-04-03_osasuna_ath_madrid,2010-11,train
2011-04-03_sevilla_zaragoza,2010-11,train
2011-04-03_sociedad_hercules,2010-11,train
2011-04-04_almeria_ath_bilbao,2010-11,train
2011-04-09_ath_bilbao_real_madrid,2010-11,train
2011-04-09_barcelona_almeria,2010-11,train
2011-04-09_mallorca_sevilla,2010-11,train
2011-04-10_ath_madrid_sociedad,2010-11,train
2011-04-10_hercules_espanol,2010-11,train
2011-04-10_malaga_la_coruna,2010-11,train
2011-04-10_santander_levante,2010-11,train
2011-04-10_sp_gijon_osasuna,2010-11,train
2011-04-10_valencia_villarreal,2010-11,train
2011-04-11_zaragoza_getafe,2010-11,train
2011-04-16_almeria_valencia,2010-11,train
2011-04-16_getafe_sevilla,2010-11,train
2011-04-16_malaga_mallorca,2010-11,train
2011-04-16_real_madrid_barcelona,2010-11,train
2011-04-17_espanol_ath_madrid,2010-11,train
2011-04-17_la_coruna_santander,2010-11,train
2011-04-17_levante_hercules,2010-11,train
2011-04-17_osasuna_ath_bilbao,2010-11,train
2011-04-17_sociedad_sp_gijon,2010-11,train
2011-04-18_villarreal_zaragoza,2010-11,train
2011-04-23_ath_bilbao_sociedad,2010-11,train
2011-04-23_barcelona_osasuna,2010-11,train
2011-04-23_valencia_real_madrid,2010-11,train
2011-04-24_ath_madrid_levante,2010-11,train
2011-04-24_hercules_la_coruna,2010-11,train
2011-04-24_mallorca_getafe,2010-11,train
2011-04-24_santander_malaga,2010-11,train
2011-04-24_sevilla_villarreal,2010-11,train
2011-04-24_sp_gijon_espanol,2010-11,train
2011-04-25_zaragoza_almeria,2010-11,train
2011-04-30_la_coruna_ath_madrid,2010-11,train
2011-04-30_real_madrid_zaragoza,2010-11,train
2011-04-30_sociedad_barcelona,2010-11,train
2011-05-01_almeria_sevilla,2010-11,train
2011-05-01_levante_sp_gijon,2010-11,train
2011-05-01_malaga_hercules,2010-11,train
2011-05-01_osasuna_valencia,2010-11,train
2011-05-01_santander_mallorca,2010-11,train
2011-05-01_villarreal_getafe,2010-11,train
2011-05-02_espanol_ath_bilbao,2010-11,train
2011-05-07_ath_bilbao_levante,2010-11,train
2011-05-07_ath_madrid_malaga,2010-11,train
2011-05-07_getafe_almeria,2010-11,train
2011-05-07_hercules_santander,2010-11,train
2011-05-07_sevilla_real_madrid,2010-11,train
2011-05-07_sp_gijon_la_coruna,2010-11,train
2011-05-07_valencia_sociedad,2010-11,train
2011-05-08_barcelona_espanol,2010-11,train
2011-05-08_mallorca_villarreal,2010-11,train
2011-05-08_zaragoza_osasuna,2010-11,train
2011-05-10_la_coruna_ath_bilbao,2010-11,train
2011-05-10_malaga_sp_gijon,2010-11,train
2011-05-10_real_madrid_getafe,2010-11,train
2011-05-10_santander_ath_madrid,2010-11,train
2011-05-11_almeria_villarreal,2010-11,train
2011-05-11_espanol_valencia,2010-11,train
2011-05-11_hercules_mallorca,2010-11,train
2011-05-11_levante_barcelona,2010-11,train
2011-05-11_osasuna_sevilla,2010-11,train
2011-05-11_sociedad_zaragoza,2010-11,train
2011-05-15_almeria_mallorca,2010-11,train
2011-05-15_ath_bilbao_malaga,2010-11,train
2011-05-15_ath_madrid_hercules,2010-11,train
2011-05-15_barcelona_la_coruna,2010-11,train
2011-05-15_getafe_osasuna,2010-11,train
2011-05-15_sevilla_sociedad,2010-11,train
2011-05-15_sp_gijon_santander,2010-11,train
2011-05-15_valencia_levante,2010-11,train
2011-05-15_villarreal_real_madrid,2010-11,train
2011-05-15_zaragoza_espanol,2010-11,train
2011-05-21_espanol_sevilla,2010-11,train
2011-05-21_hercules_sp_gijon,2010-11,train
2011-05-21_la_coruna_valencia,2010-11,train
2011-05-21_levante_zaragoza,2010-11,train
2011-05-21_malaga_barcelona,2010-11,train
2011-05-21_mallorca_ath_madrid,2010-11,train
2011-05-21_osasuna_villarreal,2010-11,train
2011-05-21_real_madrid_almeria,2010-11,train
2011-05-21_santander_ath_bilbao,2010-11,train
2011-05-21_sociedad_getafe,2010-11,train
2011-08-27_granada_betis,2011-12,train
2011-08-27_sp_gijon_sociedad,2011-12,train
2011-08-27_valencia_santander,2011-12,train
2011-08-28_ath_bilbao_vallecano,2011-12,train
2011-08-28_ath_madrid_osasuna,2011-12,train
2011-08-28_getafe_levante,2011-12,train
2011-08-28_mallorca_espanol,2011-12,train
2011-08-28_sevilla_malaga,2011-12,train
2011-08-28_zaragoza_real_madrid,2011-12,train
2011-08-29_barcelona_villarreal,2011-12,train
2011-09-10_real_madrid_getafe,2011-12,train
2011-09-10_sociedad_barcelona,2011-12,train
2011-09-10_valencia_ath_madrid,2011-12,train
2011-09-10_villarreal_sevilla,2011-12,train
2011-09-11_betis_mallorca,2011-12,train
2011-09-11_espanol_ath_bilbao,2011-12,train
2011-09-11_osasuna_sp_gijon,2011-12,train
2011-09-11_santander_levante,2011-12,train
2011-09-11_vallecano_zaragoza,2011-12,train
2011-09-12_malaga_granada,2011-12,train
2011-09-17_barcelona_osasuna,2011-12,train
2011-09-17_granada_villarreal,2011-12,train
2011-09-17_mallorca_malaga,2011-12,train
2011-09-17_sevilla_sociedad,2011-12,train
2011-09-17_sp_gijon_valencia,2011-12,train
2011-09-18_ath_bilbao_betis,2011-12,train
2011-09-18_ath_madrid_santander,2011-12,train
2011-09-18_getafe_vallecano,2011-12,train
2011-09-18_levante_real_madrid,2011-12,train
2011-09-18_zaragoza_espanol,2011-12,train
2011-09-20_osasuna_sevilla,2011-12,train
2011-09-20_sociedad_granada,2011-12,train
2011-09-20_villarreal_mallorca,2011-12,train
2011-09-21_ath_madrid_sp_gijon,2011-12,train
2011-09-21_malaga_ath_bilbao,2011-12,train
2011-09-21_santander_real_madrid,2011-12,train
2011-09-21_valencia_barcelona,2011-12,train
2011-09-21_vallecano_levante,2011-12,train
2011-09-22_betis_zaragoza,2011-12,train
2011-09-22_espanol_getafe,2011-12,train
2011-09-24_ath_bilbao_villarreal,2011-12,train
2011-09-24_barcelona_ath_madrid,2011-12,train
2011-09-24_real_madrid_vallecano,2011-12,train
2011-09-24_sevilla_valencia,2011-12,train
2011-09-25_granada_osasuna,2011-12,train
2011-09-25_levante_espanol,2011-12,train
2011-09-25_mallorca_sociedad,2011-12,train
2011-09-25_sp_gijon_santander,2011-12,train
2011-09-25_zaragoza_malaga,2011-12,train
2011-09-26_getafe_betis,2011-12,train
2011-10-01_malaga_getafe,2011-12,train
2011-10-01_osasuna_mallorca,2011-12,train
2011-10-01_santander_vallecano,2011-12,train
2011-10-01_valencia_granada,2011-12,train
2011-10-01_villarreal_zaragoza,2011-12,train
2011-10-02_ath_madrid_sevilla,2011-12,train
2011-10-02_betis_levante,2011-12,train
2011-10-02_espanol_real_madrid,2011-12,train
2011-10-02_sociedad_ath_bilbao,2011-12,train
2011-10-02_sp_gijon_barcelona,2011-12,train
2011-10-15_barcelona_santander,2011-12,train
2011-10-15_getafe_villarreal,2011-12,train
2011-10-15_granada_ath_madrid,2011-12,train
2011-10-15_mallorca_valencia,2011-12,train
2011-10-15_real_madrid_betis,2011-12,train
2011-10-16_levante_malaga,2011-12,train
2011-10-16_sevilla_sp_gijon,2011-12,train
2011-10-16_vallecano_espanol,2011-12,train
2011-10-16_zaragoza_sociedad,2011-12,train
2011-10-17_ath_bilbao_osasuna,2011-12,train
2011-10-22_barcelona_sevilla,2011-12,train
2011-10-22_malaga_real_madrid,2011-12,train
2011-10-22_santander_espanol,2011-12,train
2011-10-22_sp_gijon_granada,2011-12,train
2011-10-23_ath_madrid_mallorca,2011-12,train
2011-10-23_betis_vallecano,2011-12,train
2011-10-23_osasuna_zaragoza,2011-12,train
2011-10-23_sociedad_getafe,2011-12,train
2011-10-23_valencia_ath_bilbao,2011-12,train
2011-10-23_villarreal_levante,2011-12,train
2011-10-25_granada_barcelona,2011-12,train
2011-10-25_sevilla_santander,2011-12,train
2011-10-26_getafe_osasuna,2011-12,train
2011-10-26_levante_sociedad,2011-12,train
2011-10-26_mallorca_sp_gijon,2011-12,train
2011-10-26_real_madrid_villarreal,2011-12,train
2011-10-26_vallecano_malaga,2011-12,train
2011-10-26_zaragoza_valencia,2011-12,train
2011-10-27_ath_bilbao_ath_madrid,2011-12,train
2011-10-27_espanol_betis,2011-12,train
2011-10-29_barcelona_mallorca,2011-12,train
2011-10-29_sociedad_real_madrid,2011-12,train
2011-10-29_valencia_getafe,2011-12,train
2011-10-29_villarreal_vallecano,2011-12,train
2011-10-30_ath_madrid_zaragoza,2011-12,train
2011-10-30_malaga_espanol,2011-12,train
2011-10-30_osasuna_levante,2011-12,train
2011-10-30_santander_betis,2011-12,train
2011-10-30_sp_gijon_ath_bilbao,2011-12,train
2011-10-31_sevilla_granada,2011-12,train
2011-11-05_betis_malaga,2011-12,train
2011-11-05_levante_valencia,2011-12,train
2011-11-05_mallorca_sevilla,2011-12,train
2011-11-06_ath_bilbao_barcelona,2011-12,train
2011-11-06_espanol_villarreal,2011-12,train
2011-11-06_getafe_ath_madrid,2011-12,train
2011-11-06_granada_santander,2011-12,train
2011-11-06_real_madrid_osasuna,2011-12,train
2011-11-06_vallecano_sociedad,2011-12,train
2011-11-06_zaragoza_sp_gijon,2011-12,train
2011-11-19_barcelona_zaragoza,2011-12,train
2011-11-19_valencia_real_madrid,2011-12,train
2011-11-19_villarreal_betis,2011-12,train
2011-11-20_ath_madrid_levante,2011-12,train
2011-11-20_osasuna_vallecano,2011-12,train
2011-11-20_sevilla_ath_bilbao,2011-12,train
2011-11-20_sociedad_espanol,2011-12,train
2011-11-20_sp_gijon_getafe,2011-12,train
2011-11-21_santander_malaga,2011-12,train
2011-11-26_getafe_barcelona,2011-12,train
2011-11-26_real_madrid_ath_madrid,2011-12,train
2011-11-26_vallecano_valencia,2011-12,train
2011-11-27_ath_bilbao_granada,2011-12,train
2011-11-27_betis_sociedad,2011-12,train
2011-11-27_espanol_osasuna,2011-12,train
2011-11-27_levante_sp_gijon,2011-12,train
2011-11-27_mallorca_santander,2011-12,train
2011-11-27_zaragoza_sevilla,2011-12,train
2011-11-28_malaga_villarreal,2011-12,train
2011-11-29_barcelona_vallecano,2011-12,train
2011-12-03_barcelona_levante,2011-12,train
2011-12-03_santander_villarreal,2011-12,train
2011-12-03_sp_gijon_real_madrid,2011-12,train
2011-12-03_valencia_espanol,2011-12,train
2011-12-04_ath_madrid_vallecano,2011-12,train
2011-12-04_granada_zaragoza,2011-12,train
2011-12-04_mallorca_ath_bilbao,2011-12,train
2011-12-04_osasuna_betis,2011-12,train
2011-12-04_sociedad_malaga,2011-12,train
2011-12-05_sevilla_getafe,2011-12,train
2011-12-07_granada_mallorca,2011-12,train
2011-12-10_betis_valencia,2011-12,train
2011-12-10_levante_sevilla,2011-12,train
2011-12-10_real_madrid_barcelona,2011-12,train
2011-12-11_ath_bilbao_santander,2011-12,train
2011-12-11_espanol_ath_madrid,2011-12,train
2011-12-11_getafe_granada,2011-12,train
2011-12-11_malaga_osasuna,2011-12,train
2011-12-11_vallecano_sp_gijon,2011-12,train
2011-12-11_villarreal_sociedad,2011-12,train
2011-12-11_zaragoza_mallorca,2011-12,train
2011-12-17_ath_bilbao_zaragoza,2011-12,train
2011-12-17_mallorca_getafe,2011-12,train
2011-12-17_sevilla_real_madrid,2011-12,train
2011-12-17_sp_gijon_espanol,2011-12,train
2011-12-18_ath_madrid_betis,2011-12,train
2011-12-18_granada_levante,2011-12,train
2011-12-18_osasuna_villarreal,2011-12,train
2011-12-18_santander_sociedad,2011-12,train
2011-12-18_valencia_malaga,2011-12,train
2012-01-07_levante_mallorca,2011-12,train
2012-01-07_malaga_ath_madrid,2011-12,train
2012-01-07_real_madrid_granada,2011-12,train
2012-01-07_santander_zaragoza,2011-12,train
2012-01-07_sociedad_osasuna,2011-12,train
2012-01-08_betis_sp_gijon,2011-12,train
2012-01-08_espanol_barcelona,2011-12,train
2012-01-08_getafe_ath_bilbao,2011-12,train
2012-01-08_vallecano_sevilla,2011-12,train
2012-01-08_villarreal_valencia,2011-12,train
2012-01-14_granada_vallecano,2011-12,train
2012-01-14_mallorca_real_madrid,2011-12,train
2012-01-14_sevilla_espanol,2011-12,train
2012-01-14_valencia_sociedad,2011-12,train
2012-01-14_zaragoza_getafe,2011-12,train
2012-01-15_ath_bilbao_levante,2011-12,train
2012-01-15_ath_madrid_villarreal,2011-12,train
2012-01-15_barcelona_betis,2011-12,train
2012-01-15_osasuna_santander,2011-12,train
2012-01-15_sp_gijon_malaga,2011-12,train
2012-01-21_betis_sevilla,2011-12,train
2012-01-21_espanol_granada,2011-12,train
2012-01-21_santander_getafe,2011-12,train
2012-01-21_sociedad_ath_madrid,2011-12,train
2012-01-22_levante_zaragoza,2011-12,train
2012-01-22_malaga_barcelona,2011-12,train
2012-01-22_osasuna_valencia,2011-12,train
2012-01-22_real_madrid_ath_bilbao,2011-12,train
2012-01-22_vallecano_mallorca,2011-12,train
2012-01-23_villarreal_sp_gijon,2011-12,train
2012-01-28_espanol_mallorca,2011-12,train
2012-01-28_real_madrid_zaragoza,2011-12,train
2012-01-28_vallecano_ath_bilbao,2011-12,train
2012-01-28_villarreal_barcelona,2011-12,train
2012-01-29_betis_granada,2011-12,train
2012-01-29_levante_getafe,2011-12,train
2012-01-29_malaga_sevilla,2011-12,train
2012-01-29_santander_valencia,2011-12,train
2012-01-29_sociedad_sp_gijon,2011-12,train
2012-01-30_osasuna_ath_madrid,2011-12,train
2012-02-04_ath_bilbao_espanol,2011-12,train
2012-02-04_barcelona_sociedad,2011-12,train
2012-02-04_getafe_real_madrid,2011-12,train
2012-02-04_levante_santander,2011-12,train
2012-02-04_mallorca_betis,2011-12,train
2012-02-05_ath_madrid_valencia,2011-12,train
2012-02-05_sevilla_villarreal,2011-12,train
2012-02-05_sp_gijon_osasuna,2011-12,train
2012-02-05_zaragoza_vallecano,2011-12,train
2012-02-06_granada_malaga,2011-12,train
2012-02-11_betis_ath_bilbao,2011-12,train
2012-02-11_osasuna_barcelona,2011-12,train
2012-02-11_santander_ath_madrid,2011-12,train
2012-02-12_espanol_zaragoza,2011-12,train
2012-02-12_malaga_mallorca,2011-12,train
2012-02-12_real_madrid_levante,2011-12,train
2012-02-12_valencia_sp_gijon,2011-12,train
2012-02-12_vallecano_getafe,2011-12,train
2012-02-12_villarreal_granada,2011-12,train
2012-02-13_sociedad_sevilla,2011-12,train
2012-02-18_getafe_espanol,2011-12,train
2012-02-18_real_madrid_santander,2011-12,train
2012-02-18_sevilla_osasuna,2011-12,train
2012-02-19_ath_bilbao_malaga,2011-12,train
2012-02-19_barcelona_valencia,2011-12,train
2012-02-19_granada_sociedad,2011-12,train
2012-02-19_levante_vallecano,2011-12,train
2012-02-19_mallorca_villarreal,2011-12,train
2012-02-19_sp_gijon_ath_madrid,2011-12,train
2012-02-20_zaragoza_betis,2011-12,train
2012-02-25_betis_getafe,2011-12,train
2012-02-25_espanol_levante,2011-12,train
2012-02-25_malaga_zaragoza,2011-12,train
2012-02-25_santander_sp_gijon,2011-12,train
2012-02-26_ath_madrid_barcelona,2011-12,train
2012-02-26_osasuna_granada,2011-12,train
2012-02-26_sociedad_mallorca,2011-12,train
2012-02-26_valencia_sevilla,2011-12,train
2012-02-26_vallecano_real_madrid,2011-12,train
2012-02-26_villarreal_ath_bilbao,2011-12,train
2012-03-03_barcelona_sp_gijon,2011-12,train
2012-03-03_getafe_malaga,2011-12,train
2012-03-03_mallorca_osasuna,2011-12,train
2012-03-03_sevilla_ath_madrid,2011-12,train
2012-03-03_vallecano_santander,2011-12,train
2012-03-04_ath_bilbao_sociedad,2011-12,train
2012-03-04_granada_valencia,2011-12,train
2012-03-04_real_madrid_espanol,2011-12,train
2012-03-04_zaragoza_villarreal,2011-12,train
2012-03-05_levante_betis,2011-12,train
2012-03-10_betis_real_madrid,2011-12,train
2012-03-10_malaga_levante,2011-12,train
2012-03-10_sociedad_zaragoza,2011-12,train
2012-03-10_sp_gijon_sevilla,2011-12,train
2012-03-11_ath_madrid_granada,2011-12,train
2012-03-11_espanol_vallecano,2011-12,train
2012-03-11_osasuna_ath_bilbao,2011-12,train
2012-03-11_santander_barcelona,2011-12,train
2012-03-11_valencia_mallorca,2011-12,train
2012-03-12_villarreal_getafe,2011-12,train
2012-03-17_getafe_sociedad,2011-12,train
2012-03-17_granada_sp_gijon,2011-12,train
2012-03-17_sevilla_barcelona,2011-12,train
2012-03-17_vallecano_betis,2011-12,train
2012-03-17_zaragoza_osasuna,2011-12,train
2012-03-18_ath_bilbao_valencia,2011-12,train
2012-03-18_levante_villarreal,2011-12,train
2012-03-18_mallorca_ath_madrid,2011-12,train
2012-03-18_real_madrid_malaga,2011-12,train
2012-03-19_espanol_santander,2011-12,train
2012-03-20_barcelona_granada,2011-12,train
2012-03-20_osasuna_getafe,2011-12,train
2012-03-21_ath_madrid_ath_bilbao,2011-12,train
2012-03-21_sociedad_levante,2011-12,train
2012-03-21_sp_gijon_mallorca,2011-12,train
2012-03-21_valencia_zaragoza,2011-12,train
2012-03-21_villarreal_real_madrid,2011-12,train
2012-03-22_betis_espanol,2011-12,train
2012-03-22_malaga_vallecano,2011-12,train
2012-03-22_santander_sevilla,2011-12,train
2012-03-24_getafe_valencia,2011-12,train
2012-03-24_mallorca_barcelona,2011-12,train
2012-03-24_real_madrid_sociedad,2011-12,train
2012-03-25_ath_bilbao_sp_gijon,2011-12,train
2012-03-25_betis_santander,2011-12,train
2012-03-25_espanol_malaga,2011-12,train
2012-03-25_levante_osasuna,2011-12,train
2012-03-25_vallecano_villarreal,2011-12,train
2012-03-25_zaragoza_ath_madrid,2011-12,train
2012-03-26_granada_sevilla,2011-12,train
2012-03-31_barcelona_ath_bilbao,2011-12,train
2012-03-31_malaga_betis,2011-12,train
2012-03-31_osasuna_real_madrid,2011-12,train
2012-03-31_santander_granada,2011-12,train
2012-03-31_sp_gijon_zaragoza,2011-12,train
2012-04-01_ath_madrid_getafe,2011-12,train
2012-04-01_sociedad_vallecano,2011-12,train
2012-04-01_valencia_levante,2011-12,train
2012-04-01_villarreal_espanol,2011-12,train
2012-04-02_sevilla_mallorca,2011-12,train
2012-04-07_betis_villarreal,2011-12,train
2012-04-07_espanol_sociedad,2011-12,train
2012-04-07_getafe_sp_gijon,2011-12,train
2012-04-07_vallecano_osasuna,2011-12,train
2012-04-07_zaragoza_barcelona,2011-12,train
2012-04-08_ath_bilbao_sevilla,2011-12,train
2012-04-08_levante_ath_madrid,2011-12,train
2012-04-08_mallorca_granada,2011-12,train
2012-04-08_real_madrid_valencia,2011-12,train
2012-04-09_malaga_santander,2011-12,train
2012-04-10_barcelona_getafe,2011-12,train
2012-04-10_osasuna_espanol,2011-12,train
2012-04-10_sociedad_betis,2011-12,train
2012-04-11_ath_madrid_real_madrid,2011-12,train
2012-04-11_granada_ath_bilbao,2011-12,train
2012-04-11_sp_gijon_levante,2011-12,train
2012-04-11_valencia_vallecano,2011-12,train
2012-04-12_santander_mallorca,2011-12,train
2012-04-12_sevilla_zaragoza,2011-12,train
2012-04-12_villarreal_malaga,2011-12,train
2012-04-14_levante_barcelona,2011-12,train
2012-04-14_real_madrid_sp_gijon,2011-12,train
2012-04-15_ath_bilbao_mallorca,2011-12,train
2012-04-15_betis_osasuna,2011-12,train
2012-04-15_espanol_valencia,2011-12,train
2012-04-15_malaga_sociedad,2011-12,train
2012-04-15_vallecano_ath_madrid,2011-12,train
2012-04-15_villarreal_santander,2011-12,train
2012-04-15_zaragoza_granada,2011-12,train
2012-04-16_getafe_sevilla,2011-12,train
2012-04-21_barcelona_real_madrid,2011-12,train
2012-04-21_mallorca_zaragoza,2011-12,train
2012-04-21_sevilla_levante,2011-12,train
2012-04-21_sp_gijon_vallecano,2011-12,train
2012-04-22_ath_madrid_espanol,2011-12,train
2012-04-22_granada_getafe,2011-12,train
2012-04-22_santander_ath_bilbao,2011-12,train
2012-04-22_sociedad_villarreal,2011-12,train
2012-04-22_valencia_betis,2011-12,train
2012-04-23_osasuna_malaga,2011-12,train
2012-04-28_espanol_sp_gijon,2011-12,train
2012-04-28_getafe_mallorca,2011-12,train
2012-04-28_levante_granada,2011-12,train
2012-04-28_sociedad_santander,2011-12,train
2012-04-28_villarreal_osasuna,2011-12,train
2012-04-29_betis_ath_madrid,2011-12,train
2012-04-29_malaga_valencia,2011-12,train
2012-04-29_real_madrid_sevilla,2011-12,train
2012-04-29_vallecano_barcelona,2011-12,train
2012-04-29_zaragoza_ath_bilbao,2011-12,train
2012-05-01_getafe_santander,2011-12,train
2012-05-01_granada_espanol,2011-12,train
2012-05-01_sp_gijon_villarreal,2011-12,train
2012-05-02_ath_bilbao_real_madrid,2011-12,train
2012-05-02_ath_madrid_sociedad,2011-12,train
2012-05-02_barcelona_malaga,2011-12,train
2012-05-02_mallorca_vallecano,2011-12,train
2012-05-02_sevilla_betis,2011-12,train
2012-05-02_valencia_osasuna,2011-12,train
2012-05-02_zaragoza_levante,2011-12,train
2012-05-05_ath_bilbao_getafe,2011-12,train
2012-05-05_ath_madrid_malaga,2011-12,train
2012-05-05_barcelona_espanol,2011-12,train
2012-05-05_granada_real_madrid,2011-12,train
2012-05-05_mallorca_levante,2011-12,train
2012-05-05_osasuna_sociedad,2011-12,train
2012-05-05_sevilla_vallecano,2011-12,train
2012-05-05_sp_gijon_betis,2011-12,train
2012-05-05_valencia_villarreal,2011-12,train
2012-05-05_zaragoza_santander,2011-12,train
2012-05-12_betis_barcelona,2011-12,train
2012-05-12_sociedad_valencia,2011-12,train
2012-05-13_espanol_sevilla,2011-12,train
2012-05-13_getafe_zaragoza,2011-12,train
2012-05-13_levante_ath_bilbao,2011-12,train
2012-05-13_malaga_sp_gijon,2011-12,train
2012-05-13_real_madrid_mallorca,2011-12,train
2012-05-13_santander_osasuna,2011-12,train
2012-05-13_vallecano_granada,2011-12,train
2012-05-13_villarreal_ath_madrid,2011-12,train
2012-08-18_celta_malaga,2012-13,train
2012-08-18_mallorca_espanol,2012-13,train
2012-08-18_sevilla_getafe,2012-13,train
2012-08-19_ath_bilbao_betis,2012-13,train
2012-08-19_barcelona_sociedad,2012-13,train
2012-08-19_levante_ath_madrid,2012-13,train
2012-08-19_real_madrid_valencia,2012-13,train
2012-08-20_la_coruna_osasuna,2012-13,train
2012-08-20_vallecano_granada,2012-13,train
2012-08-20_zaragoza_valladolid,2012-13,train
2012-08-25_betis_vallecano,2012-13,train
2012-08-25_espanol_zaragoza,2012-13,train
2012-08-25_malaga_mallorca,2012-13,train
2012-08-25_sociedad_celta,2012-13,train
2012-08-26_getafe_real_madrid,2012-13,train
2012-08-26_granada_sevilla,2012-13,train
2012-08-26_osasuna_barcelona,2012-13,train
2012-08-26_valencia_la_coruna,2012-13,train
2012-08-27_ath_madrid_ath_bilbao,2012-13,train
2012-08-27_valladolid_levante,2012-13,train
2012-09-01_celta_osasuna,2012-13,train
2012-09-01_la_coruna_getafe,2012-13,train
2012-09-01_mallorca_sociedad,2012-13,train
2012-09-01_zaragoza_malaga,2012-13,train
2012-09-02_ath_bilbao_valladolid,2012-13,train
2012-09-02_barcelona_valencia,2012-13,train
2012-09-02_levante_espanol,2012-13,train
2012-09-02_real_madrid_granada,2012-13,train
2012-09-02_vallecano_sevilla,2012-13,train
2012-09-15_getafe_barcelona,2012-13,train
2012-09-15_malaga_levante,2012-13,train
2012-09-15_sevilla_real_madrid,2012-13,train
2012-09-15_valencia_celta,2012-13,train
2012-09-16_ath_madrid_vallecano,2012-13,train
2012-09-16_espanol_ath_bilbao,2012-13,train
2012-09-16_granada_la_coruna,2012-13,train
2012-09-16_osasuna_mallorca,2012-13,train
2012-09-16_sociedad_zaragoza,2012-13,train
2012-09-17_valladolid_betis,2012-13,train
2012-09-22_barcelona_granada,2012-13,train
2012-09-22_betis_espanol,2012-13,train
2012-09-22_celta_getafe,2012-13,train
2012-09-22_zaragoza_osasuna,2012-13,train
2012-09-23_ath_bilbao_malaga,2012-13,train
2012-09-23_ath_madrid_valladolid,2012-13,train
2012-09-23_levante_sociedad,2012-13,train
2012-09-23_mallorca_valencia,2012-13,train
2012-09-24_la_coruna_sevilla,2012-13,train
2012-09-24_vallecano_real_madrid,2012-13,train
2012-09-26_betis_ath_madrid,2012-13,train
2012-09-29_malaga_betis,2012-13,train
2012-09-29_sevilla_barcelona,2012-13,train
2012-09-29_sociedad_ath_bilbao,2012-13,train
2012-09-29_valencia_zaragoza,2012-13,train
2012-09-30_espanol_ath_madrid,2012-13,train
2012-09-30_granada_celta,2012-13,train
2012-09-30_osasuna_levante,2012-13,train
2012-09-30_real_madrid_la_coruna,2012-13,train
2012-09-30_valladolid_vallecano,2012-13,train
2012-10-01_getafe_mallorca,2012-13,train
2012-10-05_celta_sevilla,2012-13,train
2012-10-06_betis_sociedad,2012-13,train
2012-10-06_valladolid_espanol,2012-13,train
2012-10-06_vallecano_la_coruna,2012-13,train
2012-10-06_zaragoza_getafe,2012-13,train
2012-10-07_ath_bilbao_osasuna,2012-13,train
2012-10-07_ath_madrid_malaga,2012-13,train
2012-10-07_barcelona_real_madrid,2012-13,train
2012-10-07_levante_valencia,2012-13,train
2012-10-07_mallorca_granada,2012-13,train
2012-10-20_la_coruna_barcelona,2012-13,train
2012-10-20_malaga_valladolid,2012-13,train
2012-10-20_real_madrid_celta,2012-13,train
2012-10-20_valencia_ath_bilbao,2012-13,train
2012-10-21_espanol_vallecano,2012-13,train
2012-10-21_getafe_levante,2012-13,train
2012-10-21_granada_zaragoza,2012-13,train
2012-10-21_osasuna_betis,2012-13,train
2012-10-21_sociedad_ath_madrid,2012-13,train
2012-10-22_sevilla_mallorca,2012-13,train
2012-10-27_betis_valencia,2012-13,train
2012-10-27_celta_la_coruna,2012-13,train
2012-10-27_espanol_malaga,2012-13,train
2012-10-27_vallecano_barcelona,2012-13,train
2012-10-28_ath_bilbao_getafe,2012-13,train
2012-10-28_ath_madrid_osasuna,2012-13,train
2012-10-28_levante_granada,2012-13,train
2012-10-28_mallorca_real_madrid,2012-13,train
2012-10-28_zaragoza_sevilla,2012-13,train
2012-10-29_valladolid_sociedad,2012-13,train
2012-11-03_barcelona_celta,2012-13,train
2012-11-03_malaga_vallecano,2012-13,train
2012-11-03_real_madrid_zaragoza,2012-13,train
2012-11-03_valencia_ath_madrid,2012-13,train
2012-11-04_granada_ath_bilbao,2012-13,train
2012-11-04_la_coruna_mallorca,2012-13,train
2012-11-04_osasuna_valladolid,2012-13,train
2012-11-04_sevilla_levante,2012-13,train
2012-11-04_sociedad_espanol,2012-13,train
2012-11-05_getafe_betis,2012-13,train
2012-11-09_betis_granada,2012-13,train
2012-11-10_espanol_osasuna,2012-13,train
2012-11-10_malaga_sociedad,2012-13,train
2012-11-10_vallecano_celta,2012-13,train
2012-11-10_zaragoza_la_coruna,2012-13,train
2012-11-11_ath_bilbao_sevilla,2012-13,train
2012-11-11_ath_madrid_getafe,2012-13,train
2012-11-11_levante_real_madrid,2012-13,train
2012-11-11_mallorca_barcelona,2012-13,train
2012-11-11_valladolid_valencia,2012-13,train
2012-11-17_barcelona_zaragoza,2012-13,train
2012-11-17_osasuna_malaga,2012-13,train
2012-11-17_real_madrid_ath_bilbao,2012-13,train
2012-11-17_valencia_espanol,2012-13,train
2012-11-18_celta_mallorca,2012-13,train
2012-11-18_getafe_valladolid,2012-13,train
2012-11-18_granada_ath_madrid,2012-13,train
2012-11-18_la_coruna_levante,2012-13,train
2012-11-18_sevilla_betis,2012-13,train
2012-11-19_sociedad_vallecano,2012-13,train
2012-11-23_sociedad_osasuna,2012-13,train
2012-11-24_betis_real_madrid,2012-13,train
2012-11-24_malaga_valencia,2012-13,train
2012-11-24_valladolid_granada,2012-13,train
2012-11-24_vallecano_mallorca,2012-13,train
2012-11-25_ath_bilbao_la_coruna,2012-13,train
2012-11-25_ath_madrid_sevilla,2012-13,train
2012-11-25_espanol_getafe,2012-13,train
2012-11-25_levante_barcelona,2012-13,train
2012-11-26_zaragoza_celta,2012-13,train
2012-11-30_osasuna_vallecano,2012-13,train
2012-12-01_barcelona_ath_bilbao,2012-13,train
2012-12-01_getafe_malaga,2012-13,train
2012-12-01_real_madrid_ath_madrid,2012-13,train
2012-12-01_valencia_sociedad,2012-13,train
2012-12-02_celta_levante,2012-13,train
2012-12-02_granada_espanol,2012-13,train
2012-12-02_la_coruna_betis,2012-13,train
2012-12-02_mallorca_zaragoza,2012-13,train
2012-12-03_sevilla_valladolid,2012-13,train
2012-12-07_espanol_sevilla,2012-13,train
2012-12-08_malaga_granada,2012-13,train
2012-12-08_osasuna_valencia,2012-13,train
2012-12-08_sociedad_getafe,2012-13,train
2012-12-08_valladolid_real_madrid,2012-13,train
2012-12-09_ath_bilbao_celta,2012-13,train
2012-12-09_ath_madrid_la_coruna,2012-13,train
2012-12-09_betis_barcelona,2012-13,train
2012-12-09_levante_mallorca,2012-13,train
2012-12-10_vallecano_zaragoza,2012-13,train
2012-12-15_getafe_osasuna,2012-13,train
2012-12-15_granada_sociedad,2012-13,train
2012-12-15_mallorca_ath_bilbao,2012-13,train
2012-12-15_sevilla_malaga,2012-13,train
2012-12-16_barcelona_ath_madrid,2012-13,train
2012-12-16_real_madrid_espanol,2012-13,train
2012-12-16_valencia_vallecano,2012-13,train
2012-12-16_zaragoza_levante,2012-13,train
2012-12-17_celta_betis,2012-13,train
2012-12-17_la_coruna_valladolid,2012-13,train
2012-12-20_espanol_la_coruna,2012-13,train
2012-12-20_sociedad_sevilla,2012-13,train
2012-12-20_vallecano_levante,2012-13,train
2012-12-21_ath_madrid_celta,2012-13,train
2012-12-21_valencia_getafe,2012-13,train
2012-12-22_ath_bilbao_zaragoza,2012-13,train
2012-12-22_betis_mallorca,2012-13,train
2012-12-22_malaga_real_madrid,2012-13,train
2012-12-22_osasuna_granada,2012-13,train
2012-12-22_valladolid_barcelona,2012-13,train
2013-01-04_zaragoza_betis,2012-13,train
2013-01-05_granada_valencia,2012-13,train
2013-01-05_la_coruna_malaga,2012-13,train
2013-01-05_levante_ath_bilbao,2012-13,train
2013-01-05_sevilla_osasuna,2012-13,train
2013-01-06_barcelona_espanol,2012-13,train
2013-01-06_celta_valladolid,2012-13,train
2013-01-06_mallorca_ath_madrid,2012-13,train
2013-01-06_real_madrid_sociedad,2012-13,train
2013-01-07_vallecano_getafe,2012-13,train
2013-01-11_ath_bilbao_vallecano,2012-13,train
2013-01-12_espanol_celta,2012-13,train
2013-01-12_osasuna_real_madrid,2012-13,train
2013-01-12_valencia_sevilla,2012-13,train
2013-01-12_valladolid_mallorca,2012-13,train
2013-01-13_ath_madrid_zaragoza,2012-13,train
2013-01-13_betis_levante,2012-13,train
2013-01-13_malaga_barcelona,2012-13,train
2013-01-13_sociedad_la_coruna,2012-13,train
2013-01-14_getafe_granada,2012-13,train
2013-01-18_espanol_mallorca,2012-13,train
2013-01-19_getafe_sevilla,2012-13,train
2013-01-19_granada_vallecano,2012-13,train
2013-01-19_malaga_celta,2012-13,train
2013-01-19_sociedad_barcelona,2012-13,train
2013-01-20_ath_madrid_levante,2012-13,train
2013-01-20_osasuna_la_coruna,2012-13,train
2013-01-20_valencia_real_madrid,2012-13,train
2013-01-20_valladolid_zaragoza,2012-13,train
2013-01-21_betis_ath_bilbao,2012-13,train
2013-01-26_celta_sociedad,2012-13,train
2013-01-26_la_coruna_valencia,2012-13,train
2013-01-26_levante_valladolid,2012-13,train
2013-01-26_zaragoza_espanol,2012-13,train
2013-01-27_ath_bilbao_ath_madrid,2012-13,train
2013-01-27_barcelona_osasuna,2012-13,train
2013-01-27_mallorca_malaga,2012-13,train
2013-01-27_real_madrid_getafe,2012-13,train
2013-01-27_vallecano_betis,2012-13,train
2013-01-28_sevilla_granada,2012-13,train
2013-02-01_valladolid_ath_bilbao,2012-13,train
2013-02-02_espanol_levante,2012-13,train
2013-02-02_getafe_la_coruna,2012-13,train
2013-02-02_granada_real_madrid,2012-13,train
2013-02-02_osasuna_celta,2012-13,train
2013-02-03_ath_madrid_betis,2012-13,train
2013-02-03_malaga_zaragoza,2012-13,train
2013-02-03_sevilla_vallecano,2012-13,train
2013-02-03_sociedad_mallorca,2012-13,train
2013-02-03_valencia_barcelona,2012-13,train
2013-02-09_celta_valencia,2012-13,train
2013-02-09_la_coruna_granada,2012-13,train
2013-02-09_levante_malaga,2012-13,train
2013-02-09_mallorca_osasuna,2012-13,train
2013-02-09_real_madrid_sevilla,2012-13,train
2013-02-10_ath_bilbao_espanol,2012-13,train
2013-02-10_barcelona_getafe,2012-13,train
2013-02-10_vallecano_ath_madrid,2012-13,train
2013-02-10_zaragoza_sociedad,2012-13,train
2013-02-11_betis_valladolid,2012-13,train
2013-02-15_sevilla_la_coruna,2012-13,train
2013-02-16_getafe_celta,2012-13,train
2013-02-16_granada_barcelona,2012-13,train
2013-02-16_malaga_ath_bilbao,2012-13,train
2013-02-16_osasuna_zaragoza,2012-13,train
2013-02-17_espanol_betis,2012-13,train
2013-02-17_real_madrid_vallecano,2012-13,train
2013-02-17_sociedad_levante,2012-13,train
2013-02-17_valencia_mallorca,2012-13,train
2013-02-17_valladolid_ath_madrid,2012-13,train
2013-02-22_ath_bilbao_sociedad,2012-13,train
2013-02-23_barcelona_sevilla,2012-13,train
2013-02-23_la_coruna_real_madrid,2012-13,train
2013-02-23_mallorca_getafe,2012-13,train
2013-02-23_zaragoza_valencia,2012-13,train
2013-02-24_ath_madrid_espanol,2012-13,train
2013-02-24_betis_malaga,2012-13,train
2013-02-24_celta_granada,2012-13,train
2013-02-24_vallecano_valladolid,2012-13,train
2013-02-25_levante_osasuna,2012-13,train
2013-03-01_getafe_zaragoza,2012-13,train
2013-03-02_la_coruna_vallecano,2012-13,train
2013-03-02_osasuna_ath_bilbao,2012-13,train
2013-03-02_real_madrid_barcelona,2012-13,train
2013-03-02_valencia_levante,2012-13,train
2013-03-03_espanol_valladolid,2012-13,train
2013-03-03_granada_mallorca,2012-13,train
2013-03-03_malaga_ath_madrid,2012-13,train
2013-03-03_sociedad_betis,2012-13,train
2013-03-04_sevilla_celta,2012-13,train
2013-03-08_betis_osasuna,2012-13,train
2013-03-09_barcelona_la_coruna,2012-13,train
2013-03-09_mallorca_sevilla,2012-13,train
2013-03-09_valladolid_malaga,2012-13,train
2013-03-09_vallecano_espanol,2012-13,train
2013-03-10_ath_bilbao_valencia,2012-13,train
2013-03-10_ath_madrid_sociedad,2012-13,train
2013-03-10_celta_real_madrid,2012-13,train
2013-03-10_levante_getafe,2012-13,train
2013-03-11_zaragoza_granada,2012-13,train
2013-03-15_la_coruna_celta,2012-13,train
2013-03-16_getafe_ath_bilbao,2012-13,train
2013-03-16_real_madrid_mallorca,2012-13,train
2013-03-16_sociedad_valladolid,2012-13,train
2013-03-16_valencia_betis,2012-13,train
2013-03-17_barcelona_vallecano,2012-13,train
2013-03-17_granada_levante,2012-13,train
2013-03-17_malaga_espanol,2012-13,train
2013-03-17_osasuna_ath_madrid,2012-13,train
2013-03-17_sevilla_zaragoza,2012-13,train
2013-03-30_celta_barcelona,2012-13,train
2013-03-30_levante_sevilla,2012-13,train
2013-03-30_vallecano_malaga,2012-13,train
2013-03-30_zaragoza_real_madrid,2012-13,train
2013-03-31_ath_madrid_valencia,2012-13,train
2013-03-31_espanol_sociedad,2012-13,train
2013-03-31_mallorca_la_coruna,2012-13,train
2013-03-31_valladolid_osasuna,2012-13,train
2013-04-01_ath_bilbao_granada,2012-13,train
2013-04-01_betis_getafe,2012-13,train
2013-04-05_granada_betis,2012-13,train
2013-04-06_barcelona_mallorca,2012-13,train
2013-04-06_la_coruna_zaragoza,2012-13,train
2013-04-06_real_madrid_levante,2012-13,train
2013-04-06_sociedad_malaga,2012-13,train
2013-04-07_celta_vallecano,2012-13,train
2013-04-07_getafe_ath_madrid,2012-13,train
2013-04-07_osasuna_espanol,2012-13,train
2013-04-07_valencia_valladolid,2012-13,train
2013-04-08_sevilla_ath_bilbao,2012-13,train
2013-04-12_betis_sevilla,2012-13,train
2013-04-13_espanol_valencia,2012-13,train
2013-04-13_levante_la_coruna,2012-13,train
2013-04-13_malaga_osasuna,2012-13,train
2013-04-13_valladolid_getafe,2012-13,train
2013-04-14_ath_bilbao_real_madrid,2012-13,train
2013-04-14_ath_madrid_granada,2012-13,train
2013-04-14_vallecano_sociedad,2012-13,train
2013-04-14_zaragoza_barcelona,2012-13,train
2013-04-15_mallorca_celta,2012-13,train
2013-04-19_mallorca_vallecano,2012-13,train
2013-04-20_barcelona_levante,2012-13,train
2013-04-20_granada_valladolid,2012-13,train
2013-04-20_real_madrid_betis,2012-13,train
2013-04-20_valencia_malaga,2012-13,train
2013-04-21_getafe_espanol,2012-13,train
2013-04-21_la_coruna_ath_bilbao,2012-13,train
2013-04-21_osasuna_sociedad,2012-13,train
2013-04-21_sevilla_ath_madrid,2012-13,train
2013-04-22_celta_zaragoza,2012-13,train
2013-04-26_vallecano_osasuna,2012-13,train
2013-04-27_ath_bilbao_barcelona,2012-13,train
2013-04-27_ath_madrid_real_madrid,2012-13,train
2013-04-27_levante_celta,2012-13,train
2013-04-27_zaragoza_mallorca,2012-13,train
2013-04-28_espanol_granada,2012-13,train
2013-04-28_malaga_getafe,2012-13,train
2013-04-28_sociedad_valencia,2012-13,train
2013-04-28_valladolid_sevilla,2012-13,train
2013-04-29_betis_la_coruna,2012-13,train
2013-05-03_celta_ath_bilbao,2012-13,train
2013-05-04_granada_malaga,2012-13,train
2013-05-04_la_coruna_ath_madrid,2012-13,train
2013-05-04_real_madrid_valladolid,2012-13,train
2013-05-04_valencia_osasuna,2012-13,train
2013-05-05_barcelona_betis,2012-13,train
2013-05-05_mallorca_levante,2012-13,train
2013-05-05_sevilla_espanol,2012-13,train
2013-05-05_zaragoza_vallecano,2012-13,train
2013-05-06_getafe_sociedad,2012-13,train
2013-05-08_celta_ath_madrid,2012-13,train
2013-05-08_real_madrid_malaga,2012-13,train
2013-05-10_levante_zaragoza,2012-13,train
2013-05-11_ath_bilbao_mallorca,2012-13,train
2013-05-11_espanol_real_madrid,2012-13,train
2013-05-11_osasuna_getafe,2012-13,train
2013-05-11_valladolid_la_coruna,2012-13,train
2013-05-12_ath_madrid_barcelona,2012-13,train
2013-05-12_betis_celta,2012-13,train
2013-05-12_malaga_sevilla,2012-13,train
2013-05-12_vallecano_valencia,2012-13,train
2013-05-13_sociedad_granada,2012-13,train
2013-05-18_getafe_valencia,2012-13,train
2013-05-18_granada_osasuna,2012-13,train
2013-05-18_sevilla_sociedad,2012-13,train
2013-05-19_barcelona_valladolid,2012-13,train
2013-05-19_la_coruna_espanol,2012-13,train
2013-05-19_levante_vallecano,2012-13,train
2013-05-19_zaragoza_ath_bilbao,2012-13,train
2013-05-20_mallorca_betis,2012-13,train
2013-05-26_ath_bilbao_levante,2012-13,train
2013-05-26_ath_madrid_mallorca,2012-13,train
2013-05-26_betis_zaragoza,2012-13,train
2013-05-26_espanol_barcelona,2012-13,train
2013-05-26_getafe_vallecano,2012-13,train
2013-05-26_malaga_la_coruna,2012-13,train
2013-05-26_osasuna_sevilla,2012-13,train
2013-05-26_sociedad_real_madrid,2012-13,train
2013-05-26_valencia_granada,2012-13,train
2013-05-26_valladolid_celta,2012-13,train
2013-06-01_barcelona_malaga,2012-13,train
2013-06-01_celta_espanol,2012-13,train
2013-06-01_granada_getafe,2012-13,train
2013-06-01_la_coruna_sociedad,2012-13,train
2013-06-01_levante_betis,2012-13,train
2013-06-01_mallorca_valladolid,2012-13,train
2013-06-01_real_madrid_osasuna,2012-13,train
2013-06-01_sevilla_valencia,2012-13,train
2013-06-01_vallecano_ath_bilbao,2012-13,train
2013-06-01_zaragoza_ath_madrid,2012-13,train
2013-08-17_sociedad_getafe,2013-14,train
2013-08-17_valencia_malaga,2013-14,train
2013-08-17_valladolid_ath_bilbao,2013-14,train
2013-08-18_barcelona_levante,2013-14,train
2013-08-18_osasuna_granada,2013-14,train
2013-08-18_real_madrid_betis,2013-14,train
2013-08-18_sevilla_ath_madrid,2013-14,train
2013-08-19_almeria_villarreal,2013-14,train
2013-08-19_celta_espanol,2013-14,train
2013-08-19_vallecano_elche,2013-14,train
2013-08-23_ath_bilbao_osasuna,2013-14,train
2013-08-23_getafe_almeria,2013-14,train
2013-08-24_elche_sociedad,2013-14,train
2013-08-24_espanol_valencia,2013-14,train
2013-08-24_villarreal_valladolid,2013-14,train
2013-08-25_ath_madrid_vallecano,2013-14,train
2013-08-25_betis_celta,2013-14,train
2013-08-25_levante_sevilla,2013-14,train
2013-08-25_malaga_barcelona,2013-14,train
2013-08-26_granada_real_madrid,2013-14,train
2013-08-30_almeria_elche,2013-14,train
2013-08-30_vallecano_levante,2013-14,train
2013-08-31_celta_granada,2013-14,train
2013-08-31_osasuna_villarreal,2013-14,train
2013-08-31_valladolid_getafe,2013-14,train
2013-09-01_espanol_betis,2013-14,train
2013-09-01_real_madrid_ath_bilbao,2013-14,train
2013-09-01_sevilla_malaga,2013-14,train
2013-09-01_sociedad_ath_madrid,2013-14,train
2013-09-01_valencia_barcelona,2013-14,train
2013-09-14_ath_madrid_almeria,2013-14,train
2013-09-14_barcelona_sevilla,2013-14,train
2013-09-14_levante_sociedad,2013-14,train
2013-09-14_villarreal_real_madrid,2013-14,train
2013-09-15_betis_valencia,2013-14,train
2013-09-15_getafe_osasuna,2013-14,train
2013-09-15_granada_espanol,2013-14,train
2013-09-15_malaga_vallecano,2013-14,train
2013-09-16_ath_bilbao_celta,2013-14,train
2013-09-16_elche_valladolid,2013-14,train
2013-09-20_osasuna_elche,2013-14,train
2013-09-21_almeria_levante,2013-14,train
2013-09-21_sociedad_malaga,2013-14,train
2013-09-21_valladolid_ath_madrid,2013-14,train
2013-09-21_vallecano_barcelona,2013-14,train
2013-09-22_betis_granada,2013-14,train
2013-09-22_celta_villarreal,2013-14,train
2013-09-22_real_madrid_getafe,2013-14,train
2013-09-22_valencia_sevilla,2013-14,train
2013-09-23_espanol_ath_bilbao,2013-14,train
2013-09-24_ath_madrid_osasuna,2013-14,train
2013-09-24_barcelona_sociedad,2013-14,train
2013-09-24_levante_valladolid,2013-14,train
2013-09-24_malaga_almeria,2013-14,train
2013-09-25_elche_real_madrid,2013-14,train
2013-09-25_granada_valencia,2013-14,train
2013-09-25_sevilla_vallecano,2013-14,train
2013-09-26_ath_bilbao_betis,2013-14,train
2013-09-26_getafe_celta,2013-14,train
2013-09-26_villarreal_espanol,2013-14,train
2013-09-27_valladolid_malaga,2013-14,train
2013-09-28_almeria_barcelona,2013-14,train
2013-09-28_real_madrid_ath_madrid,2013-14,train
2013-09-28_sociedad_sevilla,2013-14,train
2013-09-28_valencia_vallecano,2013-14,train
2013-09-29_betis_villarreal,2013-14,train
2013-09-29_celta_elche,2013-14,train
2013-09-29_espanol_getafe,2013-14,train
2013-09-29_osasuna_levante,2013-14,train
2013-09-30_granada_ath_bilbao,2013-14,train
2013-10-04_malaga_osasuna,2013-14,train
2013-10-04_villarreal_granada,2013-14,train
2013-10-05_barcelona_valladolid,2013-14,train
2013-10-05_elche_espanol,2013-14,train
2013-10-05_levante_real_madrid,2013-14,train
2013-10-05_vallecano_sociedad,2013-14,train
2013-10-06_ath_bilbao_valencia,2013-14,train
2013-10-06_ath_madrid_celta,2013-14,train
2013-10-06_getafe_betis,2013-14,train
2013-10-06_sevilla_almeria,2013-14,train
2013-10-19_espanol_ath_madrid,2013-14,train
2013-10-19_osasuna_barcelona,2013-14,train
2013-10-19_real_madrid_malaga,2013-14,train
2013-10-19_valencia_sociedad,2013-14,train
2013-10-20_almeria_vallecano,2013-14,train
2013-10-20_betis_elche,2013-14,train
2013-10-20_granada_getafe,2013-14,train
2013-10-20_valladolid_sevilla,2013-14,train
2013-10-21_ath_bilbao_villarreal,2013-14,train
2013-10-21_celta_levante,2013-14,train
2013-10-25_vallecano_valladolid,2013-14,train
2013-10-26_barcelona_real_madrid,2013-14,train
2013-10-26_elche_granada,2013-14,train
2013-10-26_levante_espanol,2013-14,train
2013-10-26_malaga_celta,2013-14,train
2013-10-27_ath_madrid_betis,2013-14,train
2013-10-27_sevilla_osasuna,2013-14,train
2013-10-27_sociedad_almeria,2013-14,train
2013-10-27_villarreal_valencia,2013-14,train
2013-10-28_getafe_ath_bilbao,2013-14,train
2013-10-29_celta_barcelona,2013-14,train
2013-10-29_espanol_malaga,2013-14,train
2013-10-30_osasuna_vallecano,2013-14,train
2013-10-30_real_madrid_sevilla,2013-14,train
2013-10-30_valencia_almeria,2013-14,train
2013-10-30_valladolid_sociedad,2013-14,train
2013-10-31_ath_bilbao_elche,2013-14,train
2013-10-31_betis_levante,2013-14,train
2013-10-31_granada_ath_madrid,2013-14,train
2013-10-31_villarreal_getafe,2013-14,train
2013-11-01_barcelona_espanol,2013-14,train
2013-11-02_almeria_valladolid,2013-14,train
2013-11-02_sevilla_celta,2013-14,train
2013-11-02_sociedad_osasuna,2013-14,train
2013-11-02_vallecano_real_madrid,2013-14,train
2013-11-03_ath_madrid_ath_bilbao,2013-14,train
2013-11-03_getafe_valencia,2013-14,train
2013-11-03_levante_granada,2013-14,train
2013-11-03_malaga_betis,2013-14,train
2013-11-04_elche_villarreal,2013-14,train
2013-11-08_granada_malaga,2013-14,train
2013-11-08_osasuna_almeria,2013-14,train
2013-11-09_ath_bilbao_levante,2013-14,train
2013-11-09_celta_vallecano,2013-14,train
2013-11-09_getafe_elche,2013-14,train
2013-11-09_real_madrid_sociedad,2013-14,train
2013-11-10_betis_barcelona,2013-14,train
2013-11-10_espanol_sevilla,2013-14,train
2013-11-10_valencia_valladolid,2013-14,train
2013-11-10_villarreal_ath_madrid,2013-14,train
2013-11-22_valladolid_osasuna,2013-14,train
2013-11-23_almeria_real_madrid,2013-14,train
2013-11-23_ath_madrid_getafe,2013-14,train
2013-11-23_barcelona_granada,2013-14,train
2013-11-23_sociedad_celta,2013-14,train
2013-11-24_elche_valencia,2013-14,train
2013-11-24_levante_villarreal,2013-14,train
2013-11-24_sevilla_betis,2013-14,train
2013-11-24_vallecano_espanol,2013-14,train
2013-11-25_malaga_ath_bilbao,2013-14,train
2013-11-29_getafe_levante,2013-14,train
2013-11-29_villarreal_malaga,2013-14,train
2013-11-30_celta_almeria,2013-14,train
2013-11-30_elche_ath_madrid,2013-14,train
2013-11-30_espanol_sociedad,2013-14,train
2013-11-30_real_madrid_valladolid,2013-14,train
2013-12-01_ath_bilbao_barcelona,2013-14,train
2013-12-01_betis_vallecano,2013-14,train
2013-12-01_granada_sevilla,2013-14,train
2013-12-01_valencia_osasuna,2013-14,train
2013-12-13_levante_elche,2013-14,train
2013-12-14_barcelona_villarreal,2013-14,train
2013-12-14_malaga_getafe,2013-14,train
2013-12-14_osasuna_real_madrid,2013-14,train
2013-12-14_vallecano_granada,2013-14,train
2013-12-15_almeria_espanol,2013-14,train
2013-12-15_ath_madrid_valencia,2013-14,train
2013-12-15_sevilla_ath_bilbao,2013-14,train
2013-12-15_sociedad_betis,2013-14,train
2013-12-16_valladolid_celta,2013-14,train
2013-12-20_elche_malaga,2013-14,train
2013-12-21_ath_madrid_levante,2013-14,train
2013-12-21_betis_almeria,2013-14,train
2013-12-21_granada_sociedad,2013-14,train
2013-12-21_villarreal_sevilla,2013-14,train
2013-12-22_ath_bilbao_vallecano,2013-14,train
2013-12-22_celta_osasuna,2013-14,train
2013-12-22_espanol_valladolid,2013-14,train
2013-12-22_getafe_barcelona,2013-14,train
2013-12-22_valencia_real_madrid,2013-14,train
2014-01-04_almeria_granada,2013-14,train
2014-01-04_malaga_ath_madrid,2013-14,train
2014-01-04_valencia_levante,2013-14,train
2014-01-04_valladolid_betis,2013-14,train
2014-01-05_barcelona_elche,2013-14,train
2014-01-05_osasuna_espanol,2013-14,train
2014-01-05_sevilla_getafe,2013-14,train
2014-01-05_sociedad_ath_bilbao,2013-14,train
2014-01-06_real_madrid_celta,2013-14,train
2014-01-06_vallecano_villarreal,2013-14,train
2014-01-10_granada_valladolid,2013-14,train
2014-01-11_ath_bilbao_almeria,2013-14,train
2014-01-11_ath_madrid_barcelona,2013-14,train
2014-01-11_celta_valencia,2013-14,train
2014-01-11_elche_sevilla,2013-14,train
2014-01-12_betis_osasuna,2013-14,train
2014-01-12_espanol_real_madrid,2013-14,train
2014-01-12_getafe_vallecano,2013-14,train
2014-01-12_levante_malaga,2013-14,train
2014-01-13_villarreal_sociedad,2013-14,train
2014-01-17_malaga_valencia,2013-14,train
2014-01-18_betis_real_madrid,2013-14,train
2014-01-18_elche_vallecano,2013-14,train
2014-01-18_espanol_celta,2013-14,train
2014-01-18_granada_osasuna,2013-14,train
2014-01-19_ath_madrid_sevilla,2013-14,train
2014-01-19_getafe_sociedad,2013-14,train
2014-01-19_levante_barcelona,2013-14,train
2014-01-19_villarreal_almeria,2013-14,train
2014-01-20_ath_bilbao_valladolid,2013-14,train
2014-01-24_celta_betis,2013-14,train
2014-01-25_real_madrid_granada,2013-14,train
2014-01-25_sevilla_levante,2013-14,train
2014-01-25_valencia_espanol,2013-14,train
2014-01-25_valladolid_villarreal,2013-14,train
2014-01-26_almeria_getafe,2013-14,train
2014-01-26_barcelona_malaga,2013-14,train
2014-01-26_osasuna_ath_bilbao,2013-14,train
2014-01-26_vallecano_ath_madrid,2013-14,train
2014-01-27_sociedad_elche,2013-14,train
2014-01-31_granada_celta,2013-14,train
2014-02-01_barcelona_valencia,2013-14,train
2014-02-01_getafe_valladolid,2013-14,train
2014-02-01_levante_vallecano,2013-14,train
2014-02-01_malaga_sevilla,2013-14,train
2014-02-02_ath_bilbao_real_madrid,2013-14,train
2014-02-02_ath_madrid_sociedad,2013-14,train
2014-02-02_betis_espanol,2013-14,train
2014-02-02_elche_almeria,2013-14,train
2014-02-03_villarreal_osasuna,2013-14,train
2014-02-07_espanol_granada,2013-14,train
2014-02-08_almeria_ath_madrid,2013-14,train
2014-02-08_real_madrid_villarreal,2013-14,train
2014-02-08_valencia_betis,2013-14,train
2014-02-08_vallecano_malaga,2013-14,train
2014-02-09_osasuna_getafe,2013-14,train
2014-02-09_sevilla_barcelona,2013-14,train
2014-02-09_sociedad_levante,2013-14,train
2014-02-09_valladolid_elche,2013-14,train
2014-02-10_celta_ath_bilbao,2013-14,train
2014-02-14_elche_osasuna,2013-14,train
2014-02-15_ath_madrid_valladolid,2013-14,train
2014-02-15_barcelona_vallecano,2013-14,train
2014-02-15_levante_almeria,2013-14,train
2014-02-15_villarreal_celta,2013-14,train
2014-02-16_ath_bilbao_espanol,2013-14,train
2014-02-16_getafe_real_madrid,2013-14,train
2014-02-16_granada_betis,2013-14,train
2014-02-16_sevilla_valencia,2013-14,train
2014-02-17_malaga_sociedad,2013-14,train
2014-02-21_valladolid_levante,2013-14,train
2014-02-22_almeria_malaga,2013-14,train
2014-02-22_celta_getafe,2013-14,train
2014-02-22_real_madrid_elche,2013-14,train
2014-02-22_sociedad_barcelona,2013-14,train
2014-02-23_betis_ath_bilbao,2013-14,train
2014-02-23_osasuna_ath_madrid,2013-14,train
2014-02-23_valencia_granada,2013-14,train
2014-02-23_vallecano_sevilla,2013-14,train
2014-02-24_espanol_villarreal,2013-14,train
2014-02-28_ath_bilbao_granada,2013-14,train
2014-03-01_elche_celta,2013-14,train
2014-03-01_getafe_espanol,2013-14,train
2014-03-01_levante_osasuna,2013-14,train
2014-03-01_malaga_valladolid,2013-14,train
2014-03-02_ath_madrid_real_madrid,2013-14,train
2014-03-02_barcelona_almeria,2013-14,train
2014-03-02_sevilla_sociedad,2013-14,train
2014-03-02_vallecano_valencia,2013-14,train
2014-03-02_villarreal_betis,2013-14,train
2014-03-08_betis_getafe,2013-14,train
2014-03-08_celta_ath_madrid,2013-14,train
2014-03-08_granada_villarreal,2013-14,train
2014-03-08_valladolid_barcelona,2013-14,train
2014-03-09_almeria_sevilla,2013-14,train
2014-03-09_espanol_elche,2013-14,train
2014-03-09_real_madrid_levante,2013-14,train
2014-03-09_valencia_ath_bilbao,2013-14,train
2014-03-10_osasuna_malaga,2013-14,train
2014-03-10_sociedad_vallecano,2013-14,train
2014-03-14_getafe_granada,2013-14,train
2014-03-15_ath_madrid_espanol,2013-14,train
2014-03-15_levante_celta,2013-14,train
2014-03-15_malaga_real_madrid,2013-14,train
2014-03-15_vallecano_almeria,2013-14,train
2014-03-16_barcelona_osasuna,2013-14,train
2014-03-16_elche_betis,2013-14,train
2014-03-16_sevilla_valladolid,2013-14,train
2014-03-16_sociedad_valencia,2013-14,train
2014-03-17_villarreal_ath_bilbao,2013-14,train
2014-03-21_celta_malaga,2013-14,train
2014-03-22_ath_bilbao_getafe,2013-14,train
2014-03-22_espanol_levante,2013-14,train
2014-03-22_granada_elche,2013-14,train
2014-03-22_valladolid_vallecano,2013-14,train
2014-03-23_betis_ath_madrid,2013-14,train
2014-03-23_osasuna_sevilla,2013-14,train
2014-03-23_real_madrid_barcelona,2013-14,train
2014-03-23_valencia_villarreal,2013-14,train
2014-03-24_almeria_sociedad,2013-14,train
2014-03-25_elche_ath_bilbao,2013-14,train
2014-03-25_malaga_espanol,2013-14,train
2014-03-26_ath_madrid_granada,2013-14,train
2014-03-26_barcelona_celta,2013-14,train
2014-03-26_sevilla_real_madrid,2013-14,train
2014-03-26_vallecano_osasuna,2013-14,train
2014-03-27_almeria_valencia,2013-14,train
2014-03-27_getafe_villarreal,2013-14,train
2014-03-27_levante_betis,2013-14,train
2014-03-27_sociedad_valladolid,2013-14,train
2014-03-29_ath_bilbao_ath_madrid,2013-14,train
2014-03-29_celta_sevilla,2013-14,train
2014-03-29_espanol_barcelona,2013-14,train
2014-03-29_real_madrid_vallecano,2013-14,train
2014-03-30_osasuna_sociedad,2013-14,train
2014-03-30_valencia_getafe,2013-14,train
2014-03-30_valladolid_almeria,2013-14,train
2014-03-30_villarreal_elche,2013-14,train
2014-03-31_betis_malaga,2013-14,train
2014-03-31_granada_levante,2013-14,train
2014-04-04_almeria_osasuna,2013-14,train
2014-04-05_ath_madrid_villarreal,2013-14,train
2014-04-05_barcelona_betis,2013-14,train
2014-04-05_sociedad_real_madrid,2013-14,train
2014-04-05_vallecano_celta,2013-14,train
2014-04-06_elche_getafe,2013-14,train
2014-04-06_malaga_granada,2013-14,train
2014-04-06_sevilla_espanol,2013-14,train
2014-04-06_valladolid_valencia,2013-14,train
2014-04-07_levante_ath_bilbao,2013-14,train
2014-04-11_osasuna_valladolid,2013-14,train
2014-04-12_celta_sociedad,2013-14,train
2014-04-12_granada_barcelona,2013-14,train
2014-04-12_real_madrid_almeria,2013-14,train
2014-04-12_villarreal_levante,2013-14,train
2014-04-13_betis_sevilla,2013-14,train
2014-04-13_espanol_vallecano,2013-14,train
2014-04-13_getafe_ath_madrid,2013-14,train
2014-04-13_valencia_elche,2013-14,train
2014-04-14_ath_bilbao_malaga,2013-14,train
2014-04-18_ath_madrid_elche,2013-14,train
2014-04-19_levante_getafe,2013-14,train
2014-04-19_osasuna_valencia,2013-14,train
2014-04-19_sociedad_espanol,2013-14,train
2014-04-20_almeria_celta,2013-14,train
2014-04-20_barcelona_ath_bilbao,2013-14,train
2014-04-20_sevilla_granada,2013-14,train
2014-04-20_vallecano_betis,2013-14,train
2014-04-21_malaga_villarreal,2013-14,train
2014-04-25_elche_levante,2013-14,train
2014-04-26_betis_sociedad,2013-14,train
2014-04-26_getafe_malaga,2013-14,train
2014-04-26_granada_vallecano,2013-14,train
2014-04-26_real_madrid_osasuna,2013-14,train
2014-04-27_ath_bilbao_sevilla,2013-14,train
2014-04-27_espanol_almeria,2013-14,train
2014-04-27_valencia_ath_madrid,2013-14,train
2014-04-27_villarreal_barcelona,2013-14,train
2014-04-28_celta_valladolid,2013-14,train
2014-05-02_vallecano_ath_bilbao,2013-14,train
2014-05-03_barcelona_getafe,2013-14,train
2014-05-03_malaga_elche,2013-14,train
2014-05-03_osasuna_celta,2013-14,train
2014-05-03_valladolid_espanol,2013-14,train
2014-05-04_almeria_betis,2013-14,train
2014-05-04_levante_ath_madrid,2013-14,train
2014-05-04_real_madrid_valencia,2013-14,train
2014-05-04_sevilla_villarreal,2013-14,train
2014-05-05_sociedad_granada,2013-14,train
2014-05-07_valladolid_real_madrid,2013-14,train
2014-05-10_levante_valencia,2013-14,train
2014-05-10_villarreal_vallecano,2013-14,train
2014-05-11_ath_bilbao_sociedad,2013-14,train
2014-05-11_ath_madrid_malaga,2013-14,train
2014-05-11_betis_valladolid,2013-14,train
2014-05-11_celta_real_madrid,2013-14,train
2014-05-11_elche_barcelona,2013-14,train
2014-05-11_espanol_osasuna,2013-14,train
2014-05-11_getafe_sevilla,2013-14,train
2014-05-11_granada_almeria,2013-14,train
2014-05-16_malaga_levante,2013-14,train
2014-05-17_barcelona_ath_madrid,2013-14,train
2014-05-17_real_madrid_espanol,2013-14,train
2014-05-17_valencia_celta,2013-14,train
2014-05-18_almeria_ath_bilbao,2013-14,train
2014-05-18_osasuna_betis,2013-14,train
2014-05-18_sevilla_elche,2013-14,train
2014-05-18_sociedad_villarreal,2013-14,train
2014-05-18_valladolid_granada,2013-14,train
2014-05-18_vallecano_getafe,2013-14,train
2014-08-23_almeria_espanol,2014-15,train
2014-08-23_granada_la_coruna,2014-15,train
2014-08-23_malaga_ath_bilbao,2014-15,train
2014-08-23_sevilla_valencia,2014-15,train
2014-08-24_barcelona_elche,2014-15,train
2014-08-24_celta_getafe,2014-15,train
2014-08-24_eibar_sociedad,2014-15,train
2014-08-24_levante_villarreal,2014-15,train
2014-08-25_real_madrid_cordoba,2014-15,train
2014-08-25_vallecano_ath_madrid,2014-15,train
2014-08-29_getafe_almeria,2014-15,train
2014-08-29_valencia_malaga,2014-15,train
2014-08-30_ath_bilbao_levante,2014-15,train
2014-08-30_ath_madrid_eibar,2014-15,train
2014-08-30_cordoba_celta,2014-15,train
2014-08-30_espanol_sevilla,2014-15,train
2014-08-31_elche_granada,2014-15,train
2014-08-31_la_coruna_vallecano,2014-15,train
2014-08-31_sociedad_real_madrid,2014-15,train
2014-08-31_villarreal_barcelona,2014-15,train
2014-09-12_almeria_cordoba,2014-15,train
2014-09-13_barcelona_ath_bilbao,2014-15,train
2014-09-13_celta_sociedad,2014-15,train
2014-09-13_malaga_levante,2014-15,train
2014-09-13_real_madrid_ath_madrid,2014-15,train
2014-09-14_granada_villarreal,2014-15,train
2014-09-14_sevilla_getafe,2014-15,train
2014-09-14_valencia_espanol,2014-15,train
2014-09-14_vallecano_elche,2014-15,train
2014-09-15_eibar_la_coruna,2014-15,train
2014-09-19_elche_eibar,2014-15,train
2014-09-20_ath_bilbao_granada,2014-15,train
2014-09-20_ath_madrid_celta,2014-15,train
2014-09-20_espanol_malaga,2014-15,train
2014-09-20_la_coruna_real_madrid,2014-15,train
2014-09-21_cordoba_sevilla,2014-15,train
2014-09-21_levante_barcelona,2014-15,train
2014-09-21_sociedad_almeria,2014-15,train
2014-09-21_villarreal_vallecano,2014-15,train
2014-09-22_getafe_valencia,2014-15,train
2014-09-23_celta_la_coruna,2014-15,train
2014-09-23_real_madrid_elche,2014-15,train
2014-09-24_almeria_ath_madrid,2014-15,train
2014-09-24_eibar_villarreal,2014-15,train
2014-09-24_granada_levante,2014-15,train
2014-09-24_malaga_barcelona,2014-15,train
2014-09-24_sevilla_sociedad,2014-15,train
2014-09-24_vallecano_ath_bilbao,2014-15,train
2014-09-25_espanol_getafe,2014-15,train
2014-09-25_valencia_cordoba,2014-15,train
2014-09-26_elche_celta,2014-15,train
2014-09-27_ath_bilbao_eibar,2014-15,train
2014-09-27_ath_madrid_sevilla,2014-15,train
2014-09-27_barcelona_granada,2014-15,train
2014-09-27_levante_vallecano,2014-15,train
2014-09-27_villarreal_real_madrid,2014-15,train
2014-09-28_cordoba_espanol,2014-15,train
2014-09-28_getafe_malaga,2014-15,train
2014-09-28_la_coruna_almeria,2014-15,train
2014-09-28_sociedad_valencia,2014-15,train
2014-10-03_getafe_cordoba,2014-15,train
2014-10-04_almeria_elche,2014-15,train
2014-10-04_eibar_levante,2014-15,train
2014-10-04_malaga_granada,2014-15,train
2014-10-04_valencia_ath_madrid,2014-15,train
2014-10-04_vallecano_barcelona,2014-15,train
2014-10-05_celta_villarreal,2014-15,train
2014-10-05_espanol_sociedad,2014-15,train
2014-10-05_real_madrid_ath_bilbao,2014-15,train
2014-10-05_sevilla_la_coruna,2014-15,train
2014-10-17_granada_vallecano,2014-15,train
2014-10-18_ath_bilbao_celta,2014-15,train
2014-10-18_barcelona_eibar,2014-15,train
2014-10-18_cordoba_malaga,2014-15,train
2014-10-18_levante_real_madrid,2014-15,train
2014-10-19_ath_madrid_espanol,2014-15,train
2014-10-19_elche_sevilla,2014-15,train
2014-10-19_la_coruna_valencia,2014-15,train
2014-10-19_villarreal_almeria,2014-15,train
2014-10-20_sociedad_getafe,2014-15,train
2014-10-24_celta_levante,2014-15,train
2014-10-25_almeria_ath_bilbao,2014-15,train
2014-10-25_cordoba_sociedad,2014-15,train
2014-10-25_eibar_granada,2014-15,train
2014-10-25_real_madrid_barcelona,2014-15,train
2014-10-25_valencia_elche,2014-15,train
2014-10-26_espanol_la_coruna,2014-15,train
2014-10-26_getafe_ath_madrid,2014-15,train
2014-10-26_malaga_vallecano,2014-15,train
2014-10-26_sevilla_villarreal,2014-15,train
2014-10-31_la_coruna_getafe,2014-15,train
2014-11-01_ath_madrid_cordoba,2014-15,train
2014-11-01_barcelona_celta,2014-15,train
2014-11-01_granada_real_madrid,2014-15,train
2014-11-01_sociedad_malaga,2014-15,train
2014-11-02_ath_bilbao_sevilla,2014-15,train
2014-11-02_elche_espanol,2014-15,train
2014-11-02_levante_almeria,2014-15,train
2014-11-02_villarreal_valencia,2014-15,train
2014-11-03_vallecano_eibar,2014-15,train
2014-11-07_cordoba_la_coruna,2014-15,train
2014-11-08_almeria_barcelona,2014-15,train
2014-11-08_celta_granada,2014-15,train
2014-11-08_getafe_elche,2014-15,train
2014-11-08_malaga_eibar,2014-15,train
2014-11-08_real_madrid_vallecano,2014-15,train
2014-11-09_espanol_villarreal,2014-15,train
2014-11-09_sevilla_levante,2014-15,train
2014-11-09_sociedad_ath_madrid,2014-15,train
2014-11-09_valencia_ath_bilbao,2014-15,train
2014-11-21_ath_bilbao_espanol,2014-15,train
2014-11-22_ath_madrid_malaga,2014-15,train
2014-11-22_barcelona_sevilla,2014-15,train
2014-11-22_eibar_real_madrid,2014-15,train
2014-11-22_la_coruna_sociedad,2014-15,train
2014-11-23_elche_cordoba,2014-15,train
2014-11-23_levante_valencia,2014-15,train
2014-11-23_vallecano_celta,2014-15,train
2014-11-23_villarreal_getafe,2014-15,train
2014-11-24_granada_almeria,2014-15,train
2014-11-28_sociedad_elche,2014-15,train
2014-11-29_celta_eibar,2014-15,train
2014-11-29_espanol_levante,2014-15,train
2014-11-29_getafe_ath_bilbao,2014-15,train
2014-11-29_malaga_real_madrid,2014-15,train
2014-11-30_ath_madrid_la_coruna,2014-15,train
2014-11-30_cordoba_villarreal,2014-15,train
2014-11-30_sevilla_granada,2014-15,train
2014-11-30_valencia_barcelona,2014-15,train
2014-12-01_almeria_vallecano,2014-15,train
2014-12-06_ath_bilbao_cordoba,2014-15,train
2014-12-06_elche_ath_madrid,2014-15,train
2014-12-06_la_coruna_malaga,2014-15,train
2014-12-06_real_madrid_celta,2014-15,train
2014-12-07_barcelona_espanol,2014-15,train
2014-12-07_granada_valencia,2014-15,train
2014-12-07_vallecano_sevilla,2014-15,train
2014-12-07_villarreal_sociedad,2014-15,train
2014-12-08_eibar_almeria,2014-15,train
2014-12-08_levante_getafe,2014-15,train
2014-12-12_almeria_real_madrid,2014-15,train
2014-12-13_cordoba_levante,2014-15,train
2014-12-13_getafe_barcelona,2014-15,train
2014-12-13_malaga_celta,2014-15,train
2014-12-13_valencia_vallecano,2014-15,train
2014-12-14_ath_madrid_villarreal,2014-15,train
2014-12-14_espanol_granada,2014-15,train
2014-12-14_sevilla_eibar,2014-15,train
2014-12-14_sociedad_ath_bilbao,2014-15,train
2014-12-15_la_coruna_elche,2014-15,train
2014-12-19_celta_almeria,2014-15,train
2014-12-20_barcelona_cordoba,2014-15,train
2014-12-20_eibar_valencia,2014-15,train
2014-12-20_levante_sociedad,2014-15,train
2014-12-20_vallecano_espanol,2014-15,train
2014-12-21_ath_bilbao_ath_madrid,2014-15,train
2014-12-21_elche_malaga,2014-15,train
2014-12-21_granada_getafe,2014-15,train
2014-12-21_villarreal_la_coruna,2014-15,train
2015-01-03_ath_madrid_levante,2014-15,train
2015-01-03_elche_villarreal,2014-15,train
2015-01-03_la_coruna_ath_bilbao,2014-15,train
2015-01-03_malaga_almeria,2014-15,train
2015-01-03_sevilla_celta,2014-15,train
2015-01-04_espanol_eibar,2014-15,train
2015-01-04_getafe_vallecano,2014-15,train
2015-01-04_sociedad_barcelona,2014-15,train
2015-01-04_valencia_real_madrid,2014-15,train
2015-01-05_cordoba_granada,2014-15,train
2015-01-09_levante_la_coruna,2014-15,train
2015-01-10_celta_valencia,2014-15,train
2015-01-10_eibar_getafe,2014-15,train
2015-01-10_malaga_villarreal,2014-15,train
2015-01-10_real_madrid_espanol,2014-15,train
2015-01-11_almeria_sevilla,2014-15,train
2015-01-11_ath_bilbao_elche,2014-15,train
2015-01-11_barcelona_ath_madrid,2014-15,train
2015-01-11_granada_sociedad,2014-15,train
2015-01-12_vallecano_cordoba,2014-15,train
2015-01-16_cordoba_eibar,2014-15,train
2015-01-17_espanol_celta,2014-15,train
2015-01-17_sociedad_vallecano,2014-15,train
2015-01-17_valencia_almeria,2014-15,train
2015-01-17_villarreal_ath_bilbao,2014-15,train
2015-01-18_ath_madrid_granada,2014-15,train
2015-01-18_elche_levante,2014-15,train
2015-01-18_getafe_real_madrid,2014-15,train
2015-01-18_la_coruna_barcelona,2014-15,train
2015-01-18_sevilla_malaga,2014-15,train
2015-01-24_ath_madrid_vallecano,2014-15,train
2015-01-24_cordoba_real_madrid,2014-15,train
2015-01-24_elche_barcelona,2014-15,train
2015-01-24_sociedad_eibar,2014-15,train
2015-01-24_villarreal_levante,2014-15,train
2015-01-25_ath_bilbao_malaga,2014-15,train
2015-01-25_espanol_almeria,2014-15,train
2015-01-25_la_coruna_granada,2014-15,train
2015-01-25_valencia_sevilla,2014-15,train
2015-01-26_getafe_celta,2014-15,train
2015-01-30_vallecano_la_coruna,2014-15,train
2015-01-31_celta_cordoba,2014-15,train
2015-01-31_eibar_ath_madrid,2014-15,train
2015-01-31_granada_elche,2014-15,train
2015-01-31_real_madrid_sociedad,2014-15,train
2015-02-01_almeria_getafe,2014-15,train
2015-02-01_barcelona_villarreal,2014-15,train
2015-02-01_levante_ath_bilbao,2014-15,train
2015-02-01_sevilla_espanol,2014-15,train
2015-02-02_malaga_valencia,2014-15,train
2015-02-04_real_madrid_sevilla,2014-15,train
2015-02-06_la_coruna_eibar,2014-15,train
2015-02-07_ath_madrid_real_madrid,2014-15,train
2015-02-07_levante_malaga,2014-15,train
2015-02-07_sociedad_celta,2014-15,train
2015-02-07_villarreal_granada,2014-15,train
2015-02-08_ath_bilbao_barcelona,2014-15,train
2015-02-08_cordoba_almeria,2014-15,train
2015-02-08_espanol_valencia,2014-15,train
2015-02-08_getafe_sevilla,2014-15,train
2015-02-09_elche_vallecano,2014-15,train
2015-02-13_almeria_sociedad,2014-15,train
2015-02-14_granada_ath_bilbao,2014-15,train
2015-02-14_malaga_espanol,2014-15,train
2015-02-14_real_madrid_la_coruna,2014-15,train
2015-02-14_sevilla_cordoba,2014-15,train
2015-02-15_barcelona_levante,2014-15,train
2015-02-15_celta_ath_madrid,2014-15,train
2015-02-15_valencia_getafe,2014-15,train
2015-02-15_vallecano_villarreal,2014-15,train
2015-02-16_eibar_elche,2014-15,train
2015-02-20_getafe_espanol,2014-15,train
2015-02-21_ath_madrid_almeria,2014-15,train
2015-02-21_barcelona_malaga,2014-15,train
2015-02-21_cordoba_valencia,2014-15,train
2015-02-21_la_coruna_celta,2014-15,train
2015-02-22_ath_bilbao_vallecano,2014-15,train
2015-02-22_elche_real_madrid,2014-15,train
2015-02-22_sociedad_sevilla,2014-15,train
2015-02-22_villarreal_eibar,2014-15,train
2015-02-23_levante_granada,2014-15,train
2015-02-27_espanol_cordoba,2014-15,train
2015-02-28_almeria_la_coruna,2014-15,train
2015-02-28_granada_barcelona,2014-15,train
2015-02-28_malaga_getafe,2014-15,train
2015-02-28_vallecano_levante,2014-15,train
2015-03-01_eibar_ath_bilbao,2014-15,train
2015-03-01_real_madrid_villarreal,2014-15,train
2015-03-01_sevilla_ath_madrid,2014-15,train
2015-03-01_valencia_sociedad,2014-15,train
2015-03-02_celta_elche,2014-15,train
2015-03-06_levante_eibar,2014-15,train
2015-03-07_ath_bilbao_real_madrid,2014-15,train
2015-03-07_elche_almeria,2014-15,train
2015-03-07_granada_malaga,2014-15,train
2015-03-07_la_coruna_sevilla,2014-15,train
2015-03-08_ath_madrid_valencia,2014-15,train
2015-03-08_barcelona_vallecano,2014-15,train
2015-03-08_sociedad_espanol,2014-15,train
2015-03-08_villarreal_celta,2014-15,train
2015-03-09_cordoba_getafe,2014-15,train
2015-03-13_valencia_la_coruna,2014-15,train
2015-03-14_celta_ath_bilbao,2014-15,train
2015-03-14_eibar_barcelona,2014-15,train
2015-03-14_espanol_ath_madrid,2014-15,train
2015-03-14_vallecano_granada,2014-15,train
2015-03-15_almeria_villarreal,2014-15,train
2015-03-15_malaga_cordoba,2014-15,train
2015-03-15_real_madrid_levante,2014-15,train
2015-03-15_sevilla_elche,2014-15,train
2015-03-16_getafe_sociedad,2014-15,train
2015-03-20_elche_valencia,2014-15,train
2015-03-21_ath_bilbao_almeria,2014-15,train
2015-03-21_ath_madrid_getafe,2014-15,train
2015-03-21_granada_eibar,2014-15,train
2015-03-21_levante_celta,2014-15,train
2015-03-21_vallecano_malaga,2014-15,train
2015-03-22_barcelona_real_madrid,2014-15,train
2015-03-22_la_coruna_espanol,2014-15,train
2015-03-22_sociedad_cordoba,2014-15,train
2015-03-22_villarreal_sevilla,2014-15,train
2015-04-03_eibar_vallecano,2014-15,train
2015-04-04_almeria_levante,2014-15,train
2015-04-04_cordoba_ath_madrid,2014-15,train
2015-04-04_malaga_sociedad,2014-15,train
2015-04-04_sevilla_ath_bilbao,2014-15,train
2015-04-05_celta_barcelona,2014-15,train
2015-04-05_getafe_la_coruna,2014-15,train
2015-04-05_real_madrid_granada,2014-15,train
2015-04-05_valencia_villarreal,2014-15,train
2015-04-06_espanol_elche,2014-15,train
2015-04-07_ath_madrid_sociedad,2014-15,train
2015-04-07_eibar_malaga,2014-15,train
2015-04-07_levante_sevilla,2014-15,train
2015-04-08_barcelona_almeria,2014-15,train
2015-04-08_granada_celta,2014-15,train
2015-04-08_la_coruna_cordoba,2014-15,train
2015-04-08_vallecano_real_madrid,2014-15,train
2015-04-09_ath_bilbao_valencia,2014-15,train
2015-04-09_elche_getafe,2014-15,train
2015-04-09_villarreal_espanol,2014-15,train
2015-04-11_almeria_granada,2014-15,train
2015-04-11_celta_vallecano,2014-15,train
2015-04-11_malaga_ath_madrid,2014-15,train
2015-04-11_real_madrid_eibar,2014-15,train
2015-04-11_sevilla_barcelona,2014-15,train
2015-04-12_cordoba_elche,2014-15,train
2015-04-12_espanol_ath_bilbao,2014-15,train
2015-04-12_getafe_villarreal,2014-15,train
2015-04-12_sociedad_la_coruna,2014-15,train
2015-04-13_valencia_levante,2014-15,train
2015-04-17_levante_espanol,2014-15,train
2015-04-18_ath_bilbao_getafe,2014-15,train
2015-04-18_barcelona_valencia,2014-15,train
2015-04-18_la_coruna_ath_madrid,2014-15,train
2015-04-18_real_madrid_malaga,2014-15,train
2015-04-19_eibar_celta,2014-15,train
2015-04-19_granada_sevilla,2014-15,train
2015-04-19_vallecano_almeria,2014-15,train
2015-04-19_villarreal_cordoba,2014-15,train
2015-04-20_elche_sociedad,2014-15,train
2015-04-24_cordoba_ath_bilbao,2014-15,train
2015-04-25_ath_madrid_elche,2014-15,train
2015-04-25_espanol_barcelona,2014-15,train
2015-04-25_getafe_levante,2014-15,train
2015-04-25_sociedad_villarreal,2014-15,train
2015-04-26_almeria_eibar,2014-15,train
2015-04-26_celta_real_madrid,2014-15,train
2015-04-26_malaga_la_coruna,2014-15,train
2015-04-26_sevilla_vallecano,2014-15,train
2015-04-27_valencia_granada,2014-15,train
2015-04-28_ath_bilbao_sociedad,2014-15,train
2015-04-28_barcelona_getafe,2014-15,train
2015-04-28_levante_cordoba,2014-15,train
2015-04-29_celta_malaga,2014-15,train
2015-04-29_eibar_sevilla,2014-15,train
2015-04-29_elche_la_coruna,2014-15,train
2015-04-29_real_madrid_almeria,2014-15,train
2015-04-29_villarreal_ath_madrid,2014-15,train
2015-04-30_granada_espanol,2014-15,train
2015-04-30_vallecano_valencia,2014-15,train
2015-05-01_sociedad_levante,2014-15,train
2015-05-02_ath_madrid_ath_bilbao,2014-15,train
2015-05-02_cordoba_barcelona,2014-15,train
2015-05-02_la_coruna_villarreal,2014-15,train
2015-05-02_sevilla_real_madrid,2014-15,train
2015-05-03_espanol_vallecano,2014-15,train
2015-05-03_getafe_granada,2014-15,train
2015-05-03_malaga_elche,2014-15,train
2015-05-03_valencia_eibar,2014-15,train
2015-05-04_almeria_celta,2014-15,train
2015-05-08_eibar_espanol,2014-15,train
2015-05-09_ath_bilbao_la_coruna,2014-15,train
2015-05-09_barcelona_sociedad,2014-15,train
2015-05-09_granada_cordoba,2014-15,train
2015-05-09_real_madrid_valencia,2014-15,train
2015-05-10_almeria_malaga,2014-15,train
2015-05-10_celta_sevilla,2014-15,train
2015-05-10_levante_ath_madrid,2014-15,train
2015-05-10_villarreal_elche,2014-15,train
2015-05-11_vallecano_getafe,2014-15,train
2015-05-17_ath_madrid_barcelona,2014-15,train
2015-05-17_cordoba_vallecano,2014-15,train
2015-05-17_elche_ath_bilbao,2014-15,train
2015-05-17_espanol_real_madrid,2014-15,train
2015-05-17_getafe_eibar,2014-15,train
2015-05-17_la_coruna_levante,2014-15,train
2015-05-17_sevilla_almeria,2014-15,train
2015-05-17_sociedad_granada,2014-15,train
2015-05-17_valencia_celta,2014-15,train
2015-05-17_villarreal_malaga,2014-15,train
2015-05-23_almeria_valencia,2014-15,train
2015-05-23_ath_bilbao_villarreal,2014-15,train
2015-05-23_barcelona_la_coruna,2014-15,train
2015-05-23_celta_espanol,2014-15,train
2015-05-23_eibar_cordoba,2014-15,train
2015-05-23_granada_ath_madrid,2014-15,train
2015-05-23_levante_elche,2014-15,train
2015-05-23_malaga_sevilla,2014-15,train
2015-05-23_real_madrid_getafe,2014-15,train
2015-05-23_vallecano_sociedad,2014-15,train
2015-08-21_malaga_sevilla,2015-16,train
2015-08-22_ath_madrid_las_palmas,2015-16,train
2015-08-22_espanol_getafe,2015-16,train
2015-08-22_la_coruna_sociedad,2015-16,train
2015-08-22_vallecano_valencia,2015-16,train
2015-08-23_ath_bilbao_barcelona,2015-16,train
2015-08-23_betis_villarreal,2015-16,train
2015-08-23_levante_celta,2015-16,train
2015-08-23_sp_gijon_real_madrid,2015-16,train
2015-08-24_granada_eibar,2015-16,train
2015-08-28_villarreal_espanol,2015-16,train
2015-08-29_barcelona_malaga,2015-16,train
2015-08-29_celta_vallecano,2015-16,train
2015-08-29_real_madrid_betis,2015-16,train
2015-08-29_sociedad_sp_gijon,2015-16,train
2015-08-30_eibar_ath_bilbao,2015-16,train
2015-08-30_getafe_granada,2015-16,train
2015-08-30_las_palmas_levante,2015-16,train
2015-08-30_sevilla_ath_madrid,2015-16,train
2015-08-30_valencia_la_coruna,2015-16,train
2015-09-11_levante_sevilla,2015-16,train
2015-09-12_ath_madrid_barcelona,2015-16,train
2015-09-12_betis_sociedad,2015-16,train
2015-09-12_espanol_real_madrid,2015-16,train
2015-09-12_sp_gijon_valencia,2015-16,train
2015-09-13_ath_bilbao_getafe,2015-16,train
2015-09-13_celta_las_palmas,2015-16,train
2015-09-13_granada_villarreal,2015-16,train
2015-09-13_malaga_eibar,2015-16,train
2015-09-14_vallecano_la_coruna,2015-16,train
2015-09-18_getafe_malaga,2015-16,train
2015-09-19_eibar_ath_madrid,2015-16,train
2015-09-19_real_madrid_granada,2015-16,train
2015-09-19_sociedad_espanol,2015-16,train
2015-09-19_valencia_betis,2015-16,train
2015-09-20_barcelona_levante,2015-16,train
2015-09-20_la_coruna_sp_gijon,2015-16,train
2015-09-20_las_palmas_vallecano,2015-16,train
2015-09-20_sevilla_celta,2015-16,train
2015-09-20_villarreal_ath_bilbao,2015-16,train
2015-09-22_ath_madrid_getafe,2015-16,train
2015-09-22_espanol_valencia,2015-16,train
2015-09-22_granada_sociedad,2015-16,train
2015-09-23_ath_bilbao_real_madrid,2015-16,train
2015-09-23_celta_barcelona,2015-16,train
2015-09-23_las_palmas_sevilla,2015-16,train
2015-09-23_levante_eibar,2015-16,train
2015-09-23_malaga_villarreal,2015-16,train
2015-09-23_vallecano_sp_gijon,2015-16,train
2015-09-24_betis_la_coruna,2015-16,train
2015-09-25_valencia_granada,2015-16,train
2015-09-26_barcelona_las_palmas,2015-16,train
2015-09-26_eibar_celta,2015-16,train
2015-09-26_real_madrid_malaga,2015-16,train
2015-09-26_sevilla_vallecano,2015-16,train
2015-09-26_villarreal_ath_madrid,2015-16,train
2015-09-27_getafe_levante,2015-16,train
2015-09-27_la_coruna_espanol,2015-16,train
2015-09-27_sociedad_ath_bilbao,2015-16,train
2015-09-27_sp_gijon_betis,2015-16,train
2015-10-02_celta_getafe,2015-16,train
2015-10-03_espanol_sp_gijon,2015-16,train
2015-10-03_granada_la_coruna,2015-16,train
2015-10-03_las_palmas_eibar,2015-16,train
2015-10-03_malaga_sociedad,2015-16,train
2015-10-03_sevilla_barcelona,2015-16,train
2015-10-04_ath_bilbao_valencia,2015-16,train
2015-10-04_ath_madrid_real_madrid,2015-16,train
2015-10-04_levante_villarreal,2015-16,train
2015-10-04_vallecano_betis,2015-16,train
2015-10-17_barcelona_vallecano,2015-16,train
2015-10-17_betis_espanol,2015-16,train
2015-10-17_eibar_sevilla,2015-16,train
2015-10-17_real_madrid_levante,2015-16,train
2015-10-17_valencia_malaga,2015-16,train
2015-10-18_getafe_las_palmas,2015-16,train
2015-10-18_la_coruna_ath_bilbao,2015-16,train
2015-10-18_sociedad_ath_madrid,2015-16,train
2015-10-18_villarreal_celta,2015-16,train
2015-10-19_sp_gijon_granada,2015-16,train
2015-10-23_vallecano_espanol,2015-16,train
2015-10-24_celta_real_madrid,2015-16,train
2015-10-24_granada_betis,2015-16,train
2015-10-24_malaga_la_coruna,2015-16,train
2015-10-24_sevilla_getafe,2015-16,train
2015-10-25_ath_madrid_valencia,2015-16,train
2015-10-25_barcelona_eibar,2015-16,train
2015-10-25_las_palmas_villarreal,2015-16,train
2015-10-25_levante_sociedad,2015-16,train
2015-10-26_ath_bilbao_sp_gijon,2015-16,train
2015-10-30_la_coruna_ath_madrid,2015-16,train
2015-10-31_getafe_barcelona,2015-16,train
2015-10-31_real_madrid_las_palmas,2015-16,train
2015-10-31_sociedad_celta,2015-16,train
2015-10-31_valencia_levante,2015-16,train
2015-10-31_villarreal_sevilla,2015-16,train
2015-11-01_betis_ath_bilbao,2015-16,train
2015-11-01_eibar_vallecano,2015-16,train
2015-11-01_espanol_granada,2015-16,train
2015-11-01_sp_gijon_malaga,2015-16,train
2015-11-06_las_palmas_sociedad,2015-16,train
2015-11-07_celta_valencia,2015-16,train
2015-11-07_eibar_getafe,2015-16,train
2015-11-07_levante_la_coruna,2015-16,train
2015-11-07_malaga_betis,2015-16,train
2015-11-07_vallecano_granada,2015-16,train
2015-11-08_ath_bilbao_espanol,2015-16,train
2015-11-08_ath_madrid_sp_gijon,2015-16,train
2015-11-08_barcelona_villarreal,2015-16,train
2015-11-08_sevilla_real_madrid,2015-16,train
2015-11-21_espanol_malaga,2015-16,train
2015-11-21_la_coruna_celta,2015-16,train
2015-11-21_real_madrid_barcelona,2015-16,train
2015-11-21_sociedad_sevilla,2015-16,train
2015-11-21_valencia_las_palmas,2015-16,train
2015-11-22_betis_ath_madrid,2015-16,train
2015-11-22_granada_ath_bilbao,2015-16,train
2015-11-22_sp_gijon_levante,2015-16,train
2015-11-22_villarreal_eibar,2015-16,train
2015-11-23_getafe_vallecano,2015-16,train
2015-11-27_levante_betis,2015-16,train
2015-11-28_ath_madrid_espanol,2015-16,train
2015-11-28_barcelona_sociedad,2015-16,train
2015-11-28_celta_sp_gijon,2015-16,train
2015-11-28_las_palmas_la_coruna,2015-16,train
2015-11-28_malaga_granada,2015-16,train
2015-11-29_eibar_real_madrid,2015-16,train
2015-11-29_getafe_villarreal,2015-16,train
2015-11-29_sevilla_valencia,2015-16,train
2015-11-29_vallecano_ath_bilbao,2015-16,train
2015-12-05_betis_celta,2015-16,train
2015-12-05_granada_ath_madrid,2015-16,train
2015-12-05_la_coruna_sevilla,2015-16,train
2015-12-05_real_madrid_getafe,2015-16,train
2015-12-05_valencia_barcelona,2015-16,train
2015-12-06_ath_bilbao_malaga,2015-16,train
2015-12-06_sociedad_eibar,2015-16,train
2015-12-06_sp_gijon_las_palmas,2015-16,train
2015-12-06_villarreal_vallecano,2015-16,train
2015-12-07_espanol_levante,2015-16,train
2015-12-11_getafe_sociedad,2015-16,train
2015-12-12_barcelona_la_coruna,2015-16,train
2015-12-12_celta_espanol,2015-16,train
2015-12-12_las_palmas_betis,2015-16,train
2015-12-12_levante_granada,2015-16,train
2015-12-12_sevilla_sp_gijon,2015-16,train
2015-12-13_ath_madrid_ath_bilbao,2015-16,train
2015-12-13_eibar_valencia,2015-16,train
2015-12-13_vallecano_malaga,2015-16,train
2015-12-13_villarreal_real_madrid,2015-16,train
2015-12-19_betis_sevilla,2015-16,train
2015-12-19_espanol_las_palmas,2015-16,train
2015-12-19_la_coruna_eibar,2015-16,train
2015-12-19_valencia_getafe,2015-16,train
2015-12-20_ath_bilbao_levante,2015-16,train
2015-12-20_granada_celta,2015-16,train
2015-12-20_malaga_ath_madrid,2015-16,train
2015-12-20_real_madrid_vallecano,2015-16,train
2015-12-20_sociedad_villarreal,2015-16,train
2015-12-30_barcelona_betis,2015-16,train
2015-12-30_celta_ath_bilbao,2015-16,train
2015-12-30_eibar_sp_gijon,2015-16,train
2015-12-30_getafe_la_coruna,2015-16,train
2015-12-30_las_palmas_granada,2015-16,train
2015-12-30_levante_malaga,2015-16,train
2015-12-30_real_madrid_sociedad,2015-16,train
2015-12-30_sevilla_espanol,2015-16,train
2015-12-30_vallecano_ath_madrid,2015-16,train
2015-12-31_villarreal_valencia,2015-16,train
2016-01-02_ath_madrid_levante,2015-16,train
2016-01-02_espanol_barcelona,2015-16,train
2016-01-02_malaga_celta,2015-16,train
2016-01-03_ath_bilbao_las_palmas,2015-16,train
2016-01-03_betis_eibar,2015-16,train
2016-01-03_granada_sevilla,2015-16,train
2016-01-03_la_coruna_villarreal,2015-16,train
2016-01-03_valencia_real_madrid,2015-16,train
2016-01-03_vallecano_sociedad,2015-16,train
2016-01-04_sp_gijon_getafe,2015-16,train
2016-01-09_barcelona_granada,2015-16,train
2016-01-09_getafe_betis,2015-16,train
2016-01-09_levante_vallecano,2015-16,train
2016-01-09_real_madrid_la_coruna,2015-16,train
2016-01-09_sevilla_ath_bilbao,2015-16,train
2016-01-10_celta_ath_madrid,2015-16,train
2016-01-10_eibar_espanol,2015-16,train
2016-01-10_las_palmas_malaga,2015-16,train
2016-01-10_sociedad_valencia,2015-16,train
2016-01-10_villarreal_sp_gijon,2015-16,train
2016-01-16_celta_levante,2015-16,train
2016-01-16_sevilla_malaga,2015-16,train
2016-01-16_sociedad_la_coruna,2015-16,train
2016-01-16_villarreal_betis,2015-16,train
2016-01-17_barcelona_ath_bilbao,2015-16,train
2016-01-17_getafe_espanol,2015-16,train
2016-01-17_las_palmas_ath_madrid,2015-16,train
2016-01-17_real_madrid_sp_gijon,2015-16,train
2016-01-17_valencia_vallecano,2015-16,train
2016-01-18_eibar_granada,2015-16,train
2016-01-22_sp_gijon_sociedad,2015-16,train
2016-01-23_espanol_villarreal,2015-16,train
2016-01-23_granada_getafe,2015-16,train
2016-01-23_malaga_barcelona,2015-16,train
2016-01-23_vallecano_celta,2015-16,train
2016-01-24_ath_bilbao_eibar,2015-16,train
2016-01-24_ath_madrid_sevilla,2015-16,train
2016-01-24_betis_real_madrid,2015-16,train
2016-01-24_la_coruna_valencia,2015-16,train
2016-01-25_levante_las_palmas,2015-16,train
2016-01-30_barcelona_ath_madrid,2015-16,train
2016-01-30_eibar_malaga,2015-16,train
2016-01-30_getafe_ath_bilbao,2015-16,train
2016-01-30_sociedad_betis,2015-16,train
2016-01-30_villarreal_granada,2015-16,train
2016-01-31_las_palmas_celta,2015-16,train
2016-01-31_real_madrid_espanol,2015-16,train
2016-01-31_sevilla_levante,2015-16,train
2016-01-31_valencia_sp_gijon,2015-16,train
2016-02-01_la_coruna_vallecano,2015-16,train
2016-02-05_malaga_getafe,2015-16,train
2016-02-06_ath_bilbao_villarreal,2015-16,train
2016-02-06_ath_madrid_eibar,2015-16,train
2016-02-06_sp_gijon_la_coruna,2015-16,train
2016-02-06_vallecano_las_palmas,2015-16,train
2016-02-07_betis_valencia,2015-16,train
2016-02-07_celta_sevilla,2015-16,train
2016-02-07_granada_real_madrid,2015-16,train
2016-02-07_levante_barcelona,2015-16,train
2016-02-08_espanol_sociedad,2015-16,train
2016-02-12_sp_gijon_vallecano,2015-16,train
2016-02-13_la_coruna_betis,2015-16,train
2016-02-13_real_madrid_ath_bilbao,2015-16,train
2016-02-13_valencia_espanol,2015-16,train
2016-02-13_villarreal_malaga,2015-16,train
2016-02-14_barcelona_celta,2015-16,train
2016-02-14_eibar_levante,2015-16,train
2016-02-14_getafe_ath_madrid,2015-16,train
2016-02-14_sevilla_las_palmas,2015-16,train
2016-02-14_sociedad_granada,2015-16,train
2016-02-17_sp_gijon_barcelona,2015-16,train
2016-02-19_levante_getafe,2015-16,train
2016-02-20_betis_sp_gijon,2015-16,train
2016-02-20_celta_eibar,2015-16,train
2016-02-20_espanol_la_coruna,2015-16,train
2016-02-20_las_palmas_barcelona,2015-16,train
2016-02-21_ath_bilbao_sociedad,2015-16,train
2016-02-21_ath_madrid_villarreal,2015-16,train
2016-02-21_granada_valencia,2015-16,train
2016-02-21_malaga_real_madrid,2015-16,train
2016-02-21_vallecano_sevilla,2015-16,train
2016-02-26_eibar_las_palmas,2015-16,train
2016-02-27_betis_vallecano,2015-16,train
2016-02-27_getafe_celta,2015-16,train
2016-02-27_real_madrid_ath_madrid,2015-16,train
2016-02-27_sociedad_malaga,2015-16,train
2016-02-27_sp_gijon_espanol,2015-16,train
2016-02-28_barcelona_sevilla,2015-16,train
2016-02-28_la_coruna_granada,2015-16,train
2016-02-28_valencia_ath_bilbao,2015-16,train
2016-02-28_villarreal_levante,2015-16,train
2016-03-01_ath_madrid_sociedad,2015-16,train
2016-03-01_las_palmas_getafe,2015-16,train
2016-03-02_ath_bilbao_la_coruna,2015-16,train
2016-03-02_celta_villarreal,2015-16,train
2016-03-02_levante_real_madrid,2015-16,train
2016-03-02_malaga_valencia,2015-16,train
2016-03-02_sevilla_eibar,2015-16,train
2016-03-03_espanol_betis,2015-16,train
2016-03-03_granada_sp_gijon,2015-16,train
2016-03-03_vallecano_barcelona,2015-16,train
2016-03-05_getafe_sevilla,2015-16,train
2016-03-05_la_coruna_malaga,2015-16,train
2016-03-05_real_madrid_celta,2015-16,train
2016-03-05_villarreal_las_palmas,2015-16,train
2016-03-06_betis_granada,2015-16,train
2016-03-06_eibar_barcelona,2015-16,train
2016-03-06_sociedad_levante,2015-16,train
2016-03-06_sp_gijon_ath_bilbao,2015-16,train
2016-03-06_valencia_ath_madrid,2015-16,train
2016-03-07_espanol_vallecano,2015-16,train
2016-03-11_malaga_sp_gijon,2015-16,train
2016-03-12_ath_madrid_la_coruna,2015-16,train
2016-03-12_barcelona_getafe,2015-16,train
2016-03-12_celta_sociedad,2015-16,train
2016-03-12_vallecano_eibar,2015-16,train
2016-03-13_ath_bilbao_betis,2015-16,train
2016-03-13_las_palmas_real_madrid,2015-16,train
2016-03-13_levante_valencia,2015-16,train
2016-03-13_sevilla_villarreal,2015-16,train
2016-03-14_granada_espanol,2015-16,train
2016-03-18_getafe_eibar,2015-16,train
2016-03-19_betis_malaga,2015-16,train
2016-03-19_granada_vallecano,2015-16,train
2016-03-19_la_coruna_levante,2015-16,train
2016-03-19_sociedad_las_palmas,2015-16,train
2016-03-19_sp_gijon_ath_madrid,2015-16,train
2016-03-20_espanol_ath_bilbao,2015-16,train
2016-03-20_real_madrid_sevilla,2015-16,train
2016-03-20_valencia_celta,2015-16,train
2016-03-20_villarreal_barcelona,2015-16,train
2016-04-01_vallecano_getafe,2015-16,train
2016-04-02_ath_madrid_betis,2015-16,train
2016-04-02_barcelona_real_madrid,2015-16,train
2016-04-02_celta_la_coruna,2015-16,train
2016-04-02_las_palmas_valencia,2015-16,train
2016-04-03_ath_bilbao_granada,2015-16,train
2016-04-03_eibar_villarreal,2015-16,train
2016-04-03_malaga_espanol,2015-16,train
2016-04-03_sevilla_sociedad,2015-16,train
2016-04-04_levante_sp_gijon,2015-16,train
2016-04-08_granada_malaga,2015-16,train
2016-04-09_betis_levante,2015-16,train
2016-04-09_espanol_ath_madrid,2015-16,train
2016-04-09_real_madrid_eibar,2015-16,train
2016-04-09_sociedad_barcelona,2015-16,train
2016-04-10_ath_bilbao_vallecano,2015-16,train
2016-04-10_sp_gijon_celta,2015-16,train
2016-04-10_valencia_sevilla,2015-16,train
2016-04-10_villarreal_getafe,2015-16,train
2016-04-11_la_coruna_las_palmas,2015-16,train
2016-04-15_levante_espanol,2015-16,train
2016-04-16_celta_betis,2015-16,train
2016-04-16_eibar_sociedad,2015-16,train
2016-04-16_getafe_real_madrid,2015-16,train
2016-04-16_las_palmas_sp_gijon,2015-16,train
2016-04-17_ath_madrid_granada,2015-16,train
2016-04-17_barcelona_valencia,2015-16,train
2016-04-17_malaga_ath_bilbao,2015-16,train
2016-04-17_sevilla_la_coruna,2015-16,train
2016-04-17_vallecano_villarreal,2015-16,train
2016-04-19_betis_las_palmas,2015-16,train
2016-04-19_espanol_celta,2015-16,train
2016-04-20_ath_bilbao_ath_madrid,2015-16,train
2016-04-20_la_coruna_barcelona,2015-16,train
2016-04-20_malaga_vallecano,2015-16,train
2016-04-20_real_madrid_villarreal,2015-16,train
2016-04-20_sp_gijon_sevilla,2015-16,train
2016-04-20_valencia_eibar,2015-16,train
2016-04-21_granada_levante,2015-16,train
2016-04-21_sociedad_getafe,2015-16,train
2016-04-22_las_palmas_espanol,2015-16,train
2016-04-23_ath_madrid_malaga,2015-16,train
2016-04-23_barcelona_sp_gijon,2015-16,train
2016-04-23_eibar_la_coruna,2015-16,train
2016-04-23_vallecano_real_madrid,2015-16,train
2016-04-24_getafe_valencia,2015-16,train
2016-04-24_levante_ath_bilbao,2015-16,train
2016-04-24_sevilla_betis,2015-16,train
2016-04-24_villarreal_sociedad,2015-16,train
2016-04-25_celta_granada,2015-16,train
2016-04-29_sp_gijon_eibar,2015-16,train
2016-04-30_ath_madrid_vallecano,2015-16,train
2016-04-30_betis_barcelona,2015-16,train
2016-04-30_granada_las_palmas,2015-16,train
2016-04-30_sociedad_real_madrid,2015-16,train
2016-05-01_ath_bilbao_celta,2015-16,train
2016-05-01_espanol_sevilla,2015-16,train
2016-05-01_la_coruna_getafe,2015-16,train
2016-05-01_valencia_villarreal,2015-16,train
2016-05-02_malaga_levante,2015-16,train
2016-05-08_barcelona_espanol,2015-16,train
2016-05-08_celta_malaga,2015-16,train
2016-05-08_eibar_betis,2015-16,train
2016-05-08_getafe_sp_gijon,2015-16,train
2016-05-08_las_palmas_ath_bilbao,2015-16,train
2016-05-08_levante_ath_madrid,2015-16,train
2016-05-08_real_madrid_valencia,2015-16,train
2016-05-08_sevilla_granada,2015-16,train
2016-05-08_sociedad_vallecano,2015-16,train
2016-05-08_villarreal_la_coruna,2015-16,train
2016-05-13_valencia_sociedad,2015-16,train
2016-05-14_ath_bilbao_sevilla,2015-16,train
2016-05-14_ath_madrid_celta,2015-16,train
2016-05-14_granada_barcelona,2015-16,train
2016-05-14_la_coruna_real_madrid,2015-16,train
2016-05-15_betis_getafe,2015-16,train
2016-05-15_espanol_eibar,2015-16,train
2016-05-15_malaga_las_palmas,2015-16,train
2016-05-15_sp_gijon_villarreal,2015-16,train
2016-05-15_vallecano_levante,2015-16,train
2016-08-19_la_coruna_eibar,2016-17,train
2016-08-19_malaga_osasuna,2016-17,train
2016-08-20_barcelona_betis,2016-17,train
2016-08-20_granada_villarreal,2016-17,train
2016-08-20_sevilla_espanol,2016-17,train
2016-08-21_ath_madrid_alaves,2016-17,train
2016-08-21_sociedad_real_madrid,2016-17,train
2016-08-21_sp_gijon_ath_bilbao,2016-17,train
2016-08-22_celta_leganes,2016-17,train
2016-08-22_valencia_las_palmas,2016-17,train
2016-08-26_betis_la_coruna,2016-17,train
2016-08-26_espanol_malaga,2016-17,train
2016-08-27_eibar_valencia,2016-17,train
2016-08-27_leganes_ath_madrid,2016-17,train
2016-08-27_osasuna_sociedad,2016-17,train
2016-08-27_real_madrid_celta,2016-17,train
2016-08-28_alaves_sp_gijon,2016-17,train
2016-08-28_ath_bilbao_barcelona,2016-17,train
2016-08-28_las_palmas_granada,2016-17,train
2016-08-28_villarreal_sevilla,2016-17,train
2016-09-09_sociedad_espanol,2016-17,train
2016-09-10_barcelona_alaves,2016-17,train
2016-09-10_celta_ath_madrid,2016-17,train
2016-09-10_malaga_villarreal,2016-17,train
2016-09-10_real_madrid_osasuna,2016-17,train
2016-09-10_sevilla_las_palmas,2016-17,train
2016-09-11_granada_eibar,2016-17,train
2016-09-11_la_coruna_ath_bilbao,2016-17,train
2016-09-11_sp_gijon_leganes,2016-17,train
2016-09-11_valencia_betis,2016-17,train
2016-09-16_betis_granada,2016-17,train
2016-09-17_ath_madrid_sp_gijon,2016-17,train
2016-09-17_eibar_sevilla,2016-17,train
2016-09-17_las_palmas_malaga,2016-17,train
2016-09-17_leganes_barcelona,2016-17,train
2016-09-18_ath_bilbao_valencia,2016-17,train
2016-09-18_espanol_real_madrid,2016-17,train
2016-09-18_osasuna_celta,2016-17,train
2016-09-18_villarreal_sociedad,2016-17,train
2016-09-19_alaves_la_coruna,2016-17,train
2016-09-20_malaga_eibar,2016-17,train
2016-09-20_sevilla_betis,2016-17,train
2016-09-21_barcelona_ath_madrid,2016-17,train
2016-09-21_celta_sp_gijon,2016-17,train
2016-09-21_granada_ath_bilbao,2016-17,train
2016-09-21_real_madrid_villarreal,2016-17,train
2016-09-21_sociedad_las_palmas,2016-17,train
2016-09-22_la_coruna_leganes,2016-17,train
2016-09-22_osasuna_espanol,2016-17,train
2016-09-22_valencia_alaves,2016-17,train
2016-09-23_betis_malaga,2016-17,train
2016-09-24_ath_bilbao_sevilla,2016-17,train
2016-09-24_eibar_sociedad,2016-17,train
2016-09-24_las_palmas_real_madrid,2016-17,train
2016-09-24_sp_gijon_barcelona,2016-17,train
2016-09-25_ath_madrid_la_coruna,2016-17,train
2016-09-25_espanol_celta,2016-17,train
2016-09-25_leganes_valencia,2016-17,train
2016-09-25_villarreal_osasuna,2016-17,train
2016-09-26_alaves_granada,2016-17,train
2016-09-30_sociedad_betis,2016-17,train
2016-10-01_granada_leganes,2016-17,train
2016-10-01_la_coruna_sp_gijon,2016-17,train
2016-10-01_osasuna_las_palmas,2016-17,train
2016-10-01_sevilla_alaves,2016-17,train
2016-10-02_celta_barcelona,2016-17,train
2016-10-02_espanol_villarreal,2016-17,train
2016-10-02_malaga_ath_bilbao,2016-17,train
2016-10-02_real_madrid_eibar,2016-17,train
2016-10-02_valencia_ath_madrid,2016-17,train
2016-10-14_las_palmas_espanol,2016-17,train
2016-10-15_ath_madrid_granada,2016-17,train
2016-10-15_barcelona_la_coruna,2016-17,train
2016-10-15_betis_real_madrid,2016-17,train
2016-10-15_leganes_sevilla,2016-17,train
2016-10-16_alaves_malaga,2016-17,train
2016-10-16_ath_bilbao_sociedad,2016-17,train
2016-10-16_sp_gijon_valencia,2016-17,train
2016-10-16_villarreal_celta,2016-17,train
2016-10-17_eibar_osasuna,2016-17,train
2016-10-21_osasuna_betis,2016-17,train
2016-10-22_espanol_eibar,2016-17,train
2016-10-22_granada_sp_gijon,2016-17,train
2016-10-22_sociedad_alaves,2016-17,train
2016-10-22_valencia_barcelona,2016-17,train
2016-10-23_celta_la_coruna,2016-17,train
2016-10-23_malaga_leganes,2016-17,train
2016-10-23_real_madrid_ath_bilbao,2016-17,train
2016-10-23_sevilla_ath_madrid,2016-17,train
2016-10-23_villarreal_las_palmas,2016-17,train
2016-10-28_leganes_sociedad,2016-17,train
2016-10-29_alaves_real_madrid,2016-17,train
2016-10-29_ath_madrid_malaga,2016-17,train
2016-10-29_barcelona_granada,2016-17,train
2016-10-29_sp_gijon_sevilla,2016-17,train
2016-10-30_ath_bilbao_osasuna,2016-17,train
2016-10-30_betis_espanol,2016-17,train
2016-10-30_eibar_villarreal,2016-17,train
2016-10-30_las_palmas_celta,2016-17,train
2016-10-31_la_coruna_valencia,2016-17,train
2016-11-04_malaga_sp_gijon,2016-17,train
2016-11-05_granada_la_coruna,2016-17,train
2016-11-05_las_palmas_eibar,2016-17,train
2016-11-05_osasuna_alaves,2016-17,train
2016-11-05_sociedad_ath_madrid,2016-17,train
2016-11-06_celta_valencia,2016-17,train
2016-11-06_espanol_ath_bilbao,2016-17,train
2016-11-06_real_madrid_leganes,2016-17,train
2016-11-06_sevilla_barcelona,2016-17,train
2016-11-06_villarreal_betis,2016-17,train
2016-11-18_betis_las_palmas,2016-17,train
2016-11-19_ath_madrid_real_madrid,2016-17,train
2016-11-19_barcelona_malaga,2016-17,train
2016-11-19_eibar_celta,2016-17,train
2016-11-19_la_coruna_sevilla,2016-17,train
2016-11-20_alaves_espanol,2016-17,train
2016-11-20_ath_bilbao_villarreal,2016-17,train
2016-11-20_sp_gijon_sociedad,2016-17,train
2016-11-20_valencia_granada,2016-17,train
2016-11-21_leganes_osasuna,2016-17,train
2016-11-25_eibar_betis,2016-17,train
2016-11-26_espanol_leganes,2016-17,train
2016-11-26_malaga_la_coruna,2016-17,train
2016-11-26_real_madrid_sp_gijon,2016-17,train
2016-11-26_sevilla_valencia,2016-17,train
2016-11-27_celta_granada,2016-17,train
2016-11-27_osasuna_ath_madrid,2016-17,train
2016-11-27_sociedad_barcelona,2016-17,train
2016-11-27_villarreal_alaves,2016-17,train
2016-11-28_las_palmas_ath_bilbao,2016-17,train
2016-12-03_ath_madrid_espanol,2016-17,train
2016-12-03_barcelona_real_madrid,2016-17,train
2016-12-03_granada_sevilla,2016-17,train
2016-12-03_leganes_villarreal,2016-17,train
2016-12-04_alaves_las_palmas,2016-17,train
2016-12-04_ath_bilbao_eibar,2016-17,train
2016-12-04_betis_celta,2016-17,train
2016-12-04_sp_gijon_osasuna,2016-17,train
2016-12-04_valencia_malaga,2016-17,train
2016-12-05_la_coruna_sociedad,2016-17,train
2016-12-09_malaga_granada,2016-17,train
2016-12-10_las_palmas_leganes,2016-17,train
2016-12-10_osasuna_barcelona,2016-17,train
2016-12-10_real_madrid_la_coruna,2016-17,train
2016-12-10_sociedad_valencia,2016-17,train
2016-12-11_betis_ath_bilbao,2016-17,train
2016-12-11_celta_sevilla,2016-17,train
2016-12-11_eibar_alaves,2016-17,train
2016-12-11_espanol_sp_gijon,2016-17,train
2016-12-12_villarreal_ath_madrid,2016-17,train
2016-12-16_alaves_betis,2016-17,train
2016-12-17_ath_madrid_las_palmas,2016-17,train
2016-12-17_granada_sociedad,2016-17,train
2016-12-17_sevilla_malaga,2016-17,train
2016-12-17_sp_gijon_villarreal,2016-17,train
2016-12-18_barcelona_espanol,2016-17,train
2016-12-18_la_coruna_osasuna,2016-17,train
2016-12-18_leganes_eibar,2016-17,train
2016-12-19_ath_bilbao_celta,2016-17,train
2017-01-06_espanol_la_coruna,2016-17,train
2017-01-07_eibar_ath_madrid,2016-17,train
2017-01-07_las_palmas_sp_gijon,2016-17,train
2017-01-07_real_madrid_granada,2016-17,train
2017-01-07_sociedad_sevilla,2016-17,train
2017-01-08_ath_bilbao_alaves,2016-17,train
2017-01-08_betis_leganes,2016-17,train
2017-01-08_celta_malaga,2016-17,train
2017-01-08_villarreal_barcelona,2016-17,train
2017-01-09_osasuna_valencia,2016-17,train
2017-01-14_ath_madrid_betis,2016-17,train
2017-01-14_barcelona_las_palmas,2016-17,train
2017-01-14_la_coruna_villarreal,2016-17,train
2017-01-14_leganes_ath_bilbao,2016-17,train
2017-01-15_celta_alaves,2016-17,train
2017-01-15_granada_osasuna,2016-17,train
2017-01-15_sevilla_real_madrid,2016-17,train
2017-01-15_sp_gijon_eibar,2016-17,train
2017-01-15_valencia_espanol,2016-17,train
2017-01-16_malaga_sociedad,2016-17,train
2017-01-20_las_palmas_la_coruna,2016-17,train
2017-01-21_alaves_leganes,2016-17,train
2017-01-21_espanol_granada,2016-17,train
2017-01-21_real_madrid_malaga,2016-17,train
2017-01-21_villarreal_valencia,2016-17,train
2017-01-22_ath_bilbao_ath_madrid,2016-17,train
2017-01-22_betis_sp_gijon,2016-17,train
2017-01-22_eibar_barcelona,2016-17,train
2017-01-22_osasuna_sevilla,2016-17,train
2017-01-22_sociedad_celta,2016-17,train
2017-01-27_osasuna_malaga,2016-17,train
2017-01-28_alaves_ath_madrid,2016-17,train
2017-01-28_eibar_la_coruna,2016-17,train
2017-01-28_leganes_celta,2016-17,train
2017-01-28_villarreal_granada,2016-17,train
2017-01-29_ath_bilbao_sp_gijon,2016-17,train
2017-01-29_betis_barcelona,2016-17,train
2017-01-29_espanol_sevilla,2016-17,train
2017-01-29_real_madrid_sociedad,2016-17,train
2017-01-30_las_palmas_valencia,2016-17,train
2017-02-04_ath_madrid_leganes,2016-17,train
2017-02-04_barcelona_ath_bilbao,2016-17,train
2017-02-04_malaga_espanol,2016-17,train
2017-02-04_valencia_eibar,2016-17,train
2017-02-05_sevilla_villarreal,2016-17,train
2017-02-05_sociedad_osasuna,2016-17,train
2017-02-05_sp_gijon_alaves,2016-17,train
2017-02-06_granada_las_palmas,2016-17,train
2017-02-10_espanol_sociedad,2016-17,train
2017-02-11_alaves_barcelona,2016-17,train
2017-02-11_ath_bilbao_la_coruna,2016-17,train
2017-02-11_betis_valencia,2016-17,train
2017-02-11_osasuna_real_madrid,2016-17,train
2017-02-12_ath_madrid_celta,2016-17,train
2017-02-12_las_palmas_sevilla,2016-17,train
2017-02-12_leganes_sp_gijon,2016-17,train
2017-02-12_villarreal_malaga,2016-17,train
2017-02-13_eibar_granada,2016-17,train
2017-02-17_granada_betis,2016-17,train
2017-02-18_la_coruna_alaves,2016-17,train
2017-02-18_real_madrid_espanol,2016-17,train
2017-02-18_sevilla_eibar,2016-17,train
2017-02-18_sp_gijon_ath_madrid,2016-17,train
2017-02-19_barcelona_leganes,2016-17,train
2017-02-19_celta_osasuna,2016-17,train
2017-02-19_sociedad_villarreal,2016-17,train
2017-02-19_valencia_ath_bilbao,2016-17,train
2017-02-20_malaga_las_palmas,2016-17,train
2017-02-22_valencia_real_madrid,2016-17,train
2017-02-24_las_palmas_sociedad,2016-17,train
2017-02-25_alaves_valencia,2016-17,train
2017-02-25_betis_sevilla,2016-17,train
2017-02-25_eibar_malaga,2016-17,train
2017-02-25_leganes_la_coruna,2016-17,train
2017-02-26_ath_bilbao_granada,2016-17,train
2017-02-26_ath_madrid_barcelona,2016-17,train
2017-02-26_espanol_osasuna,2016-17,train
2017-02-26_sp_gijon_celta,2016-17,train
2017-02-26_villarreal_real_madrid,2016-17,train
2017-02-28_malaga_betis,2016-17,train
2017-02-28_sociedad_eibar,2016-17,train
2017-02-28_valencia_leganes,2016-17,train
2017-03-01_barcelona_sp_gijon,2016-17,train
2017-03-01_celta_espanol,2016-17,train
2017-03-01_granada_alaves,2016-17,train
2017-03-01_osasuna_villarreal,2016-17,train
2017-03-01_real_madrid_las_palmas,2016-17,train
2017-03-02_la_coruna_ath_madrid,2016-17,train
2017-03-02_sevilla_ath_bilbao,2016-17,train
2017-03-03_betis_sociedad,2016-17,train
2017-03-04_barcelona_celta,2016-17,train
2017-03-04_eibar_real_madrid,2016-17,train
2017-03-04_leganes_granada,2016-17,train
2017-03-04_villarreal_espanol,2016-17,train
2017-03-05_ath_bilbao_malaga,2016-17,train
2017-03-05_ath_madrid_valencia,2016-17,train
2017-03-05_las_palmas_osasuna,2016-17,train
2017-03-05_sp_gijon_la_coruna,2016-17,train
2017-03-06_alaves_sevilla,2016-17,train
2017-03-08_la_coruna_betis,2016-17,train
2017-03-10_espanol_las_palmas,2016-17,train
2017-03-11_granada_ath_madrid,2016-17,train
2017-03-11_malaga_alaves,2016-17,train
2017-03-11_sevilla_leganes,2016-17,train
2017-03-11_valencia_sp_gijon,2016-17,train
2017-03-12_celta_villarreal,2016-17,train
2017-03-12_la_coruna_barcelona,2016-17,train
2017-03-12_real_madrid_betis,2016-17,train
2017-03-12_sociedad_ath_bilbao,2016-17,train
2017-03-13_osasuna_eibar,2016-17,train
2017-03-17_las_palmas_villarreal,2016-17,train
2017-03-18_alaves_sociedad,2016-17,train
2017-03-18_ath_bilbao_real_madrid,2016-17,train
2017-03-18_betis_osasuna,2016-17,train
2017-03-18_eibar_espanol,2016-17,train
2017-03-19_ath_madrid_sevilla,2016-17,train
2017-03-19_barcelona_valencia,2016-17,train
2017-03-19_la_coruna_celta,2016-17,train
2017-03-19_leganes_malaga,2016-17,train
2017-03-19_sp_gijon_granada,2016-17,train
2017-03-31_espanol_betis,2016-17,train
2017-04-01_malaga_ath_madrid,2016-17,train
2017-04-01_osasuna_ath_bilbao,2016-17,train
2017-04-01_sociedad_leganes,2016-17,train
2017-04-01_villarreal_eibar,2016-17,train
2017-04-02_granada_barcelona,2016-17,train
2017-04-02_real_madrid_alaves,2016-17,train
2017-04-02_sevilla_sp_gijon,2016-17,train
2017-04-02_valencia_la_coruna,2016-17,train
2017-04-03_celta_las_palmas,2016-17,train
2017-04-04_ath_bilbao_espanol,2016-17,train
2017-04-04_ath_madrid_sociedad,2016-17,train
2017-04-04_betis_villarreal,2016-17,train
2017-04-05_alaves_osasuna,2016-17,train
2017-04-05_barcelona_sevilla,2016-17,train
2017-04-05_la_coruna_granada,2016-17,train
2017-04-05_leganes_real_madrid,2016-17,train
2017-04-05_sp_gijon_malaga,2016-17,train
2017-04-06_eibar_las_palmas,2016-17,train
2017-04-06_valencia_celta,2016-17,train
2017-04-07_villarreal_ath_bilbao,2016-17,train
2017-04-08_espanol_alaves,2016-17,train
2017-04-08_malaga_barcelona,2016-17,train
2017-04-08_real_madrid_ath_madrid,2016-17,train
2017-04-08_sevilla_la_coruna,2016-17,train
2017-04-09_celta_eibar,2016-17,train
2017-04-09_granada_valencia,2016-17,train
2017-04-09_las_palmas_betis,2016-17,train
2017-04-09_osasuna_leganes,2016-17,train
2017-04-10_sociedad_sp_gijon,2016-17,train
2017-04-14_ath_bilbao_las_palmas,2016-17,train
2017-04-15_ath_madrid_osasuna,2016-17,train
2017-04-15_barcelona_sociedad,2016-17,train
2017-04-15_la_coruna_malaga,2016-17,train
2017-04-15_sp_gijon_real_madrid,2016-17,train
2017-04-16_betis_eibar,2016-17,train
2017-04-16_granada_celta,2016-17,train
2017-04-16_leganes_espanol,2016-17,train
2017-04-16_valencia_sevilla,2016-17,train
2017-04-17_alaves_villarreal,2016-17,train
2017-04-21_sevilla_granada,2016-17,train
2017-04-22_espanol_ath_madrid,2016-17,train
2017-04-22_malaga_valencia,2016-17,train
2017-04-22_osasuna_sp_gijon,2016-17,train
2017-04-22_villarreal_leganes,2016-17,train
2017-04-23_celta_betis,2016-17,train
2017-04-23_las_palmas_alaves,2016-17,train
2017-04-23_real_madrid_barcelona,2016-17,train
2017-04-23_sociedad_la_coruna,2016-17,train
2017-04-24_eibar_ath_bilbao,2016-17,train
2017-04-25_ath_madrid_villarreal,2016-17,train
2017-04-25_granada_malaga,2016-17,train
2017-04-25_sp_gijon_espanol,2016-17,train
2017-04-26_barcelona_osasuna,2016-17,train
2017-04-26_la_coruna_real_madrid,2016-17,train
2017-04-26_leganes_las_palmas,2016-17,train
2017-04-26_valencia_sociedad,2016-17,train
2017-04-27_alaves_eibar,2016-17,train
2017-04-27_ath_bilbao_betis,2016-17,train
2017-04-27_sevilla_celta,2016-17,train
2017-04-28_villarreal_sp_gijon,2016-17,train
2017-04-29_espanol_barcelona,2016-17,train
2017-04-29_las_palmas_ath_madrid,2016-17,train
2017-04-29_real_madrid_valencia,2016-17,train
2017-04-29_sociedad_granada,2016-17,train
2017-04-30_betis_alaves,2016-17,train
2017-04-30_celta_ath_bilbao,2016-17,train
2017-04-30_eibar_leganes,2016-17,train
2017-04-30_osasuna_la_coruna,2016-17,train
2017-05-01_malaga_sevilla,2016-17,train
2017-05-05_sevilla_sociedad,2016-17,train
2017-05-06_ath_madrid_eibar,2016-17,train
2017-05-06_barcelona_villarreal,2016-17,train
2017-05-06_granada_real_madrid,2016-17,train
2017-05-06_sp_gijon_las_palmas,2016-17,train
2017-05-07_alaves_ath_bilbao,2016-17,train
2017-05-07_la_coruna_espanol,2016-17,train
2017-05-07_malaga_celta,2016-17,train
2017-05-07_valencia_osasuna,2016-17,train
2017-05-08_leganes_betis,2016-17,train
2017-05-13_espanol_valencia,2016-17,train
2017-05-13_osasuna_granada,2016-17,train
2017-05-14_alaves_celta,2016-17,train
2017-05-14_ath_bilbao_leganes,2016-17,train
2017-05-14_betis_ath_madrid,2016-17,train
2017-05-14_eibar_sp_gijon,2016-17,train
2017-05-14_las_palmas_barcelona,2016-17,train
2017-05-14_real_madrid_sevilla,2016-17,train
2017-05-14_sociedad_malaga,2016-17,train
2017-05-14_villarreal_la_coruna,2016-17,train
2017-05-17_celta_real_madrid,2016-17,train
2017-05-19_granada_espanol,2016-17,train
2017-05-20_la_coruna_las_palmas,2016-17,train
2017-05-20_leganes_alaves,2016-17,train
2017-05-20_sevilla_osasuna,2016-17,train
2017-05-20_sp_gijon_betis,2016-17,train
2017-05-21_ath_madrid_ath_bilbao,2016-17,train
2017-05-21_barcelona_eibar,2016-17,train
2017-05-21_celta_sociedad,2016-17,train
2017-05-21_malaga_real_madrid,2016-17,train
2017-05-21_valencia_villarreal,2016-17,train
2017-08-18_leganes_alaves,2017-18,train
2017-08-18_valencia_las_palmas,2017-18,train
2017-08-19_celta_sociedad,2017-18,train
2017-08-19_girona_ath_madrid,2017-18,train
2017-08-19_sevilla_espanol,2017-18,train
2017-08-20_ath_bilbao_getafe,2017-18,train
2017-08-20_barcelona_betis,2017-18,train
2017-08-20_la_coruna_real_madrid,2017-18,train
2017-08-21_levante_villarreal,2017-18,train
2017-08-21_malaga_eibar,2017-18,train
2017-08-25_betis_celta,2017-18,train
2017-08-25_sociedad_villarreal,2017-18,train
2017-08-26_alaves_barcelona,2017-18,train
2017-08-26_girona_malaga,2017-18,train
2017-08-26_las_palmas_ath_madrid,2017-18,train
2017-08-26_levante_la_coruna,2017-18,train
2017-08-27_eibar_ath_bilbao,2017-18,train
2017-08-27_espanol_leganes,2017-18,train
2017-08-27_getafe_sevilla,2017-18,train
2017-08-27_real_madrid_valencia,2017-18,train
2017-09-08_leganes_getafe,2017-18,train
2017-09-09_barcelona_espanol,2017-18,train
2017-09-09_real_madrid_levante,2017-18,train
2017-09-09_sevilla_eibar,2017-18,train
2017-09-09_valencia_ath_madrid,2017-18,train
2017-09-10_ath_bilbao_girona,2017-18,train
2017-09-10_celta_alaves,2017-18,train
2017-09-10_la_coruna_sociedad,2017-18,train
2017-09-10_villarreal_betis,2017-18,train
2017-09-11_malaga_las_palmas,2017-18,train
2017-09-15_eibar_leganes,2017-18,train
2017-09-16_ath_madrid_malaga,2017-18,train
2017-09-16_betis_la_coruna,2017-18,train
2017-09-16_getafe_barcelona,2017-18,train
2017-09-16_levante_valencia,2017-18,train
2017-09-17_alaves_villarreal,2017-18,train
2017-09-17_girona_sevilla,2017-18,train
2017-09-17_las_palmas_ath_bilbao,2017-18,train
2017-09-17_sociedad_real_madrid,2017-18,train
2017-09-18_espanol_celta,2017-18,train
2017-09-19_barcelona_eibar,2017-18,train
2017-09-19_valencia_malaga,2017-18,train
2017-09-20_ath_bilbao_ath_madrid,2017-18,train
2017-09-20_la_coruna_alaves,2017-18,train
2017-09-20_leganes_girona,2017-18,train
2017-09-20_real_madrid_betis,2017-18,train
2017-09-20_sevilla_las_palmas,2017-18,train
2017-09-21_celta_getafe,2017-18,train
2017-09-21_levante_sociedad,2017-18,train
2017-09-21_villarreal_espanol,2017-18,train
2017-09-23_alaves_real_madrid,2017-18,train
2017-09-23_ath_madrid_sevilla,2017-18,train
2017-09-23_girona_barcelona,2017-18,train
2017-09-23_malaga_ath_bilbao,2017-18,train
2017-09-24_eibar_celta,2017-18,train
2017-09-24_espanol_la_coruna,2017-18,train
2017-09-24_getafe_villarreal,2017-18,train
2017-09-24_las_palmas_leganes,2017-18,train
2017-09-24_sociedad_valencia,2017-18,train
2017-09-25_betis_levante,2017-18,train
2017-09-29_celta_girona,2017-18,train
2017-09-30_la_coruna_getafe,2017-18,train
2017-09-30_leganes_ath_madrid,2017-18,train
2017-09-30_levante_alaves,2017-18,train
2017-09-30_sevilla_malaga,2017-18,train
2017-10-01_barcelona_las_palmas,2017-18,train
2017-10-01_real_madrid_espanol,2017-18,train
2017-10-01_sociedad_betis,2017-18,train
2017-10-01_valencia_ath_bilbao,2017-18,train
2017-10-01_villarreal_eibar,2017-18,train
2017-10-13_espanol_levante,2017-18,train
2017-10-14_alaves_sociedad,2017-18,train
2017-10-14_ath_bilbao_sevilla,2017-18,train
2017-10-14_ath_madrid_barcelona,2017-18,train
2017-10-14_getafe_real_madrid,2017-18,train
2017-10-15_betis_valencia,2017-18,train
2017-10-15_eibar_la_coruna,2017-18,train
2017-10-15_girona_villarreal,2017-18,train
2017-10-15_malaga_leganes,2017-18,train
2017-10-16_las_palmas_celta,2017-18,train
2017-10-21_barcelona_malaga,2017-18,train
2017-10-21_betis_alaves,2017-18,train
2017-10-21_levante_getafe,2017-18,train
2017-10-21_valencia_sevilla,2017-18,train
2017-10-22_celta_ath_madrid,2017-18,train
2017-10-22_leganes_ath_bilbao,2017-18,train
2017-10-22_real_madrid_eibar,2017-18,train
2017-10-22_villarreal_las_palmas,2017-18,train
2017-10-23_la_coruna_girona,2017-18,train
2017-10-23_sociedad_espanol,2017-18,train
2017-10-28_alaves_valencia,2017-18,train
2017-10-28_ath_bilbao_barcelona,2017-18,train
2017-10-28_ath_madrid_villarreal,2017-18,train
2017-10-28_sevilla_leganes,2017-18,train
2017-10-29_eibar_levante,2017-18,train
2017-10-29_getafe_sociedad,2017-18,train
2017-10-29_girona_real_madrid,2017-18,train
2017-10-29_malaga_celta,2017-18,train
2017-10-30_espanol_betis,2017-18,train
2017-10-30_las_palmas_la_coruna,2017-18,train
2017-11-03_betis_getafe,2017-18,train
2017-11-04_alaves_espanol,2017-18,train
2017-11-04_barcelona_sevilla,2017-18,train
2017-11-04_la_coruna_ath_madrid,2017-18,train
2017-11-04_valencia_leganes,2017-18,train
2017-11-05_celta_ath_bilbao,2017-18,train
2017-11-05_levante_girona,2017-18,train
2017-11-05_real_madrid_las_palmas,2017-18,train
2017-11-05_sociedad_eibar,2017-18,train
2017-11-05_villarreal_malaga,2017-18,train
2017-11-17_girona_sociedad,2017-18,train
2017-11-18_ath_madrid_real_madrid,2017-18,train
2017-11-18_getafe_alaves,2017-18,train
2017-11-18_leganes_barcelona,2017-18,train
2017-11-18_sevilla_celta,2017-18,train
2017-11-19_ath_bilbao_villarreal,2017-18,train
2017-11-19_espanol_valencia,2017-18,train
2017-11-19_las_palmas_levante,2017-18,train
2017-11-19_malaga_la_coruna,2017-18,train
2017-11-20_eibar_betis,2017-18,train
2017-11-24_celta_leganes,2017-18,train
2017-11-25_alaves_eibar,2017-18,train
2017-11-25_betis_girona,2017-18,train
2017-11-25_levante_ath_madrid,2017-18,train
2017-11-25_real_madrid_malaga,2017-18,train
2017-11-26_la_coruna_ath_bilbao,2017-18,train
2017-11-26_sociedad_las_palmas,2017-18,train
2017-11-26_valencia_barcelona,2017-18,train
2017-11-26_villarreal_sevilla,2017-18,train
2017-11-27_espanol_getafe,2017-18,train
2017-12-01_malaga_levante,2017-18,train
2017-12-02_ath_bilbao_real_madrid,2017-18,train
2017-12-02_ath_madrid_sociedad,2017-18,train
2017-12-02_barcelona_celta,2017-18,train
2017-12-02_sevilla_la_coruna,2017-18,train
2017-12-03_eibar_espanol,2017-18,train
2017-12-03_getafe_valencia,2017-18,train
2017-12-03_las_palmas_betis,2017-18,train
2017-12-03_leganes_villarreal,2017-18,train
2017-12-04_girona_alaves,2017-18,train
2017-12-08_alaves_las_palmas,2017-18,train
2017-12-09_getafe_eibar,2017-18,train
2017-12-09_la_coruna_leganes,2017-18,train
2017-12-09_real_madrid_sevilla,2017-18,train
2017-12-09_valencia_celta,2017-18,train
2017-12-10_betis_ath_madrid,2017-18,train
2017-12-10_levante_ath_bilbao,2017-18,train
2017-12-10_sociedad_malaga,2017-18,train
2017-12-10_villarreal_barcelona,2017-18,train
2017-12-11_espanol_girona,2017-18,train
2017-12-15_sevilla_levante,2017-18,train
2017-12-16_ath_bilbao_sociedad,2017-18,train
2017-12-16_ath_madrid_alaves,2017-18,train
2017-12-16_eibar_valencia,2017-18,train
2017-12-17_barcelona_la_coruna,2017-18,train
2017-12-17_celta_villarreal,2017-18,train
2017-12-17_girona_getafe,2017-18,train
2017-12-17_las_palmas_espanol,2017-18,train
2017-12-18_malaga_betis,2017-18,train
2017-12-19_levante_leganes,2017-18,train
2017-12-20_getafe_las_palmas,2017-18,train
2017-12-20_sociedad_sevilla,2017-18,train
2017-12-21_alaves_malaga,2017-18,train
2017-12-21_eibar_girona,2017-18,train
2017-12-22_betis_ath_bilbao,2017-18,train
2017-12-22_espanol_ath_madrid,2017-18,train
2017-12-23_la_coruna_celta,2017-18,train
2017-12-23_real_madrid_barcelona,2017-18,train
2017-12-23_valencia_villarreal,2017-18,train
2018-01-06_ath_madrid_getafe,2017-18,train
2018-01-06_las_palmas_eibar,2017-18,train
2018-01-06_sevilla_betis,2017-18,train
2018-01-06_valencia_girona,2017-18,train
2018-01-07_ath_bilbao_alaves,2017-18,train
2018-01-07_barcelona_levante,2017-18,train
2018-01-07_celta_real_madrid,2017-18,train
2018-01-07_leganes_sociedad,2017-18,train
2018-01-07_villarreal_la_coruna,2017-18,train
2018-01-08_malaga_espanol,2017-18,train
2018-01-12_getafe_malaga,2017-18,train
2018-01-13_eibar_ath_madrid,2017-18,train
2018-01-13_girona_las_palmas,2017-18,train
2018-01-13_la_coruna_valencia,2017-18,train
2018-01-13_real_madrid_villarreal,2017-18,train
2018-01-14_alaves_sevilla,2017-18,train
2018-01-14_espanol_ath_bilbao,2017-18,train
2018-01-14_levante_celta,2017-18,train
2018-01-14_sociedad_barcelona,2017-18,train
2018-01-15_betis_leganes,2017-18,train
2018-01-19_getafe_ath_bilbao,2017-18,train
2018-01-20_ath_madrid_girona,2017-18,train
2018-01-20_espanol_sevilla,2017-18,train
2018-01-20_las_palmas_valencia,2017-18,train
2018-01-20_villarreal_levante,2017-18,train
2018-01-21_alaves_leganes,2017-18,train
2018-01-21_betis_barcelona,2017-18,train
2018-01-21_real_madrid_la_coruna,2017-18,train
2018-01-21_sociedad_celta,2017-18,train
2018-01-22_eibar_malaga,2017-18,train
2018-01-26_ath_bilbao_eibar,2017-18,train
2018-01-27_la_coruna_levante,2017-18,train
2018-01-27_malaga_girona,2017-18,train
2018-01-27_valencia_real_madrid,2017-18,train
2018-01-27_villarreal_sociedad,2017-18,train
2018-01-28_ath_madrid_las_palmas,2017-18,train
2018-01-28_barcelona_alaves,2017-18,train
2018-01-28_leganes_espanol,2017-18,train
2018-01-28_sevilla_getafe,2017-18,train
2018-01-29_celta_betis,2017-18,train
2018-02-02_sociedad_la_coruna,2017-18,train
2018-02-03_alaves_celta,2017-18,train
2018-02-03_betis_villarreal,2017-18,train
2018-02-03_eibar_sevilla,2017-18,train
2018-02-03_levante_real_madrid,2017-18,train
2018-02-04_ath_madrid_valencia,2017-18,train
2018-02-04_espanol_barcelona,2017-18,train
2018-02-04_getafe_leganes,2017-18,train
2018-02-04_girona_ath_bilbao,2017-18,train
2018-02-05_las_palmas_malaga,2017-18,train
2018-02-09_ath_bilbao_las_palmas,2017-18,train
2018-02-10_leganes_eibar,2017-18,train
2018-02-10_malaga_ath_madrid,2017-18,train
2018-02-10_real_madrid_sociedad,2017-18,train
2018-02-10_villarreal_alaves,2017-18,train
2018-02-11_barcelona_getafe,2017-18,train
2018-02-11_celta_espanol,2017-18,train
2018-02-11_sevilla_girona,2017-18,train
2018-02-11_valencia_levante,2017-18,train
2018-02-12_la_coruna_betis,2017-18,train
2018-02-16_girona_leganes,2017-18,train
2018-02-17_alaves_la_coruna,2017-18,train
2018-02-17_eibar_barcelona,2017-18,train
2018-02-17_las_palmas_sevilla,2017-18,train
2018-02-17_malaga_valencia,2017-18,train
2018-02-18_ath_madrid_ath_bilbao,2017-18,train
2018-02-18_betis_real_madrid,2017-18,train
2018-02-18_espanol_villarreal,2017-18,train
2018-02-18_sociedad_levante,2017-18,train
2018-02-19_getafe_celta,2017-18,train
2018-02-21_leganes_real_madrid,2017-18,train
2018-02-23_la_coruna_espanol,2017-18,train
2018-02-24_barcelona_girona,2017-18,train
2018-02-24_celta_eibar,2017-18,train
2018-02-24_leganes_las_palmas,2017-18,train
2018-02-24_real_madrid_alaves,2017-18,train
2018-02-25_ath_bilbao_malaga,2017-18,train
2018-02-25_sevilla_ath_madrid,2017-18,train
2018-02-25_valencia_sociedad,2017-18,train
2018-02-25_villarreal_getafe,2017-18,train
2018-02-26_levante_betis,2017-18,train
2018-02-27_espanol_real_madrid,2017-18,train
2018-02-27_girona_celta,2017-18,train
2018-02-28_ath_bilbao_valencia,2017-18,train
2018-02-28_ath_madrid_leganes,2017-18,train
2018-02-28_eibar_villarreal,2017-18,train
2018-02-28_getafe_la_coruna,2017-18,train
2018-02-28_malaga_sevilla,2017-18,train
2018-03-01_alaves_levante,2017-18,train
2018-03-01_betis_sociedad,2017-18,train
2018-03-01_las_palmas_barcelona,2017-18,train
2018-03-03_la_coruna_eibar,2017-18,train
2018-03-03_leganes_malaga,2017-18,train
2018-03-03_real_madrid_getafe,2017-18,train
2018-03-03_sevilla_ath_bilbao,2017-18,train
2018-03-03_villarreal_girona,2017-18,train
2018-03-04_barcelona_ath_madrid,2017-18,train
2018-03-04_levante_espanol,2017-18,train
2018-03-04_sociedad_alaves,2017-18,train
2018-03-04_valencia_betis,2017-18,train
2018-03-05_celta_las_palmas,2017-18,train
2018-03-09_girona_la_coruna,2017-18,train
2018-03-10_eibar_real_madrid,2017-18,train
2018-03-10_getafe_levante,2017-18,train
2018-03-10_malaga_barcelona,2017-18,train
2018-03-10_sevilla_valencia,2017-18,train
2018-03-11_ath_bilbao_leganes,2017-18,train
2018-03-11_ath_madrid_celta,2017-18,train
2018-03-11_espanol_sociedad,2017-18,train
2018-03-11_las_palmas_villarreal,2017-18,train
2018-03-12_alaves_betis,2017-18,train
2018-03-16_levante_eibar,2017-18,train
2018-03-17_betis_espanol,2017-18,train
2018-03-17_la_coruna_las_palmas,2017-18,train
2018-03-17_sociedad_getafe,2017-18,train
2018-03-17_valencia_alaves,2017-18,train
2018-03-18_barcelona_ath_bilbao,2017-18,train
2018-03-18_celta_malaga,2017-18,train
2018-03-18_leganes_sevilla,2017-18,train
2018-03-18_real_madrid_girona,2017-18,train
2018-03-18_villarreal_ath_madrid,2017-18,train
2018-03-31_ath_bilbao_celta,2017-18,train
2018-03-31_girona_levante,2017-18,train
2018-03-31_las_palmas_real_madrid,2017-18,train
2018-03-31_sevilla_barcelona,2017-18,train
2018-04-01_ath_madrid_la_coruna,2017-18,train
2018-04-01_eibar_sociedad,2017-18,train
2018-04-01_espanol_alaves,2017-18,train
2018-04-01_leganes_valencia,2017-18,train
2018-04-01_malaga_villarreal,2017-18,train
2018-04-02_getafe_betis,2017-18,train
2018-04-06_la_coruna_malaga,2017-18,train
2018-04-07_alaves_getafe,2017-18,train
2018-04-07_barcelona_leganes,2017-18,train
2018-04-07_betis_eibar,2017-18,train
2018-04-07_celta_sevilla,2017-18,train
2018-04-08_levante_las_palmas,2017-18,train
2018-04-08_real_madrid_ath_madrid,2017-18,train
2018-04-08_sociedad_girona,2017-18,train
2018-04-08_valencia_espanol,2017-18,train
2018-04-09_villarreal_ath_bilbao,2017-18,train
2018-04-13_girona_betis,2017-18,train
2018-04-14_ath_bilbao_la_coruna,2017-18,train
2018-04-14_barcelona_valencia,2017-18,train
2018-04-14_las_palmas_sociedad,2017-18,train
2018-04-14_leganes_celta,2017-18,train
2018-04-14_sevilla_villarreal,2017-18,train
2018-04-15_ath_madrid_levante,2017-18,train
2018-04-15_eibar_alaves,2017-18,train
2018-04-15_getafe_espanol,2017-18,train
2018-04-15_malaga_real_madrid,2017-18,train
2018-04-17_celta_barcelona,2017-18,train
2018-04-17_la_coruna_sevilla,2017-18,train
2018-04-17_villarreal_leganes,2017-18,train
2018-04-18_espanol_eibar,2017-18,train
2018-04-18_real_madrid_ath_bilbao,2017-18,train
2018-04-18_valencia_getafe,2017-18,train
2018-04-19_alaves_girona,2017-18,train
2018-04-19_betis_las_palmas,2017-18,train
2018-04-19_levante_malaga,2017-18,train
2018-04-19_sociedad_ath_madrid,2017-18,train
2018-04-20_leganes_la_coruna,2017-18,train
2018-04-21_celta_valencia,2017-18,train
2018-04-21_eibar_getafe,2017-18,train
2018-04-22_ath_madrid_betis,2017-18,train
2018-04-22_girona_espanol,2017-18,train
2018-04-22_las_palmas_alaves,2017-18,train
2018-04-22_malaga_sociedad,2017-18,train
2018-04-23_ath_bilbao_levante,2017-18,train
2018-04-27_levante_sevilla,2017-18,train
2018-04-28_espanol_las_palmas,2017-18,train
2018-04-28_real_madrid_leganes,2017-18,train
2018-04-28_sociedad_ath_bilbao,2017-18,train
2018-04-28_villarreal_celta,2017-18,train
2018-04-29_alaves_ath_madrid,2017-18,train
2018-04-29_getafe_girona,2017-18,train
2018-04-29_la_coruna_barcelona,2017-18,train
2018-04-29_valencia_eibar,2017-18,train
2018-04-30_betis_malaga,2017-18,train
2018-05-04_sevilla_sociedad,2017-18,train
2018-05-05_ath_bilbao_betis,2017-18,train
2018-05-05_celta_la_coruna,2017-18,train
2018-05-05_girona_eibar,2017-18,train
2018-05-05_villarreal_valencia,2017-18,train
2018-05-06_ath_madrid_espanol,2017-18,train
2018-05-06_barcelona_real_madrid,2017-18,train
2018-05-06_las_palmas_getafe,2017-18,train
2018-05-06_malaga_alaves,2017-18,train
2018-05-07_leganes_levante,2017-18,train
2018-05-09_barcelona_villarreal,2017-18,train
2018-05-09_sevilla_real_madrid,2017-18,train
2018-05-12_alaves_ath_bilbao,2017-18,train
2018-05-12_betis_sevilla,2017-18,train
2018-05-12_eibar_las_palmas,2017-18,train
2018-05-12_getafe_ath_madrid,2017-18,train
2018-05-12_girona_valencia,2017-18,train
2018-05-12_la_coruna_villarreal,2017-18,train
2018-05-12_real_madrid_celta,2017-18,train
2018-05-12_sociedad_leganes,2017-18,train
2018-05-13_espanol_malaga,2017-18,train
2018-05-13_levante_barcelona,2017-18,train
2018-05-19_celta_levante,2017-18,train
2018-05-19_las_palmas_girona,2017-18,train
2018-05-19_leganes_betis,2017-18,train
2018-05-19_malaga_getafe,2017-18,train
2018-05-19_sevilla_alaves,2017-18,train
2018-05-19_villarreal_real_madrid,2017-18,train
2018-05-20_ath_bilbao_espanol,2017-18,train
2018-05-20_ath_madrid_eibar,2017-18,train
2018-05-20_barcelona_sociedad,2017-18,train
2018-05-20_valencia_la_coruna,2017-18,train
2018-08-17_betis_levante,2018-19,train
2018-08-17_girona_valladolid,2018-19,train
2018-08-18_barcelona_alaves,2018-19,train
2018-08-18_celta_espanol,2018-19,train
2018-08-18_villarreal_sociedad,2018-19,train
2018-08-19_eibar_huesca,2018-19,train
2018-08-19_real_madrid_getafe,2018-19,train
2018-08-19_vallecano_sevilla,2018-19,train
2018-08-20_ath_bilbao_leganes,2018-19,train
2018-08-20_valencia_ath_madrid,2018-19,train
2018-08-24_getafe_eibar,2018-19,train
2018-08-24_leganes_sociedad,2018-19,train
2018-08-25_alaves_betis,2018-19,train
2018-08-25_ath_madrid_vallecano,2018-19,train
2018-08-25_valladolid_barcelona,2018-19,train
2018-08-26_espanol_valencia,2018-19,train
2018-08-26_girona_real_madrid,2018-19,train
2018-08-26_sevilla_villarreal,2018-19,train
2018-08-27_ath_bilbao_huesca,2018-19,train
2018-08-27_levante_celta,2018-19,train
2018-08-31_eibar_sociedad,2018-19,train
2018-08-31_getafe_valladolid,2018-19,train
2018-08-31_villarreal_girona,2018-19,train
2018-09-01_celta_ath_madrid,2018-19,train
2018-09-01_real_madrid_leganes,2018-19,train
2018-09-02_alaves_espanol,2018-19,train
2018-09-02_barcelona_huesca,2018-19,train
2018-09-02_betis_sevilla,2018-19,train
2018-09-02_levante_valencia,2018-19,train
2018-09-14_huesca_vallecano,2018-19,train
2018-09-15_ath_bilbao_real_madrid,2018-19,train
2018-09-15_ath_madrid_eibar,2018-19,train
2018-09-15_sociedad_barcelona,2018-19,train
2018-09-15_valencia_betis,2018-19,train
2018-09-16_espanol_levante,2018-19,train
2018-09-16_leganes_villarreal,2018-19,train
2018-09-16_sevilla_getafe,2018-19,train
2018-09-16_valladolid_alaves,2018-19,train
2018-09-17_girona_celta,2018-19,train
2018-09-21_huesca_sociedad,2018-19,train
2018-09-22_celta_valladolid,2018-19,train
2018-09-22_eibar_leganes,2018-19,train
2018-09-22_getafe_ath_madrid,2018-19,train
2018-09-22_real_madrid_espanol,2018-19,train
2018-09-22_vallecano_alaves,2018-19,train
2018-09-23_barcelona_girona,2018-19,train
2018-09-23_betis_ath_bilbao,2018-19,train
2018-09-23_levante_sevilla,2018-19,train
2018-09-23_villarreal_valencia,2018-19,train
2018-09-25_ath_madrid_huesca,2018-19,train
2018-09-25_espanol_eibar,2018-19,train
2018-09-25_sociedad_vallecano,2018-19,train
2018-09-26_ath_bilbao_villarreal,2018-19,train
2018-09-26_leganes_barcelona,2018-19,train
2018-09-26_sevilla_real_madrid,2018-19,train
2018-09-26_valencia_celta,2018-19,train
2018-09-27_alaves_getafe,2018-19,train
2018-09-27_girona_betis,2018-19,train
2018-09-27_valladolid_levante,2018-19,train
2018-09-28_vallecano_espanol,2018-19,train
2018-09-29_barcelona_ath_bilbao,2018-19,train
2018-09-29_eibar_sevilla,2018-19,train
2018-09-29_real_madrid_ath_madrid,2018-19,train
2018-09-29_sociedad_valencia,2018-19,train
2018-09-30_betis_leganes,2018-19,train
2018-09-30_huesca_girona,2018-19,train
2018-09-30_levante_alaves,2018-19,train
2018-09-30_villarreal_valladolid,2018-19,train
2018-10-01_celta_getafe,2018-19,train
2018-10-05_ath_bilbao_sociedad,2018-19,train
2018-10-06_alaves_real_madrid,2018-19,train
2018-10-06_getafe_levante,2018-19,train
2018-10-06_girona_eibar,2018-19,train
2018-10-06_leganes_vallecano,2018-19,train
2018-10-07_ath_madrid_betis,2018-19,train
2018-10-07_espanol_villarreal,2018-19,train
2018-10-07_sevilla_celta,2018-19,train
2018-10-07_valencia_barcelona,2018-19,train
2018-10-07_valladolid_huesca,2018-19,train
2018-10-19_celta_alaves,2018-19,train
2018-10-20_barcelona_sevilla,2018-19,train
2018-10-20_real_madrid_levante,2018-19,train
2018-10-20_valencia_leganes,2018-19,train
2018-10-20_villarreal_ath_madrid,2018-19,train
2018-10-21_betis_valladolid,2018-19,train
2018-10-21_eibar_ath_bilbao,2018-19,train
2018-10-21_huesca_espanol,2018-19,train
2018-10-21_vallecano_getafe,2018-19,train
2018-10-22_sociedad_girona,2018-19,train
2018-10-24_vallecano_ath_bilbao,2018-19,train
2018-10-26_valladolid_espanol,2018-19,train
2018-10-27_ath_bilbao_valencia,2018-19,train
2018-10-27_ath_madrid_sociedad,2018-19,train
2018-10-27_celta_eibar,2018-19,train
2018-10-27_girona_vallecano,2018-19,train
2018-10-27_levante_leganes,2018-19,train
2018-10-28_alaves_villarreal,2018-19,train
2018-10-28_barcelona_real_madrid,2018-19,train
2018-10-28_getafe_betis,2018-19,train
2018-10-28_sevilla_huesca,2018-19,train
2018-11-03_leganes_ath_madrid,2018-19,train
2018-11-03_real_madrid_valladolid,2018-19,train
2018-11-03_valencia_girona,2018-19,train
2018-11-03_vallecano_barcelona,2018-19,train
2018-11-04_betis_celta,2018-19,train
2018-11-04_eibar_alaves,2018-19,train
2018-11-04_huesca_getafe,2018-19,train
2018-11-04_sociedad_sevilla,2018-19,train
2018-11-04_villarreal_levante,2018-19,train
2018-11-05_espanol_ath_bilbao,2018-19,train
2018-11-09_levante_sociedad,2018-19,train
2018-11-10_ath_madrid_ath_bilbao,2018-19,train
2018-11-10_getafe_valencia,2018-19,train
2018-11-10_girona_leganes,2018-19,train
2018-11-10_valladolid_eibar,2018-19,train
2018-11-11_alaves_huesca,2018-19,train
2018-11-11_barcelona_betis,2018-19,train
2018-11-11_celta_real_madrid,2018-19,train
2018-11-11_sevilla_espanol,2018-19,train
2018-11-11_vallecano_villarreal,2018-19,train
2018-11-23_leganes_alaves,2018-19,train
2018-11-24_ath_madrid_barcelona,2018-19,train
2018-11-24_eibar_real_madrid,2018-19,train
2018-11-24_huesca_levante,2018-19,train
2018-11-24_valencia_vallecano,2018-19,train
2018-11-25_ath_bilbao_getafe,2018-19,train
2018-11-25_espanol_girona,2018-19,train
2018-11-25_sevilla_valladolid,2018-19,train
2018-11-25_villarreal_betis,2018-19,train
2018-11-26_sociedad_celta,2018-19,train
2018-11-30_vallecano_eibar,2018-19,train
2018-12-01_celta_huesca,2018-19,train
2018-12-01_getafe_espanol,2018-19,train
2018-12-01_real_madrid_valencia,2018-19,train
2018-12-01_valladolid_leganes,2018-19,train
2018-12-02_alaves_sevilla,2018-19,train
2018-12-02_barcelona_villarreal,2018-19,train
2018-12-02_betis_sociedad,2018-19,train
2018-12-02_girona_ath_madrid,2018-19,train
2018-12-03_levante_ath_bilbao,2018-19,train
2018-12-07_leganes_getafe,2018-19,train
2018-12-08_ath_madrid_alaves,2018-19,train
2018-12-08_espanol_barcelona,2018-19,train
2018-12-08_valencia_sevilla,2018-19,train
2018-12-08_villarreal_celta,2018-19,train
2018-12-09_betis_vallecano,2018-19,train
2018-12-09_eibar_levante,2018-19,train
2018-12-09_huesca_real_madrid,2018-19,train
2018-12-09_sociedad_valladolid,2018-19,train
2018-12-10_ath_bilbao_girona,2018-19,train
2018-12-14_celta_leganes,2018-19,train
2018-12-15_eibar_valencia,2018-19,train
2018-12-15_getafe_sociedad,2018-19,train
2018-12-15_real_madrid_vallecano,2018-19,train
2018-12-15_valladolid_ath_madrid,2018-19,train
2018-12-16_espanol_betis,2018-19,train
2018-12-16_huesca_villarreal,2018-19,train
2018-12-16_levante_barcelona,2018-19,train
2018-12-16_sevilla_girona,2018-19,train
2018-12-17_alaves_ath_bilbao,2018-19,train
2018-12-21_girona_getafe,2018-19,train
2018-12-21_sociedad_alaves,2018-19,train
2018-12-22_ath_bilbao_valladolid,2018-19,train
2018-12-22_ath_madrid_espanol,2018-19,train
2018-12-22_barcelona_celta,2018-19,train
2018-12-22_betis_eibar,2018-19,train
2018-12-23_leganes_sevilla,2018-19,train
2018-12-23_valencia_huesca,2018-19,train
2018-12-23_vallecano_levante,2018-19,train
2019-01-03_villarreal_real_madrid,2018-19,train
2019-01-04_espanol_leganes,2018-19,train
2019-01-04_levante_girona,2018-19,train
2019-01-05_alaves_valencia,2018-19,train
2019-01-05_huesca_betis,2018-19,train
2019-01-05_valladolid_vallecano,2018-19,train
2019-01-06_eibar_villarreal,2018-19,train
2019-01-06_getafe_barcelona,2018-19,train
2019-01-06_real_madrid_sociedad,2018-19,train
2019-01-06_sevilla_ath_madrid,2018-19,train
2019-01-07_celta_ath_bilbao,2018-19,train
2019-01-11_vallecano_celta,2018-19,train
2019-01-12_girona_alaves,2018-19,train
2019-01-12_leganes_huesca,2018-19,train
2019-01-12_valencia_valladolid,2018-19,train
2019-01-12_villarreal_getafe,2018-19,train
2019-01-13_ath_bilbao_sevilla,2018-19,train
2019-01-13_ath_madrid_levante,2018-19,train
2019-01-13_barcelona_eibar,2018-19,train
2019-01-13_betis_real_madrid,2018-19,train
2019-01-14_sociedad_espanol,2018-19,train
2019-01-18_getafe_alaves,2018-19,train
2019-01-19_celta_valencia,2018-19,train
2019-01-19_huesca_ath_madrid,2018-19,train
2019-01-19_real_madrid_sevilla,2018-19,train
2019-01-20_barcelona_leganes,2018-19,train
2019-01-20_betis_girona,2018-19,train
2019-01-20_levante_valladolid,2018-19,train
2019-01-20_vallecano_sociedad,2018-19,train
2019-01-20_villarreal_ath_bilbao,2018-19,train
2019-01-21_eibar_espanol,2018-19,train
2019-01-26_ath_madrid_getafe,2018-19,train
2019-01-26_leganes_eibar,2018-19,train
2019-01-26_sevilla_levante,2018-19,train
2019-01-26_valencia_villarreal,2018-19,train
2019-01-27_ath_bilbao_betis,2018-19,train
2019-01-27_espanol_real_madrid,2018-19,train
2019-01-27_girona_barcelona,2018-19,train
2019-01-27_sociedad_huesca,2018-19,train
2019-01-27_valladolid_celta,2018-19,train
2019-01-28_alaves_vallecano,2018-19,train
2019-02-01_huesca_valladolid,2018-19,train
2019-02-02_barcelona_valencia,2018-19,train
2019-02-02_celta_sevilla,2018-19,train
2019-02-02_levante_getafe,2018-19,train
2019-02-02_sociedad_ath_bilbao,2018-19,train
2019-02-03_betis_ath_madrid,2018-19,train
2019-02-03_eibar_girona,2018-19,train
2019-02-03_real_madrid_alaves,2018-19,train
2019-02-03_villarreal_espanol,2018-19,train
2019-02-04_vallecano_leganes,2018-19,train
2019-02-08_valladolid_villarreal,2018-19,train
2019-02-09_ath_madrid_real_madrid,2018-19,train
2019-02-09_espanol_vallecano,2018-19,train
2019-02-09_getafe_celta,2018-19,train
2019-02-09_girona_huesca,2018-19,train
2019-02-10_ath_bilbao_barcelona,2018-19,train
2019-02-10_leganes_betis,2018-19,train
2019-02-10_sevilla_eibar,2018-19,train
2019-02-10_valencia_sociedad,2018-19,train
2019-02-11_alaves_levante,2018-19,train
2019-02-15_eibar_getafe,2018-19,train
2019-02-16_barcelona_valladolid,2018-19,train
2019-02-16_celta_levante,2018-19,train
2019-02-16_sociedad_leganes,2018-19,train
2019-02-16_vallecano_ath_madrid,2018-19,train
2019-02-17_betis_alaves,2018-19,train
2019-02-17_real_madrid_girona,2018-19,train
2019-02-17_valencia_espanol,2018-19,train
2019-02-17_villarreal_sevilla,2018-19,train
2019-02-18_huesca_ath_bilbao,2018-19,train
2019-02-22_espanol_huesca,2018-19,train
2019-02-23_alaves_celta,2018-19,train
2019-02-23_ath_bilbao_eibar,2018-19,train
2019-02-23_getafe_vallecano,2018-19,train
2019-02-23_sevilla_barcelona,2018-19,train
2019-02-24_ath_madrid_villarreal,2018-19,train
2019-02-24_leganes_valencia,2018-19,train
2019-02-24_levante_real_madrid,2018-19,train
2019-02-24_valladolid_betis,2018-19,train
2019-02-25_girona_sociedad,2018-19,train
2019-03-01_vallecano_girona,2018-19,train
2019-03-02_espanol_valladolid,2018-19,train
2019-03-02_huesca_sevilla,2018-19,train
2019-03-02_real_madrid_barcelona,2018-19,train
2019-03-02_villarreal_alaves,2018-19,train
2019-03-03_betis_getafe,2018-19,train
2019-03-03_eibar_celta,2018-19,train
2019-03-03_sociedad_ath_madrid,2018-19,train
2019-03-03_valencia_ath_bilbao,2018-19,train
2019-03-04_leganes_levante,2018-19,train
2019-03-08_ath_bilbao_espanol,2018-19,train
2019-03-09_alaves_eibar,2018-19,train
2019-03-09_ath_madrid_leganes,2018-19,train
2019-03-09_barcelona_vallecano,2018-19,train
2019-03-09_getafe_huesca,2018-19,train
2019-03-10_celta_betis,2018-19,train
2019-03-10_girona_valencia,2018-19,train
2019-03-10_levante_villarreal,2018-19,train
2019-03-10_sevilla_sociedad,2018-19,train
2019-03-10_valladolid_real_madrid,2018-19,train
2019-03-15_sociedad_levante,2018-19,train
2019-03-16_ath_bilbao_ath_madrid,2018-19,train
2019-03-16_huesca_alaves,2018-19,train
2019-03-16_leganes_girona,2018-19,train
2019-03-16_real_madrid_celta,2018-19,train
2019-03-17_betis_barcelona,2018-19,train
2019-03-17_eibar_valladolid,2018-19,train
2019-03-17_espanol_sevilla,2018-19,train
2019-03-17_valencia_getafe,2018-19,train
2019-03-17_villarreal_vallecano,2018-19,train
2019-03-29_girona_ath_bilbao,2018-19,train
2019-03-30_alaves_ath_madrid,2018-19,train
2019-03-30_barcelona_espanol,2018-19,train
2019-03-30_celta_villarreal,2018-19,train
2019-03-30_getafe_leganes,2018-19,train
2019-03-31_levante_eibar,2018-19,train
2019-03-31_real_madrid_huesca,2018-19,train
2019-03-31_sevilla_valencia,2018-19,train
2019-03-31_valladolid_sociedad,2018-19,train
2019-03-31_vallecano_betis,2018-19,train
2019-04-02_ath_madrid_girona,2018-19,train
2019-04-02_espanol_getafe,2018-19,train
2019-04-02_villarreal_barcelona,2018-19,train
2019-04-03_ath_bilbao_levante,2018-19,train
2019-04-03_eibar_vallecano,2018-19,train
2019-04-03_huesca_celta,2018-19,train
2019-04-03_valencia_real_madrid,2018-19,train
2019-04-04_leganes_valladolid,2018-19,train
2019-04-04_sevilla_alaves,2018-19,train
2019-04-04_sociedad_betis,2018-19,train
2019-04-06_barcelona_ath_madrid,2018-19,train
2019-04-06_girona_espanol,2018-19,train
2019-04-06_real_madrid_eibar,2018-19,train
2019-04-06_vallecano_valencia,2018-19,train
2019-04-07_alaves_leganes,2018-19,train
2019-04-07_betis_villarreal,2018-19,train
2019-04-07_celta_sociedad,2018-19,train
2019-04-07_getafe_ath_bilbao,2018-19,train
2019-04-07_levante_huesca,2018-19,train
2019-04-07_valladolid_sevilla,2018-19,train
2019-04-13_ath_madrid_celta,2018-19,train
2019-04-13_espanol_alaves,2018-19,train
2019-04-13_huesca_barcelona,2018-19,train
2019-04-13_sevilla_betis,2018-19,train
2019-04-14_ath_bilbao_vallecano,2018-19,train
2019-04-14_girona_villarreal,2018-19,train
2019-04-14_sociedad_eibar,2018-19,train
2019-04-14_valencia_levante,2018-19,train
2019-04-14_valladolid_getafe,2018-19,train
2019-04-15_leganes_real_madrid,2018-19,train
2019-04-19_alaves_valladolid,2018-19,train
2019-04-20_barcelona_sociedad,2018-19,train
2019-04-20_celta_girona,2018-19,train
2019-04-20_eibar_ath_madrid,2018-19,train
2019-04-20_vallecano_huesca,2018-19,train
2019-04-21_betis_valencia,2018-19,train
2019-04-21_getafe_sevilla,2018-19,train
2019-04-21_levante_espanol,2018-19,train
2019-04-21_real_madrid_ath_bilbao,2018-19,train
2019-04-21_villarreal_leganes,2018-19,train
2019-04-23_alaves_barcelona,2018-19,train
2019-04-23_huesca_eibar,2018-19,train
2019-04-23_valladolid_girona,2018-19,train
2019-04-24_ath_madrid_valencia,2018-19,train
2019-04-24_espanol_celta,2018-19,train
2019-04-24_leganes_ath_bilbao,2018-19,train
2019-04-24_levante_betis,2018-19,train
2019-04-25_getafe_real_madrid,2018-19,train
2019-04-25_sevilla_vallecano,2018-19,train
2019-04-25_sociedad_villarreal,2018-19,train
2019-04-27_ath_bilbao_alaves,2018-19,train
2019-04-27_ath_madrid_valladolid,2018-19,train
2019-04-27_barcelona_levante,2018-19,train
2019-04-27_leganes_celta,2018-19,train
2019-04-28_girona_sevilla,2018-19,train
2019-04-28_sociedad_getafe,2018-19,train
2019-04-28_valencia_eibar,2018-19,train
2019-04-28_vallecano_real_madrid,2018-19,train
2019-04-28_villarreal_huesca,2018-19,train
2019-04-29_betis_espanol,2018-19,train
2019-05-03_sevilla_leganes,2018-19,train
2019-05-04_alaves_sociedad,2018-19,train
2019-05-04_celta_barcelona,2018-19,train
2019-05-04_espanol_ath_madrid,2018-19,train
2019-05-04_levante_vallecano,2018-19,train
2019-05-05_eibar_betis,2018-19,train
2019-05-05_getafe_girona,2018-19,train
2019-05-05_huesca_valencia,2018-19,train
2019-05-05_real_madrid_villarreal,2018-19,train
2019-05-05_valladolid_ath_bilbao,2018-19,train
2019-05-12_ath_bilbao_celta,2018-19,train
2019-05-12_ath_madrid_sevilla,2018-19,train
2019-05-12_barcelona_getafe,2018-19,train
2019-05-12_betis_huesca,2018-19,train
2019-05-12_girona_levante,2018-19,train
2019-05-12_leganes_espanol,2018-19,train
2019-05-12_sociedad_real_madrid,2018-19,train
2019-05-12_valencia_alaves,2018-19,train
2019-05-12_vallecano_valladolid,2018-19,train
2019-05-12_villarreal_eibar,2018-19,train
2019-05-18_alaves_girona,2018-19,train
2019-05-18_celta_vallecano,2018-19,train
2019-05-18_espanol_sociedad,2018-19,train
2019-05-18_getafe_villarreal,2018-19,train
2019-05-18_huesca_leganes,2018-19,train
2019-05-18_levante_ath_madrid,2018-19,train
2019-05-18_sevilla_ath_bilbao,2018-19,train
2019-05-18_valladolid_valencia,2018-19,train
2019-05-19_eibar_barcelona,2018-19,train
2019-05-19_real_madrid_betis,2018-19,train
2019-08-16_ath_bilbao_barcelona,2019-20,train
2019-08-17_celta_real_madrid,2019-20,train
2019-08-17_leganes_osasuna,2019-20,train
2019-08-17_mallorca_eibar,2019-20,train
2019-08-17_valencia_sociedad,2019-20,train
2019-08-17_villarreal_granada,2019-20,train
2019-08-18_alaves_levante,2019-20,train
2019-08-18_ath_madrid_getafe,2019-20,train
2019-08-18_betis_valladolid,2019-20,train
2019-08-18_espanol_sevilla,2019-20,train
2019-08-23_granada_sevilla,2019-20,train
2019-08-23_levante_villarreal,2019-20,train
2019-08-24_celta_valencia,2019-20,train
2019-08-24_getafe_ath_bilbao,2019-20,train
2019-08-24_osasuna_eibar,2019-20,train
2019-08-24_real_madrid_valladolid,2019-20,train
2019-08-25_alaves_espanol,2019-20,train
2019-08-25_barcelona_betis,2019-20,train
2019-08-25_leganes_ath_madrid,2019-20,train
2019-08-25_mallorca_sociedad,2019-20,train
2019-08-30_ath_bilbao_sociedad,2019-20,train
2019-08-30_sevilla_celta,2019-20,train
2019-08-31_betis_leganes,2019-20,train
2019-08-31_getafe_alaves,2019-20,train
2019-08-31_levante_valladolid,2019-20,train
2019-08-31_osasuna_barcelona,2019-20,train
2019-09-01_ath_madrid_eibar,2019-20,train
2019-09-01_espanol_granada,2019-20,train
2019-09-01_valencia_mallorca,2019-20,train
2019-09-01_villarreal_real_madrid,2019-20,train
2019-09-13_mallorca_ath_bilbao,2019-20,train
2019-09-14_barcelona_valencia,2019-20,train
2019-09-14_leganes_villarreal,2019-20,train
2019-09-14_real_madrid_levante,2019-20,train
2019-09-14_sociedad_ath_madrid,2019-20,train
2019-09-15_alaves_sevilla,2019-20,train
2019-09-15_betis_getafe,2019-20,train
2019-09-15_celta_granada,2019-20,train
2019-09-15_eibar_espanol,2019-20,train
2019-09-15_valladolid_osasuna,2019-20,train
2019-09-20_osasuna_betis,2019-20,train
2019-09-21_ath_madrid_celta,2019-20,train
2019-09-21_granada_barcelona,2019-20,train
2019-09-21_levante_eibar,2019-20,train
2019-09-21_villarreal_valladolid,2019-20,train
2019-09-22_ath_bilbao_alaves,2019-20,train
2019-09-22_espanol_sociedad,2019-20,train
2019-09-22_getafe_mallorca,2019-20,train
2019-09-22_sevilla_real_madrid,2019-20,train
2019-09-22_valencia_leganes,2019-20,train
2019-09-24_barcelona_villarreal,2019-20,train
2019-09-24_betis_levante,2019-20,train
2019-09-24_valladolid_granada,2019-20,train
2019-09-25_leganes_ath_bilbao,2019-20,train
2019-09-25_mallorca_ath_madrid,2019-20,train
2019-09-25_real_madrid_osasuna,2019-20,train
2019-09-25_valencia_getafe,2019-20,train
2019-09-26_celta_espanol,2019-20,train
2019-09-26_eibar_sevilla,2019-20,train
2019-09-26_sociedad_alaves,2019-20,train
2019-09-27_villarreal_betis,2019-20,train
2019-09-28_ath_bilbao_valencia,2019-20,train
2019-09-28_ath_madrid_real_madrid,2019-20,train
2019-09-28_getafe_barcelona,2019-20,train
2019-09-28_granada_leganes,2019-20,train
2019-09-29_alaves_mallorca,2019-20,train
2019-09-29_eibar_celta,2019-20,train
2019-09-29_espanol_valladolid,2019-20,train
2019-09-29_levante_osasuna,2019-20,train
2019-09-29_sevilla_sociedad,2019-20,train
2019-10-04_betis_eibar,2019-20,train
2019-10-05_leganes_levante,2019-20,train
2019-10-05_osasuna_villarreal,2019-20,train
2019-10-05_real_madrid_granada,2019-20,train
2019-10-05_valencia_alaves,2019-20,train
2019-10-06_barcelona_sevilla,2019-20,train
2019-10-06_celta_ath_bilbao,2019-20,train
2019-10-06_mallorca_espanol,2019-20,train
2019-10-06_sociedad_getafe,2019-20,train
2019-10-06_valladolid_ath_madrid,2019-20,train
2019-10-18_granada_osasuna,2019-20,train
2019-10-19_ath_madrid_valencia,2019-20,train
2019-10-19_eibar_barcelona,2019-20,train
2019-10-19_getafe_leganes,2019-20,train
2019-10-19_mallorca_real_madrid,2019-20,train
2019-10-20_alaves_celta,2019-20,train
2019-10-20_ath_bilbao_valladolid,2019-20,train
2019-10-20_espanol_villarreal,2019-20,train
2019-10-20_sevilla_levante,2019-20,train
2019-10-20_sociedad_betis,2019-20,train
2019-10-25_villarreal_alaves,2019-20,train
2019-10-26_ath_madrid_ath_bilbao,2019-20,train
2019-10-26_leganes_mallorca,2019-20,train
2019-10-26_valladolid_eibar,2019-20,train
2019-10-27_celta_sociedad,2019-20,train
2019-10-27_granada_betis,2019-20,train
2019-10-27_levante_espanol,2019-20,train
2019-10-27_osasuna_valencia,2019-20,train
2019-10-27_sevilla_getafe,2019-20,train
2019-10-29_alaves_ath_madrid,2019-20,train
2019-10-29_barcelona_valladolid,2019-20,train
2019-10-30_ath_bilbao_espanol,2019-20,train
2019-10-30_betis_celta,2019-20,train
2019-10-30_real_madrid_leganes,2019-20,train
2019-10-30_sociedad_levante,2019-20,train
2019-10-30_valencia_sevilla,2019-20,train
2019-10-31_eibar_villarreal,2019-20,train
2019-10-31_getafe_granada,2019-20,train
2019-10-31_mallorca_osasuna,2019-20,train
2019-11-02_espanol_valencia,2019-20,train
2019-11-02_levante_barcelona,2019-20,train
2019-11-02_real_madrid_betis,2019-20,train
2019-11-02_sevilla_ath_madrid,2019-20,train
2019-11-03_celta_getafe,2019-20,train
2019-11-03_granada_sociedad,2019-20,train
2019-11-03_leganes_eibar,2019-20,train
2019-11-03_osasuna_alaves,2019-20,train
2019-11-03_valladolid_mallorca,2019-20,train
2019-11-03_villarreal_ath_bilbao,2019-20,train
2019-11-08_sociedad_leganes,2019-20,train
2019-11-09_alaves_valladolid,2019-20,train
2019-11-09_barcelona_celta,2019-20,train
2019-11-09_eibar_real_madrid,2019-20,train
2019-11-09_valencia_granada,2019-20,train
2019-11-10_ath_bilbao_levante,2019-20,train
2019-11-10_ath_madrid_espanol,2019-20,train
2019-11-10_betis_sevilla,2019-20,train
2019-11-10_getafe_osasuna,2019-20,train
2019-11-10_mallorca_villarreal,2019-20,train
2019-11-22_levante_mallorca,2019-20,train
2019-11-23_betis_valencia,2019-20,train
2019-11-23_granada_ath_madrid,2019-20,train
2019-11-23_leganes_barcelona,2019-20,train
2019-11-23_real_madrid_sociedad,2019-20,train
2019-11-24_eibar_alaves,2019-20,train
2019-11-24_espanol_getafe,2019-20,train
2019-11-24_osasuna_ath_bilbao,2019-20,train
2019-11-24_valladolid_sevilla,2019-20,train
2019-11-24_villarreal_celta,2019-20,train
2019-11-29_celta_valladolid,2019-20,train
2019-11-30_alaves_real_madrid,2019-20,train
2019-11-30_mallorca_betis,2019-20,train
2019-11-30_sociedad_eibar,2019-20,train
2019-11-30_valencia_villarreal,2019-20,train
2019-12-01_ath_bilbao_granada,2019-20,train
2019-12-01_ath_madrid_barcelona,2019-20,train
2019-12-01_espanol_osasuna,2019-20,train
2019-12-01_getafe_levante,2019-20,train
2019-12-01_sevilla_leganes,2019-20,train
2019-12-06_villarreal_ath_madrid,2019-20,train
2019-12-07_barcelona_mallorca,2019-20,train
2019-12-07_granada_alaves,2019-20,train
2019-12-07_levante_valencia,2019-20,train
2019-12-07_real_madrid_espanol,2019-20,train
2019-12-08_betis_ath_bilbao,2019-20,train
2019-12-08_eibar_getafe,2019-20,train
2019-12-08_leganes_celta,2019-20,train
2019-12-08_osasuna_sevilla,2019-20,train
2019-12-08_valladolid_sociedad,2019-20,train
2019-12-13_alaves_leganes,2019-20,train
2019-12-14_ath_bilbao_eibar,2019-20,train
2019-12-14_ath_madrid_osasuna,2019-20,train
2019-12-14_granada_levante,2019-20,train
2019-12-14_sociedad_barcelona,2019-20,train
2019-12-15_celta_mallorca,2019-20,train
2019-12-15_espanol_betis,2019-20,train
2019-12-15_getafe_valladolid,2019-20,train
2019-12-15_sevilla_villarreal,2019-20,train
2019-12-15_valencia_real_madrid,2019-20,train
2019-12-18_barcelona_real_madrid,2019-20,train
2019-12-20_eibar_granada,2019-20,train
2019-12-21_barcelona_alaves,2019-20,train
2019-12-21_mallorca_sevilla,2019-20,train
2019-12-21_valladolid_valencia,2019-20,train
2019-12-21_villarreal_getafe,2019-20,train
2019-12-22_betis_ath_madrid,2019-20,train
2019-12-22_leganes_espanol,2019-20,train
2019-12-22_levante_celta,2019-20,train
2019-12-22_osasuna_sociedad,2019-20,train
2019-12-22_real_madrid_ath_bilbao,2019-20,train
2020-01-03_sevilla_ath_bilbao,2019-20,train
2020-01-03_valladolid_leganes,2019-20,train
2020-01-04_ath_madrid_levante,2019-20,train
2020-01-04_espanol_barcelona,2019-20,train
2020-01-04_getafe_real_madrid,2019-20,train
2020-01-04_valencia_eibar,2019-20,train
2020-01-05_alaves_betis,2019-20,train
2020-01-05_celta_osasuna,2019-20,train
2020-01-05_granada_mallorca,2019-20,train
2020-01-05_sociedad_villarreal,2019-20,train
2020-01-17_leganes_getafe,2019-20,train
2020-01-18_eibar_ath_madrid,2019-20,train
2020-01-18_levante_alaves,2019-20,train
2020-01-18_osasuna_valladolid,2019-20,train
2020-01-18_real_madrid_sevilla,2019-20,train
2020-01-19_ath_bilbao_celta,2019-20,train
2020-01-19_barcelona_granada,2019-20,train
2020-01-19_betis_sociedad,2019-20,train
2020-01-19_mallorca_valencia,2019-20,train
2020-01-19_villarreal_espanol,2019-20,train
2020-01-24_osasuna_levante,2019-20,train
2020-01-25_alaves_villarreal,2019-20,train
2020-01-25_espanol_ath_bilbao,2019-20,train
2020-01-25_sevilla_granada,2019-20,train
2020-01-25_valencia_barcelona,2019-20,train
2020-01-26_ath_madrid_leganes,2019-20,train
2020-01-26_celta_eibar,2019-20,train
2020-01-26_getafe_betis,2019-20,train
2020-01-26_sociedad_mallorca,2019-20,train
2020-01-26_valladolid_real_madrid,2019-20,train
2020-02-01_granada_espanol,2019-20,train
2020-02-01_mallorca_valladolid,2019-20,train
2020-02-01_real_madrid_ath_madrid,2019-20,train
2020-02-01_valencia_celta,2019-20,train
2020-02-02_ath_bilbao_getafe,2019-20,train
2020-02-02_barcelona_levante,2019-20,train
2020-02-02_eibar_betis,2019-20,train
2020-02-02_leganes_sociedad,2019-20,train
2020-02-02_sevilla_alaves,2019-20,train
2020-02-02_villarreal_osasuna,2019-20,train
2020-02-07_alaves_eibar,2019-20,train
2020-02-08_ath_madrid_granada,2019-20,train
2020-02-08_getafe_valencia,2019-20,train
2020-02-08_levante_leganes,2019-20,train
2020-02-08_valladolid_villarreal,2019-20,train
2020-02-09_betis_barcelona,2019-20,train
2020-02-09_celta_sevilla,2019-20,train
2020-02-09_espanol_mallorca,2019-20,train
2020-02-09_osasuna_real_madrid,2019-20,train
2020-02-09_sociedad_ath_bilbao,2019-20,train
2020-02-14_valencia_ath_madrid,2019-20,train
2020-02-15_barcelona_getafe,2019-20,train
2020-02-15_granada_valladolid,2019-20,train
2020-02-15_mallorca_alaves,2019-20,train
2020-02-15_villarreal_levante,2019-20,train
2020-02-16_ath_bilbao_osasuna,2019-20,train
2020-02-16_leganes_betis,2019-20,train
2020-02-16_real_madrid_celta,2019-20,train
2020-02-16_sevilla_espanol,2019-20,train
2020-02-21_betis_mallorca,2019-20,train
2020-02-22_barcelona_eibar,2019-20,train
2020-02-22_celta_leganes,2019-20,train
2020-02-22_levante_real_madrid,2019-20,train
2020-02-22_sociedad_valencia,2019-20,train
2020-02-23_alaves_ath_bilbao,2019-20,train
2020-02-23_ath_madrid_villarreal,2019-20,train
2020-02-23_getafe_sevilla,2019-20,train
2020-02-23_osasuna_granada,2019-20,train
2020-02-23_valladolid_espanol,2019-20,train
2020-02-28_sociedad_valladolid,2019-20,train
2020-02-29_eibar_levante,2019-20,train
2020-02-29_granada_celta,2019-20,train
2020-02-29_leganes_alaves,2019-20,train
2020-02-29_valencia_betis,2019-20,train
2020-03-01_ath_bilbao_villarreal,2019-20,train
2020-03-01_espanol_ath_madrid,2019-20,train
2020-03-01_mallorca_getafe,2019-20,train
2020-03-01_real_madrid_barcelona,2019-20,train
2020-03-01_sevilla_osasuna,2019-20,train
2020-03-06_alaves_valencia,2019-20,train
2020-03-07_ath_madrid_sevilla,2019-20,train
2020-03-07_barcelona_sociedad,2019-20,train
2020-03-07_eibar_mallorca,2019-20,train
2020-03-07_getafe_celta,2019-20,train
2020-03-08_betis_real_madrid,2019-20,train
2020-03-08_levante_granada,2019-20,train
2020-03-08_osasuna_espanol,2019-20,train
2020-03-08_valladolid_ath_bilbao,2019-20,train
2020-03-08_villarreal_leganes,2019-20,train
2020-03-10_eibar_sociedad,2019-20,train
2020-06-11_sevilla_betis,2019-20,train
2020-06-12_granada_getafe,2019-20,train
2020-06-12_valencia_levante,2019-20,train
2020-06-13_celta_villarreal,2019-20,train
2020-06-13_espanol_alaves,2019-20,train
2020-06-13_leganes_valladolid,2019-20,train
2020-06-13_mallorca_barcelona,2019-20,train
2020-06-14_ath_bilbao_ath_madrid,2019-20,train
2020-06-14_real_madrid_eibar,2019-20,train
2020-06-14_sociedad_osasuna,2019-20,train
2020-06-15_betis_granada,2019-20,train
2020-06-15_levante_sevilla,2019-20,train
2020-06-16_barcelona_leganes,2019-20,train
2020-06-16_getafe_espanol,2019-20,train
2020-06-16_villarreal_mallorca,2019-20,train
2020-06-17_eibar_ath_bilbao,2019-20,train
2020-06-17_osasuna_ath_madrid,2019-20,train
2020-06-17_valladolid_celta,2019-20,train
2020-06-18_alaves_sociedad,2019-20,train
2020-06-18_real_madrid_valencia,2019-20,train
2020-06-19_granada_villarreal,2019-20,train
2020-06-19_mallorca_leganes,2019-20,train
2020-06-19_sevilla_barcelona,2019-20,train
2020-06-20_ath_bilbao_betis,2019-20,train
2020-06-20_ath_madrid_valladolid,2019-20,train
2020-06-20_espanol_levante,2019-20,train
2020-06-20_getafe_eibar,2019-20,train
2020-06-21_celta_alaves,2019-20,train
2020-06-21_sociedad_real_madrid,2019-20,train
2020-06-21_valencia_osasuna,2019-20,train
2020-06-22_leganes_granada,2019-20,train
2020-06-22_villarreal_sevilla,2019-20,train
2020-06-23_barcelona_ath_bilbao,2019-20,train
2020-06-23_levante_ath_madrid,2019-20,train
2020-06-23_valladolid_getafe,2019-20,train
2020-06-24_alaves_osasuna,2019-20,train
2020-06-24_real_madrid_mallorca,2019-20,train
2020-06-24_sociedad_celta,2019-20,train
2020-06-25_betis_espanol,2019-20,train
2020-06-25_eibar_valencia,2019-20,train
2020-06-26_sevilla_valladolid,2019-20,train
2020-06-27_ath_bilbao_mallorca,2019-20,train
2020-06-27_ath_madrid_alaves,2019-20,train
2020-06-27_celta_barcelona,2019-20,train
2020-06-27_osasuna_leganes,2019-20,train
2020-06-28_espanol_real_madrid,2019-20,train
2020-06-28_granada_eibar,2019-20,train
2020-06-28_levante_betis,2019-20,train
2020-06-28_villarreal_valencia,2019-20,train
2020-06-29_getafe_sociedad,2019-20,train
2020-06-30_barcelona_ath_madrid,2019-20,train
2020-06-30_leganes_sevilla,2019-20,train
2020-06-30_mallorca_celta,2019-20,train
2020-07-01_alaves_granada,2020-21,validation
2020-07-01_betis_villarreal,2020-21,validation
2020-07-01_valencia_ath_bilbao,2020-21,validation
2020-07-01_valladolid_levante,2020-21,validation
2020-07-02_eibar_osasuna,2020-21,validation
2020-07-02_real_madrid_getafe,2020-21,validation
2020-07-02_sociedad_espanol,2020-21,validation
2020-07-03_ath_madrid_mallorca,2020-21,validation
2020-07-04_celta_betis,2020-21,validation
2020-07-04_granada_valencia,2020-21,validation
2020-07-04_valladolid_alaves,2020-21,validation
2020-07-05_ath_bilbao_real_madrid,2020-21,validation
2020-07-05_espanol_leganes,2020-21,validation
2020-07-05_osasuna_getafe,2020-21,validation
2020-07-05_villarreal_barcelona,2020-21,validation
2020-07-06_levante_sociedad,2020-21,validation
2020-07-06_sevilla_eibar,2020-21,validation
2020-07-07_celta_ath_madrid,2020-21,validation
2020-07-07_valencia_valladolid,2020-21,validation
2020-07-08_barcelona_espanol,2020-21,validation
2020-07-08_betis_osasuna,2020-21,validation
2020-07-08_getafe_villarreal,2020-21,validation
2020-07-09_ath_bilbao_sevilla,2020-21,validation
2020-07-09_eibar_leganes,2020-21,validation
2020-07-09_mallorca_levante,2020-21,validation
2020-07-10_real_madrid_alaves,2020-21,validation
2020-07-10_sociedad_granada,2020-21,validation
2020-07-11_ath_madrid_betis,2020-21,validation
2020-07-11_osasuna_celta,2020-21,validation
2020-07-11_valladolid_barcelona,2020-21,validation
2020-07-12_espanol_eibar,2020-21,validation
2020-07-12_leganes_valencia,2020-21,validation
2020-07-12_levante_ath_bilbao,2020-21,validation
2020-07-12_sevilla_mallorca,2020-21,validation
2020-07-13_alaves_getafe,2020-21,validation
2020-07-13_granada_real_madrid,2020-21,validation
2020-07-13_villarreal_sociedad,2020-21,validation
2020-07-16_ath_bilbao_leganes,2020-21,validation
2020-07-16_barcelona_osasuna,2020-21,validation
2020-07-16_betis_alaves,2020-21,validation
2020-07-16_celta_levante,2020-21,validation
2020-07-16_eibar_valladolid,2020-21,validation
2020-07-16_getafe_ath_madrid,2020-21,validation
2020-07-16_mallorca_granada,2020-21,validation
2020-07-16_real_madrid_villarreal,2020-21,validation
2020-07-16_sociedad_sevilla,2020-21,validation
2020-07-16_valencia_espanol,2020-21,validation
2020-07-19_alaves_barcelona,2020-21,validation
2020-07-19_ath_madrid_sociedad,2020-21,validation
2020-07-19_espanol_celta,2020-21,validation
2020-07-19_granada_ath_bilbao,2020-21,validation
2020-07-19_leganes_real_madrid,2020-21,validation
2020-07-19_levante_getafe,2020-21,validation
2020-07-19_osasuna_mallorca,2020-21,validation
2020-07-19_sevilla_valencia,2020-21,validation
2020-07-19_valladolid_betis,2020-21,validation
2020-07-19_villarreal_eibar,2020-21,validation
2020-09-12_cadiz_osasuna,2020-21,validation
2020-09-12_eibar_celta,2020-21,validation
2020-09-12_granada_ath_bilbao,2020-21,validation
2020-09-13_alaves_betis,2020-21,validation
2020-09-13_valencia_levante,2020-21,validation
2020-09-13_valladolid_sociedad,2020-21,validation
2020-09-13_villarreal_huesca,2020-21,validation
2020-09-19_celta_valencia,2020-21,validation
2020-09-19_getafe_osasuna,2020-21,validation
2020-09-19_villarreal_eibar,2020-21,validation
2020-09-20_betis_valladolid,2020-21,validation
2020-09-20_granada_alaves,2020-21,validation
2020-09-20_huesca_cadiz,2020-21,validation
2020-09-20_sociedad_real_madrid,2020-21,validation
2020-09-26_alaves_getafe,2020-21,validation
2020-09-26_betis_real_madrid,2020-21,validation
2020-09-26_elche_sociedad,2020-21,validation
2020-09-26_valencia_huesca,2020-21,validation
2020-09-27_ath_madrid_granada,2020-21,validation
2020-09-27_barcelona_villarreal,2020-21,validation
2020-09-27_cadiz_sevilla,2020-21,validation
2020-09-27_eibar_ath_bilbao,2020-21,validation
2020-09-27_osasuna_levante,2020-21,validation
2020-09-27_valladolid_celta,2020-21,validation
2020-09-29_getafe_betis,2020-21,validation
2020-09-29_sociedad_valencia,2020-21,validation
2020-09-30_eibar_elche,2020-21,validation
2020-09-30_huesca_ath_madrid,2020-21,validation
2020-09-30_real_madrid_valladolid,2020-21,validation
2020-09-30_villarreal_alaves,2020-21,validation
2020-10-01_ath_bilbao_cadiz,2020-21,validation
2020-10-01_celta_barcelona,2020-21,validation
2020-10-01_sevilla_levante,2020-21,validation
2020-10-03_ath_madrid_villarreal,2020-21,validation
2020-10-03_elche_huesca,2020-21,validation
2020-10-03_sociedad_getafe,2020-21,validation
2020-10-03_valencia_betis,2020-21,validation
2020-10-03_valladolid_eibar,2020-21,validation
2020-10-04_alaves_ath_bilbao,2020-21,validation
2020-10-04_barcelona_sevilla,2020-21,validation
2020-10-04_cadiz_granada,2020-21,validation
2020-10-04_levante_real_madrid,2020-21,validation
2020-10-04_osasuna_celta,2020-21,validation
2020-10-17_celta_ath_madrid,2020-21,validation
2020-10-17_getafe_barcelona,2020-21,validation
2020-10-17_granada_sevilla,2020-21,validation
2020-10-17_real_madrid_cadiz,2020-21,validation
2020-10-18_alaves_elche,2020-21,validation
2020-10-18_ath_bilbao_levante,2020-21,validation
2020-10-18_betis_sociedad,2020-21,validation
2020-10-18_eibar_osasuna,2020-21,validation
2020-10-18_huesca_valladolid,2020-21,validation
2020-10-18_villarreal_valencia,2020-21,validation
2020-10-23_elche_valencia,2020-21,validation
2020-10-24_ath_madrid_betis,2020-21,validation
2020-10-24_barcelona_real_madrid,2020-21,validation
2020-10-24_osasuna_ath_bilbao,2020-21,validation
2020-10-24_sevilla_eibar,2020-21,validation
2020-10-25_cadiz_villarreal,2020-21,validation
2020-10-25_getafe_granada,2020-21,validation
2020-10-25_sociedad_huesca,2020-21,validation
2020-10-25_valladolid_alaves,2020-21,validation
2020-10-26_levante_celta,2020-21,validation
2020-10-30_eibar_cadiz,2020-21,validation
2020-10-31_alaves_barcelona,2020-21,validation
2020-10-31_ath_bilbao_sevilla,2020-21,validation
2020-10-31_osasuna_ath_madrid,2020-21,validation
2020-10-31_real_madrid_huesca,2020-21,validation
2020-11-01_betis_elche,2020-21,validation
2020-11-01_celta_sociedad,2020-21,validation
2020-11-01_granada_levante,2020-21,validation
2020-11-01_valencia_getafe,2020-21,validation
2020-11-02_villarreal_valladolid,2020-21,validation
2020-11-06_elche_celta,2020-21,validation
2020-11-07_ath_madrid_cadiz,2020-21,validation
2020-11-07_barcelona_betis,2020-21,validation
2020-11-07_huesca_eibar,2020-21,validation
2020-11-07_sevilla_osasuna,2020-21,validation
2020-11-08_getafe_villarreal,2020-21,validation
2020-11-08_levante_alaves,2020-21,validation
2020-11-08_sociedad_granada,2020-21,validation
2020-11-08_valencia_real_madrid,2020-21,validation
2020-11-08_valladolid_ath_bilbao,2020-21,validation
2020-11-20_osasuna_huesca,2020-21,validation
2020-11-21_ath_madrid_barcelona,2020-21,validation
2020-11-21_levante_elche,2020-21,validation
2020-11-21_sevilla_celta,2020-21,validation
2020-11-21_villarreal_real_madrid,2020-21,validation
2020-11-22_alaves_valencia,2020-21,validation
2020-11-22_cadiz_sociedad,2020-21,validation
2020-11-22_eibar_getafe,2020-21,validation
2020-11-22_granada_valladolid,2020-21,validation
2020-11-23_ath_bilbao_betis,2020-21,validation
2020-11-27_valladolid_levante,2020-21,validation
2020-11-28_elche_cadiz,2020-21,validation
2020-11-28_huesca_sevilla,2020-21,validation
2020-11-28_real_madrid_alaves,2020-21,validation
2020-11-28_valencia_ath_madrid,2020-21,validation
2020-11-29_barcelona_osasuna,2020-21,validation
2020-11-29_celta_granada,2020-21,validation
2020-11-29_getafe_ath_bilbao,2020-21,validation
2020-11-29_sociedad_villarreal,2020-21,validation
2020-11-30_betis_eibar,2020-21,validation
2020-12-04_ath_bilbao_celta,2020-21,validation
2020-12-05_ath_madrid_valladolid,2020-21,validation
2020-12-05_cadiz_barcelona,2020-21,validation
2020-12-05_levante_getafe,2020-21,validation
2020-12-05_sevilla_real_madrid,2020-21,validation
2020-12-06_alaves_sociedad,2020-21,validation
2020-12-06_granada_huesca,2020-21,validation
2020-12-06_osasuna_betis,2020-21,validation
2020-12-06_villarreal_elche,2020-21,validation
2020-12-07_eibar_valencia,2020-21,validation
2020-12-11_valladolid_osasuna,2020-21,validation
2020-12-12_getafe_sevilla,2020-21,validation
2020-12-12_huesca_alaves,2020-21,validation
2020-12-12_real_madrid_ath_madrid,2020-21,validation
2020-12-12_valencia_ath_bilbao,2020-21,validation
2020-12-13_barcelona_levante,2020-21,validation
2020-12-13_betis_villarreal,2020-21,validation
2020-12-13_elche_granada,2020-21,validation
2020-12-13_sociedad_eibar,2020-21,validation
2020-12-14_celta_cadiz,2020-21,validation
2020-12-15_real_madrid_ath_bilbao,2020-21,validation
2020-12-16_barcelona_sociedad,2020-21,validation
2020-12-18_ath_bilbao_huesca,2020-21,validation
2020-12-19_ath_madrid_elche,2020-21,validation
2020-12-19_barcelona_valencia,2020-21,validation
2020-12-19_levante_sociedad,2020-21,validation
2020-12-19_osasuna_villarreal,2020-21,validation
2020-12-19_sevilla_valladolid,2020-21,validation
2020-12-20_cadiz_getafe,2020-21,validation
2020-12-20_celta_alaves,2020-21,validation
2020-12-20_eibar_real_madrid,2020-21,validation
2020-12-20_granada_betis,2020-21,validation
2020-12-22_elche_osasuna,2020-21,validation
2020-12-22_huesca_levante,2020-21,validation
2020-12-22_sociedad_ath_madrid,2020-21,validation
2020-12-22_valencia_sevilla,2020-21,validation
2020-12-22_valladolid_barcelona,2020-21,validation
2020-12-22_villarreal_ath_bilbao,2020-21,validation
2020-12-23_alaves_eibar,2020-21,validation
2020-12-23_betis_cadiz,2020-21,validation
2020-12-23_getafe_celta,2020-21,validation
2020-12-23_real_madrid_granada,2020-21,validation
2020-12-29_barcelona_eibar,2020-21,validation
2020-12-29_cadiz_valladolid,2020-21,validation
2020-12-29_levante_betis,2020-21,validation
2020-12-29_sevilla_villarreal,2020-21,validation
2020-12-30_ath_madrid_getafe,2020-21,validation
2020-12-30_celta_huesca,2020-21,validation
2020-12-30_elche_real_madrid,2020-21,validation
2020-12-30_granada_valencia,2020-21,validation
2020-12-31_ath_bilbao_sociedad,2020-21,validation
2020-12-31_osasuna_alaves,2020-21,validation
2021-01-02_betis_sevilla,2020-21,validation
2021-01-02_getafe_valladolid,2020-21,validation
2021-01-02_real_madrid_celta,2020-21,validation
2021-01-02_villarreal_levante,2020-21,validation
2021-01-03_alaves_ath_madrid,2020-21,validation
2021-01-03_ath_bilbao_elche,2020-21,validation
2021-01-03_eibar_granada,2020-21,validation
2021-01-03_huesca_barcelona,2020-21,validation
2021-01-03_sociedad_osasuna,2020-21,validation
2021-01-04_valencia_cadiz,2020-21,validation
2021-01-06_ath_bilbao_barcelona,2020-21,validation
2021-01-08_celta_villarreal,2020-21,validation
2021-01-09_granada_barcelona,2020-21,validation
2021-01-09_osasuna_real_madrid,2020-21,validation
2021-01-09_sevilla_sociedad,2020-21,validation
2021-01-10_cadiz_alaves,2020-21,validation
2021-01-10_levante_eibar,2020-21,validation
2021-01-10_valladolid_valencia,2020-21,validation
2021-01-11_elche_getafe,2020-21,validation
2021-01-11_huesca_betis,2020-21,validation
2021-01-12_ath_madrid_sevilla,2020-21,validation
2021-01-12_granada_osasuna,2020-21,validation
2021-01-19_alaves_sevilla,2020-21,validation
2021-01-19_cadiz_levante,2020-21,validation
2021-01-19_valladolid_elche,2020-21,validation
2021-01-20_betis_celta,2020-21,validation
2021-01-20_getafe_huesca,2020-21,validation
2021-01-20_villarreal_granada,2020-21,validation
2021-01-21_eibar_ath_madrid,2020-21,validation
2021-01-21_valencia_osasuna,2020-21,validation
2021-01-22_levante_valladolid,2020-21,validation
2021-01-23_alaves_real_madrid,2020-21,validation
2021-01-23_huesca_villarreal,2020-21,validation
2021-01-23_sevilla_cadiz,2020-21,validation
2021-01-23_sociedad_betis,2020-21,validation
2021-01-24_ath_madrid_valencia,2020-21,validation
2021-01-24_celta_eibar,2020-21,validation
2021-01-24_elche_barcelona,2020-21,validation
2021-01-24_osasuna_granada,2020-21,validation
2021-01-25_ath_bilbao_getafe,2020-21,validation
2021-01-29_valladolid_huesca,2020-21,validation
2021-01-30_eibar_sevilla,2020-21,validation
2021-01-30_real_madrid_levante,2020-21,validation
2021-01-30_valencia_elche,2020-21,validation
2021-01-30_villarreal_sociedad,2020-21,validation
2021-01-31_barcelona_ath_bilbao,2020-21,validation
2021-01-31_cadiz_ath_madrid,2020-21,validation
2021-01-31_getafe_alaves,2020-21,validation
2021-01-31_granada_celta,2020-21,validation
2021-02-01_betis_osasuna,2020-21,validation
2021-02-05_alaves_valladolid,2020-21,validation
2021-02-06_elche_villarreal,2020-21,validation
2021-02-06_huesca_real_madrid,2020-21,validation
2021-02-06_levante_granada,2020-21,validation
2021-02-06_sevilla_getafe,2020-21,validation
2021-02-07_ath_bilbao_valencia,2020-21,validation
2021-02-07_betis_barcelona,2020-21,validation
2021-02-07_osasuna_eibar,2020-21,validation
2021-02-07_sociedad_cadiz,2020-21,validation
2021-02-08_ath_madrid_celta,2020-21,validation
2021-02-09_real_madrid_getafe,2020-21,validation
2021-02-12_celta_elche,2020-21,validation
2021-02-13_barcelona_alaves,2020-21,validation
2021-02-13_eibar_valladolid,2020-21,validation
2021-02-13_granada_ath_madrid,2020-21,validation
2021-02-13_sevilla_huesca,2020-21,validation
2021-02-14_getafe_sociedad,2020-21,validation
2021-02-14_levante_osasuna,2020-21,validation
2021-02-14_real_madrid_valencia,2020-21,validation
2021-02-14_villarreal_betis,2020-21,validation
2021-02-15_cadiz_ath_bilbao,2020-21,validation
2021-02-17_levante_ath_madrid,2020-21,validation
2021-02-19_betis_getafe,2020-21,validation
2021-02-20_ath_madrid_levante,2020-21,validation
2021-02-20_elche_eibar,2020-21,validation
2021-02-20_valencia_celta,2020-21,validation
2021-02-20_valladolid_real_madrid,2020-21,validation
2021-02-21_ath_bilbao_villarreal,2020-21,validation
2021-02-21_barcelona_cadiz,2020-21,validation
2021-02-21_huesca_granada,2020-21,validation
2021-02-21_sociedad_alaves,2020-21,validation
2021-02-22_osasuna_sevilla,2020-21,validation
2021-02-24_barcelona_elche,2020-21,validation
2021-02-26_levante_ath_bilbao,2020-21,validation
2021-02-27_alaves_osasuna,2020-21,validation
2021-02-27_eibar_huesca,2020-21,validation
2021-02-27_getafe_valencia,2020-21,validation
2021-02-27_sevilla_barcelona,2020-21,validation
2021-02-28_cadiz_betis,2020-21,validation
2021-02-28_celta_valladolid,2020-21,validation
2021-02-28_granada_elche,2020-21,validation
2021-02-28_villarreal_ath_madrid,2020-21,validation
2021-03-01_real_madrid_sociedad,2020-21,validation
2021-03-05_valencia_villarreal,2020-21,validation
2021-03-06_cadiz_eibar,2020-21,validation
2021-03-06_elche_sevilla,2020-21,validation
2021-03-06_osasuna_barcelona,2020-21,validation
2021-03-06_valladolid_getafe,2020-21,validation
2021-03-07_ath_bilbao_granada,2020-21,validation
2021-03-07_ath_madrid_real_madrid,2020-21,validation
2021-03-07_huesca_celta,2020-21,validation
2021-03-07_sociedad_levante,2020-21,validation
2021-03-08_betis_alaves,2020-21,validation
2021-03-10_ath_madrid_ath_bilbao,2020-21,validation
2021-03-12_levante_valencia,2020-21,validation
2021-03-13_alaves_cadiz,2020-21,validation
2021-03-13_getafe_ath_madrid,2020-21,validation
2021-03-13_osasuna_valladolid,2020-21,validation
2021-03-13_real_madrid_elche,2020-21,validation
2021-03-14_celta_ath_bilbao,2020-21,validation
2021-03-14_eibar_villarreal,2020-21,validation
2021-03-14_granada_sociedad,2020-21,validation
2021-03-14_sevilla_betis,2020-21,validation
2021-03-15_barcelona_huesca,2020-21,validation
2021-03-17_sevilla_elche,2020-21,validation
2021-03-19_betis_levante,2020-21,validation
2021-03-20_ath_bilbao_eibar,2020-21,validation
2021-03-20_celta_real_madrid,2020-21,validation
2021-03-20_huesca_osasuna,2020-21,validation
2021-03-20_valladolid_sevilla,2020-21,validation
2021-03-21_ath_madrid_alaves,2020-21,validation
2021-03-21_getafe_elche,2020-21,validation
2021-03-21_sociedad_barcelona,2020-21,validation
2021-03-21_valencia_granada,2020-21,validation
2021-03-21_villarreal_cadiz,2020-21,validation
2021-04-02_levante_huesca,2020-21,validation
2021-04-03_granada_villarreal,2020-21,validation
2021-04-03_osasuna_getafe,2020-21,validation
2021-04-03_real_madrid_eibar,2020-21,validation
2021-04-04_alaves_celta,2020-21,validation
2021-04-04_cadiz_valencia,2020-21,validation
2021-04-04_elche_betis,2020-21,validation
2021-04-04_sevilla_ath_madrid,2020-21,validation
2021-04-05_barcelona_valladolid,2020-21,validation
2021-04-07_sociedad_ath_bilbao,2020-21,validation
2021-04-09_huesca_elche,2020-21,validation
2021-04-10_ath_bilbao_alaves,2020-21,validation
2021-04-10_eibar_levante,2020-21,validation
2021-04-10_getafe_cadiz,2020-21,validation
2021-04-10_real_madrid_barcelona,2020-21,validation
2021-04-11_betis_ath_madrid,2020-21,validation
2021-04-11_valencia_sociedad,2020-21,validation
2021-04-11_valladolid_granada,2020-21,validation
2021-04-11_villarreal_osasuna,2020-21,validation
2021-04-12_celta_sevilla,2020-21,validation
2021-04-18_alaves_huesca,2020-21,validation
2021-04-18_ath_madrid_eibar,2020-21,validation
2021-04-18_betis_valencia,2020-21,validation
2021-04-18_cadiz_celta,2020-21,validation
2021-04-18_getafe_real_madrid,2020-21,validation
2021-04-18_levante_villarreal,2020-21,validation
2021-04-18_osasuna_elche,2020-21,validation
2021-04-18_sociedad_sevilla,2020-21,validation
2021-04-21_alaves_villarreal,2020-21,validation
2021-04-21_betis_ath_bilbao,2020-21,validation
2021-04-21_cadiz_real_madrid,2020-21,validation
2021-04-21_elche_valladolid,2020-21,validation
2021-04-21_levante_sevilla,2020-21,validation
2021-04-21_osasuna_valencia,2020-21,validation
2021-04-22_ath_madrid_huesca,2020-21,validation
2021-04-22_barcelona_getafe,2020-21,validation
2021-04-22_granada_eibar,2020-21,validation
2021-04-22_sociedad_celta,2020-21,validation
2021-04-24_elche_levante,2020-21,validation
2021-04-24_real_madrid_betis,2020-21,validation
2021-04-24_valencia_alaves,2020-21,validation
2021-04-24_valladolid_cadiz,2020-21,validation
2021-04-25_ath_bilbao_ath_madrid,2020-21,validation
2021-04-25_celta_osasuna,2020-21,validation
2021-04-25_huesca_getafe,2020-21,validation
2021-04-25_sevilla_granada,2020-21,validation
2021-04-25_villarreal_barcelona,2020-21,validation
2021-04-26_eibar_sociedad,2020-21,validation
2021-04-28_ath_bilbao_valladolid,2020-21,validation
2021-04-29_barcelona_granada,2020-21,validation
2021-04-30_celta_levante,2020-21,validation
2021-05-01_eibar_alaves,2020-21,validation
2021-05-01_elche_ath_madrid,2020-21,validation
2021-05-01_huesca_sociedad,2020-21,validation
2021-05-01_real_madrid_osasuna,2020-21,validation
2021-05-02_granada_cadiz,2020-21,validation
2021-05-02_valencia_barcelona,2020-21,validation
2021-05-02_valladolid_betis,2020-21,validation
2021-05-02_villarreal_getafe,2020-21,validation
2021-05-03_sevilla_ath_bilbao,2020-21,validation
2021-05-07_sociedad_elche,2020-21,validation
2021-05-08_alaves_levante,2020-21,validation
2021-05-08_ath_bilbao_osasuna,2020-21,validation
2021-05-08_barcelona_ath_madrid,2020-21,validation
2021-05-08_cadiz_huesca,2020-21,validation
2021-05-09_getafe_eibar,2020-21,validation
2021-05-09_real_madrid_sevilla,2020-21,validation
2021-05-09_valencia_valladolid,2020-21,validation
2021-05-09_villarreal_celta,2020-21,validation
2021-05-10_betis_granada,2020-21,validation
2021-05-11_elche_alaves,2020-21,validation
2021-05-11_levante_barcelona,2020-21,validation
2021-05-11_osasuna_cadiz,2020-21,validation
2021-05-12_ath_madrid_sociedad,2020-21,validation
2021-05-12_celta_getafe,2020-21,validation
2021-05-12_huesca_ath_bilbao,2020-21,validation
2021-05-12_sevilla_valencia,2020-21,validation
2021-05-13_eibar_betis,2020-21,validation
2021-05-13_granada_real_madrid,2020-21,validation
2021-05-13_valladolid_villarreal,2020-21,validation
2021-05-16_alaves_granada,2020-21,validation
2021-05-16_ath_bilbao_real_madrid,2020-21,validation
2021-05-16_ath_madrid_osasuna,2020-21,validation
2021-05-16_barcelona_celta,2020-21,validation
2021-05-16_betis_huesca,2020-21,validation
2021-05-16_cadiz_elche,2020-21,validation
2021-05-16_getafe_levante,2020-21,validation
2021-05-16_sociedad_valladolid,2020-21,validation
2021-05-16_valencia_eibar,2020-21,validation
2021-05-16_villarreal_sevilla,2020-21,validation
2021-05-21_levante_cadiz,2020-21,validation
2021-05-22_celta_betis,2020-21,validation
2021-05-22_eibar_barcelona,2020-21,validation
2021-05-22_elche_ath_bilbao,2020-21,validation
2021-05-22_huesca_valencia,2020-21,validation
2021-05-22_osasuna_sociedad,2020-21,validation
2021-05-22_real_madrid_villarreal,2020-21,validation
2021-05-22_valladolid_ath_madrid,2020-21,validation
2021-05-23_granada_getafe,2020-21,validation
2021-05-23_sevilla_alaves,2020-21,validation
2021-08-13_valencia_getafe,2021-22,validation
2021-08-14_alaves_real_madrid,2021-22,validation
2021-08-14_cadiz_levante,2021-22,validation
2021-08-14_mallorca_betis,2021-22,validation
2021-08-14_osasuna_espanol,2021-22,validation
2021-08-15_barcelona_sociedad,2021-22,validation
2021-08-15_celta_ath_madrid,2021-22,validation
2021-08-15_sevilla_vallecano,2021-22,validation
2021-08-16_elche_ath_bilbao,2021-22,validation
2021-08-16_villarreal_granada,2021-22,validation
2021-08-20_betis_cadiz,2021-22,validation
2021-08-21_alaves_mallorca,2021-22,validation
2021-08-21_ath_bilbao_barcelona,2021-22,validation
2021-08-21_espanol_villarreal,2021-22,validation
2021-08-21_granada_valencia,2021-22,validation
2021-08-22_ath_madrid_elche,2021-22,validation
2021-08-22_levante_real_madrid,2021-22,validation
2021-08-22_sociedad_vallecano,2021-22,validation
2021-08-23_getafe_sevilla,2021-22,validation
2021-08-23_osasuna_celta,2021-22,validation
2021-08-27_mallorca_espanol,2021-22,validation
2021-08-27_valencia_alaves,2021-22,validation
2021-08-28_betis_real_madrid,2021-22,validation
2021-08-28_celta_ath_bilbao,2021-22,validation
2021-08-28_elche_sevilla,2021-22,validation
2021-08-28_sociedad_levante,2021-22,validation
2021-08-29_ath_madrid_villarreal,2021-22,validation
2021-08-29_barcelona_getafe,2021-22,validation
2021-08-29_cadiz_osasuna,2021-22,validation
2021-08-29_vallecano_granada,2021-22,validation
2021-09-11_ath_bilbao_mallorca,2021-22,validation
2021-09-11_levante_vallecano,2021-22,validation
2021-09-12_cadiz_sociedad,2021-22,validation
2021-09-12_espanol_ath_madrid,2021-22,validation
2021-09-12_osasuna_valencia,2021-22,validation
2021-09-12_real_madrid_celta,2021-22,validation
2021-09-13_getafe_elche,2021-22,validation
2021-09-13_granada_betis,2021-22,validation
2021-09-17_celta_cadiz,2021-22,validation
2021-09-18_alaves_osasuna,2021-22,validation
2021-09-18_ath_madrid_ath_bilbao,2021-22,validation
2021-09-18_elche_levante,2021-22,validation
2021-09-18_vallecano_getafe,2021-22,validation
2021-09-19_betis_espanol,2021-22,validation
2021-09-19_mallorca_villarreal,2021-22,validation
2021-09-19_sociedad_sevilla,2021-22,validation
2021-09-19_valencia_real_madrid,2021-22,validation
2021-09-20_barcelona_granada,2021-22,validation
2021-09-21_ath_bilbao_vallecano,2021-22,validation
2021-09-21_getafe_ath_madrid,2021-22,validation
2021-09-21_levante_celta,2021-22,validation
2021-09-22_espanol_alaves,2021-22,validation
2021-09-22_real_madrid_mallorca,2021-22,validation
2021-09-22_sevilla_valencia,2021-22,validation
2021-09-22_villarreal_elche,2021-22,validation
2021-09-23_cadiz_barcelona,2021-22,validation
2021-09-23_granada_sociedad,2021-22,validation
2021-09-23_osasuna_betis,2021-22,validation
2021-09-25_alaves_ath_madrid,2021-22,validation
2021-09-25_real_madrid_villarreal,2021-22,validation
2021-09-25_sevilla_espanol,2021-22,validation
2021-09-25_valencia_ath_bilbao,2021-22,validation
2021-09-26_barcelona_levante,2021-22,validation
2021-09-26_betis_getafe,2021-22,validation
2021-09-26_mallorca_osasuna,2021-22,validation
2021-09-26_sociedad_elche,2021-22,validation
2021-09-26_vallecano_cadiz,2021-22,validation
2021-09-27_celta_granada,2021-22,validation
2021-10-01_ath_bilbao_alaves,2021-22,validation
2021-10-02_ath_madrid_barcelona,2021-22,validation
2021-10-02_cadiz_valencia,2021-22,validation
2021-10-02_mallorca_levante,2021-22,validation
2021-10-02_osasuna_vallecano,2021-22,validation
2021-10-03_elche_celta,2021-22,validation
2021-10-03_espanol_real_madrid,2021-22,validation
2021-10-03_getafe_sociedad,2021-22,validation
2021-10-03_granada_sevilla,2021-22,validation
2021-10-03_villarreal_betis,2021-22,validation
2021-10-16_levante_getafe,2021-22,validation
2021-10-16_sociedad_mallorca,2021-22,validation
2021-10-17_barcelona_valencia,2021-22,validation
2021-10-17_celta_sevilla,2021-22,validation
2021-10-17_vallecano_elche,2021-22,validation
2021-10-17_villarreal_osasuna,2021-22,validation
2021-10-18_alaves_betis,2021-22,validation
2021-10-18_espanol_cadiz,2021-22,validation
2021-10-22_osasuna_granada,2021-22,validation
2021-10-23_ath_bilbao_villarreal,2021-22,validation
2021-10-23_cadiz_alaves,2021-22,validation
2021-10-23_elche_espanol,2021-22,validation
2021-10-23_valencia_mallorca,2021-22,validation
2021-10-24_ath_madrid_sociedad,2021-22,validation
2021-10-24_barcelona_real_madrid,2021-22,validation
2021-10-24_betis_vallecano,2021-22,validation
2021-10-24_sevilla_levante,2021-22,validation
2021-10-25_getafe_celta,2021-22,validation
2021-10-26_alaves_elche,2021-22,validation
2021-10-26_espanol_ath_bilbao,2021-22,validation
2021-10-26_villarreal_cadiz,2021-22,validation
2021-10-27_betis_valencia,2021-22,validation
2021-10-27_mallorca_sevilla,2021-22,validation
2021-10-27_real_madrid_osasuna,2021-22,validation
2021-10-27_vallecano_barcelona,2021-22,validation
2021-10-28_celta_sociedad,2021-22,validation
2021-10-28_granada_getafe,2021-22,validation
2021-10-28_levante_ath_madrid,2021-22,validation
2021-10-30_barcelona_alaves,2021-22,validation
2021-10-30_elche_real_madrid,2021-22,validation
2021-10-30_sevilla_osasuna,2021-22,validation
2021-10-30_valencia_villarreal,2021-22,validation
2021-10-31_ath_madrid_betis,2021-22,validation
2021-10-31_cadiz_mallorca,2021-22,validation
2021-10-31_getafe_espanol,2021-22,validation
2021-10-31_sociedad_ath_bilbao,2021-22,validation
2021-11-01_levante_granada,2021-22,validation
2021-11-01_vallecano_celta,2021-22,validation
2021-11-05_ath_bilbao_cadiz,2021-22,validation
2021-11-06_alaves_levante,2021-22,validation
2021-11-06_celta_barcelona,2021-22,validation
2021-11-06_espanol_granada,2021-22,validation
2021-11-06_real_madrid_vallecano,2021-22,validation
2021-11-07_betis_sevilla,2021-22,validation
2021-11-07_mallorca_elche,2021-22,validation
2021-11-07_osasuna_sociedad,2021-22,validation
2021-11-07_valencia_ath_madrid,2021-22,validation
2021-11-07_villarreal_getafe,2021-22,validation
2021-11-19_levante_ath_bilbao,2021-22,validation
2021-11-20_ath_madrid_osasuna,2021-22,validation
2021-11-20_barcelona_espanol,2021-22,validation
2021-11-20_celta_villarreal,2021-22,validation
2021-11-20_sevilla_alaves,2021-22,validation
2021-11-21_elche_betis,2021-22,validation
2021-11-21_getafe_cadiz,2021-22,validation
2021-11-21_granada_real_madrid,2021-22,validation
2021-11-21_sociedad_valencia,2021-22,validation
2021-11-22_vallecano_mallorca,2021-22,validation
2021-11-26_ath_bilbao_granada,2021-22,validation
2021-11-27_alaves_celta,2021-22,validation
2021-11-27_mallorca_getafe,2021-22,validation
2021-11-27_valencia_vallecano,2021-22,validation
2021-11-27_villarreal_barcelona,2021-22,validation
2021-11-28_betis_levante,2021-22,validation
2021-11-28_cadiz_ath_madrid,2021-22,validation
2021-11-28_espanol_sociedad,2021-22,validation
2021-11-28_real_madrid_sevilla,2021-22,validation
2021-11-29_osasuna_elche,2021-22,validation
2021-12-01_real_madrid_ath_bilbao,2021-22,validation
2021-12-03_granada_alaves,2021-22,validation
2021-12-04_ath_madrid_mallorca,2021-22,validation
2021-12-04_barcelona_betis,2021-22,validation
2021-12-04_sevilla_villarreal,2021-22,validation
2021-12-04_sociedad_real_madrid,2021-22,validation
2021-12-05_celta_valencia,2021-22,validation
2021-12-05_elche_cadiz,2021-22,validation
2021-12-05_levante_osasuna,2021-22,validation
2021-12-05_vallecano_espanol,2021-22,validation
2021-12-06_getafe_ath_bilbao,2021-22,validation
2021-12-10_mallorca_celta,2021-22,validation
2021-12-11_alaves_getafe,2021-22,validation
2021-12-11_ath_bilbao_sevilla,2021-22,validation
2021-12-11_espanol_levante,2021-22,validation
2021-12-11_valencia_elche,2021-22,validation
2021-12-12_betis_sociedad,2021-22,validation
2021-12-12_osasuna_barcelona,2021-22,validation
2021-12-12_real_madrid_ath_madrid,2021-22,validation
2021-12-12_villarreal_vallecano,2021-22,validation
2021-12-13_cadiz_granada,2021-22,validation
2021-12-17_celta_espanol,2021-22,validation
2021-12-18_barcelona_elche,2021-22,validation
2021-12-18_sevilla_ath_madrid,2021-22,validation
2021-12-18_sociedad_villarreal,2021-22,validation
2021-12-18_vallecano_alaves,2021-22,validation
2021-12-19_ath_bilbao_betis,2021-22,validation
2021-12-19_getafe_osasuna,2021-22,validation
2021-12-19_granada_mallorca,2021-22,validation
2021-12-19_real_madrid_cadiz,2021-22,validation
2021-12-20_levante_valencia,2021-22,validation
2021-12-21_sevilla_barcelona,2021-22,validation
2021-12-21_villarreal_alaves,2021-22,validation
2021-12-22_ath_bilbao_real_madrid,2021-22,validation
2021-12-22_granada_ath_madrid,2021-22,validation
2021-12-31_valencia_espanol,2021-22,validation
2022-01-02_alaves_sociedad,2021-22,validation
2022-01-02_ath_madrid_vallecano,2021-22,validation
2022-01-02_betis_celta,2021-22,validation
2022-01-02_elche_granada,2021-22,validation
2022-01-02_getafe_real_madrid,2021-22,validation
2022-01-02_mallorca_barcelona,2021-22,validation
2022-01-03_cadiz_sevilla,2021-22,validation
2022-01-03_osasuna_ath_bilbao,2021-22,validation
2022-01-03_villarreal_levante,2021-22,validation
2022-01-08_granada_barcelona,2021-22,validation
2022-01-08_levante_mallorca,2021-22,validation
2022-01-08_real_madrid_valencia,2021-22,validation
2022-01-08_sociedad_celta,2021-22,validation
2022-01-09_alaves_ath_bilbao,2021-22,validation
2022-01-09_osasuna_cadiz,2021-22,validation
2022-01-09_sevilla_getafe,2021-22,validation
2022-01-09_vallecano_betis,2021-22,validation
2022-01-09_villarreal_ath_madrid,2021-22,validation
2022-01-10_espanol_elche,2021-22,validation
2022-01-16_elche_villarreal,2021-22,validation
2022-01-18_betis_alaves,2021-22,validation
2022-01-18_cadiz_espanol,2021-22,validation
2022-01-19_celta_osasuna,2021-22,validation
2022-01-19_valencia_sevilla,2021-22,validation
2022-01-20_getafe_granada,2021-22,validation
2022-01-21_espanol_betis,2021-22,validation
2022-01-22_ath_madrid_valencia,2021-22,validation
2022-01-22_levante_cadiz,2021-22,validation
2022-01-22_sevilla_celta,2021-22,validation
2022-01-22_villarreal_mallorca,2021-22,validation
2022-01-23_alaves_barcelona,2021-22,validation
2022-01-23_granada_osasuna,2021-22,validation
2022-01-23_real_madrid_elche,2021-22,validation
2022-01-23_sociedad_getafe,2021-22,validation
2022-01-23_vallecano_ath_bilbao,2021-22,validation
2022-02-04_getafe_levante,2021-22,validation
2022-02-05_celta_vallecano,2021-22,validation
2022-02-05_elche_alaves,2021-22,validation
2022-02-05_mallorca_cadiz,2021-22,validation
2022-02-05_osasuna_sevilla,2021-22,validation
2022-02-06_barcelona_ath_madrid,2021-22,validation
2022-02-06_betis_villarreal,2021-22,validation
2022-02-06_real_madrid_granada,2021-22,validation
2022-02-06_valencia_sociedad,2021-22,validation
2022-02-07_ath_bilbao_espanol,2021-22,validation
2022-02-11_sevilla_elche,2021-22,validation
2022-02-12_ath_madrid_getafe,2021-22,validation
2022-02-12_cadiz_celta,2021-22,validation
2022-02-12_vallecano_osasuna,2021-22,validation
2022-02-12_villarreal_real_madrid,2021-22,validation
2022-02-13_alaves_valencia,2021-22,validation
2022-02-13_espanol_barcelona,2021-22,validation
2022-02-13_levante_betis,2021-22,validation
2022-02-13_sociedad_granada,2021-22,validation
2022-02-14_mallorca_ath_bilbao,2021-22,validation
2022-02-16_ath_madrid_levante,2021-22,validation
2022-02-18_elche_vallecano,2021-22,validation
2022-02-19_cadiz_getafe,2021-22,validation
2022-02-19_granada_villarreal,2021-22,validation
2022-02-19_osasuna_ath_madrid,2021-22,validation
2022-02-19_real_madrid_alaves,2021-22,validation
2022-02-20_ath_bilbao_sociedad,2021-22,validation
2022-02-20_betis_mallorca,2021-22,validation
2022-02-20_espanol_sevilla,2021-22,validation
2022-02-20_valencia_barcelona,2021-22,validation
2022-02-21_celta_levante,2021-22,validation
2022-02-25_levante_elche,2021-22,validation
2022-02-26_ath_madrid_celta,2021-22,validation
2022-02-26_getafe_alaves,2021-22,validation
2022-02-26_mallorca_valencia,2021-22,validation
2022-02-26_vallecano_real_madrid,2021-22,validation
2022-02-27_barcelona_ath_bilbao,2021-22,validation
2022-02-27_sevilla_betis,2021-22,validation
2022-02-27_sociedad_osasuna,2021-22,validation
2022-02-27_villarreal_espanol,2021-22,validation
2022-02-28_granada_cadiz,2021-22,validation
2022-03-02_mallorca_sociedad,2021-22,validation
2022-03-04_alaves_sevilla,2021-22,validation
2022-03-05_espanol_getafe,2021-22,validation
2022-03-05_osasuna_villarreal,2021-22,validation
2022-03-05_real_madrid_sociedad,2021-22,validation
2022-03-05_valencia_granada,2021-22,validation
2022-03-06_betis_ath_madrid,2021-22,validation
2022-03-06_cadiz_vallecano,2021-22,validation
2022-03-06_celta_mallorca,2021-22,validation
2022-03-06_elche_barcelona,2021-22,validation
2022-03-07_ath_bilbao_levante,2021-22,validation
2022-03-11_ath_madrid_cadiz,2021-22,validation
2022-03-12_getafe_valencia,2021-22,validation
2022-03-12_granada_elche,2021-22,validation
2022-03-12_levante_espanol,2021-22,validation
2022-03-12_villarreal_celta,2021-22,validation
2022-03-13_barcelona_osasuna,2021-22,validation
2022-03-13_betis_ath_bilbao,2021-22,validation
2022-03-13_sociedad_alaves,2021-22,validation
2022-03-13_vallecano_sevilla,2021-22,validation
2022-03-14_mallorca_real_madrid,2021-22,validation
2022-03-18_ath_bilbao_getafe,2021-22,validation
2022-03-19_alaves_granada,2021-22,validation
2022-03-19_elche_valencia,2021-22,validation
2022-03-19_osasuna_levante,2021-22,validation
2022-03-19_vallecano_ath_madrid,2021-22,validation
2022-03-20_cadiz_villarreal,2021-22,validation
2022-03-20_celta_betis,2021-22,validation
2022-03-20_espanol_mallorca,2021-22,validation
2022-03-20_real_madrid_barcelona,2021-22,validation
2022-03-20_sevilla_sociedad,2021-22,validation
2022-04-02_ath_madrid_alaves,2021-22,validation
2022-04-02_celta_real_madrid,2021-22,validation
2022-04-02_getafe_mallorca,2021-22,validation
2022-04-02_levante_villarreal,2021-22,validation
2022-04-03_ath_bilbao_elche,2021-22,validation
2022-04-03_barcelona_sevilla,2021-22,validation
2022-04-03_betis_osasuna,2021-22,validation
2022-04-03_granada_vallecano,2021-22,validation
2022-04-03_valencia_cadiz,2021-22,validation
2022-04-04_sociedad_espanol,2021-22,validation
2022-04-08_sevilla_granada,2021-22,validation
2022-04-09_cadiz_betis,2021-22,validation
2022-04-09_mallorca_ath_madrid,2021-22,validation
2022-04-09_real_madrid_getafe,2021-22,validation
2022-04-09_villarreal_ath_bilbao,2021-22,validation
2022-04-10_elche_sociedad,2021-22,validation
2022-04-10_espanol_celta,2021-22,validation
2022-04-10_levante_barcelona,2021-22,validation
2022-04-10_osasuna_alaves,2021-22,validation
2022-04-11_vallecano_valencia,2021-22,validation
2022-04-15_sociedad_betis,2021-22,validation
2022-04-16_alaves_vallecano,2021-22,validation
2022-04-16_elche_mallorca,2021-22,validation
2022-04-16_getafe_villarreal,2021-22,validation
2022-04-16_valencia_osasuna,2021-22,validation
2022-04-17_ath_bilbao_celta,2021-22,validation
2022-04-17_ath_madrid_espanol,2021-22,validation
2022-04-17_granada_levante,2021-22,validation
2022-04-17_sevilla_real_madrid,2021-22,validation
2022-04-18_barcelona_cadiz,2021-22,validation
2022-04-19_betis_elche,2021-22,validation
2022-04-19_mallorca_alaves,2021-22,validation
2022-04-19_villarreal_valencia,2021-22,validation
2022-04-20_ath_madrid_granada,2021-22,validation
2022-04-20_celta_getafe,2021-22,validation
2022-04-20_osasuna_real_madrid,2021-22,validation
2022-04-21_cadiz_ath_bilbao,2021-22,validation
2022-04-21_espanol_vallecano,2021-22,validation
2022-04-21_levante_sevilla,2021-22,validation
2022-04-21_sociedad_barcelona,2021-22,validation
2022-04-24_barcelona_vallecano,2021-22,validation
2022-04-29_sevilla_cadiz,2021-22,validation
2022-04-30_alaves_villarreal,2021-22,validation
2022-04-30_ath_bilbao_ath_madrid,2021-22,validation
2022-04-30_real_madrid_espanol,2021-22,validation
2022-04-30_valencia_levante,2021-22,validation
2022-05-01_barcelona_mallorca,2021-22,validation
2022-05-01_elche_osasuna,2021-22,validation
2022-05-01_granada_celta,2021-22,validation
2022-05-01_vallecano_sociedad,2021-22,validation
2022-05-02_getafe_betis,2021-22,validation
2022-05-06_levante_sociedad,2021-22,validation
2022-05-07_ath_bilbao_valencia,2021-22,validation
2022-05-07_betis_barcelona,2021-22,validation
2022-05-07_cadiz_elche,2021-22,validation
2022-05-07_celta_alaves,2021-22,validation
2022-05-07_mallorca_granada,2021-22,validation
2022-05-08_ath_madrid_real_madrid,2021-22,validation
2022-05-08_espanol_osasuna,2021-22,validation
2022-05-08_getafe_vallecano,2021-22,validation
2022-05-08_villarreal_sevilla,2021-22,validation
2022-05-10_barcelona_celta,2021-22,validation
2022-05-10_granada_ath_bilbao,2021-22,validation
2022-05-10_valencia_betis,2021-22,validation
2022-05-11_alaves_espanol,2021-22,validation
2022-05-11_elche_ath_madrid,2021-22,validation
2022-05-11_osasuna_getafe,2021-22,validation
2022-05-11_sevilla_mallorca,2021-22,validation
2022-05-12_real_madrid_levante,2021-22,validation
2022-05-12_sociedad_cadiz,2021-22,validation
2022-05-12_vallecano_villarreal,2021-22,validation
2022-05-14_espanol_valencia,2021-22,validation
2022-05-15_ath_bilbao_osasuna,2021-22,validation
2022-05-15_ath_madrid_sevilla,2021-22,validation
2022-05-15_betis_granada,2021-22,validation
2022-05-15_cadiz_real_madrid,2021-22,validation
2022-05-15_celta_elche,2021-22,validation
2022-05-15_getafe_barcelona,2021-22,validation
2022-05-15_levante_alaves,2021-22,validation
2022-05-15_mallorca_vallecano,2021-22,validation
2022-05-15_villarreal_sociedad,2021-22,validation
2022-05-20_real_madrid_betis,2021-22,validation
2022-05-20_vallecano_levante,2021-22,validation
2022-05-21_valencia_celta,2021-22,validation
2022-05-22_alaves_cadiz,2021-22,validation
2022-05-22_barcelona_villarreal,2021-22,validation
2022-05-22_elche_getafe,2021-22,validation
2022-05-22_granada_espanol,2021-22,validation
2022-05-22_osasuna_mallorca,2021-22,validation
2022-05-22_sevilla_ath_bilbao,2021-22,validation
2022-05-22_sociedad_ath_madrid,2021-22,validation
2022-08-12_osasuna_sevilla,2022-23,validation
2022-08-13_barcelona_vallecano,2022-23,validation
2022-08-13_celta_espanol,2022-23,validation
2022-08-13_valladolid_villarreal,2022-23,validation
2022-08-14_almeria_real_madrid,2022-23,validation
2022-08-14_cadiz_sociedad,2022-23,validation
2022-08-14_valencia_girona,2022-23,validation
2022-08-15_ath_bilbao_mallorca,2022-23,validation
2022-08-15_betis_elche,2022-23,validation
2022-08-15_getafe_ath_madrid,2022-23,validation
2022-08-19_espanol_vallecano,2022-23,validation
2022-08-19_sevilla_valladolid,2022-23,validation
2022-08-20_celta_real_madrid,2022-23,validation
2022-08-20_mallorca_betis,2022-23,validation
2022-08-20_osasuna_cadiz,2022-23,validation
2022-08-21_ath_bilbao_valencia,2022-23,validation
2022-08-21_ath_madrid_villarreal,2022-23,validation
2022-08-21_sociedad_barcelona,2022-23,validation
2022-08-22_elche_almeria,2022-23,validation
2022-08-22_girona_getafe,2022-23,validation
2022-08-26_betis_osasuna,2022-23,validation
2022-08-26_girona_celta,2022-23,validation
2022-08-27_almeria_sevilla,2022-23,validation
2022-08-27_elche_sociedad,2022-23,validation
2022-08-27_vallecano_mallorca,2022-23,validation
2022-08-28_barcelona_valladolid,2022-23,validation
2022-08-28_espanol_real_madrid,2022-23,validation
2022-08-28_getafe_villarreal,2022-23,validation
2022-08-29_cadiz_ath_bilbao,2022-23,validation
2022-08-29_valencia_ath_madrid,2022-23,validation
2022-09-02_celta_cadiz,2022-23,validation
2022-09-03_mallorca_girona,2022-23,validation
2022-09-03_real_madrid_betis,2022-23,validation
2022-09-03_sevilla_barcelona,2022-23,validation
2022-09-03_sociedad_ath_madrid,2022-23,validation
2022-09-04_ath_bilbao_espanol,2022-23,validation
2022-09-04_osasuna_vallecano,2022-23,validation
2022-09-04_valencia_getafe,2022-23,validation
2022-09-04_villarreal_elche,2022-23,validation
2022-09-05_valladolid_almeria,2022-23,validation
2022-09-09_girona_valladolid,2022-23,validation
2022-09-10_ath_madrid_celta,2022-23,validation
2022-09-10_cadiz_barcelona,2022-23,validation
2022-09-10_espanol_sevilla,2022-23,validation
2022-09-10_vallecano_valencia,2022-23,validation
2022-09-11_betis_villarreal,2022-23,validation
2022-09-11_elche_ath_bilbao,2022-23,validation
2022-09-11_getafe_sociedad,2022-23,validation
2022-09-11_real_madrid_mallorca,2022-23,validation
2022-09-12_almeria_osasuna,2022-23,validation
2022-09-16_valladolid_cadiz,2022-23,validation
2022-09-17_ath_bilbao_vallecano,2022-23,validation
2022-09-17_barcelona_elche,2022-23,validation
2022-09-17_mallorca_almeria,2022-23,validation
2022-09-17_valencia_celta,2022-23,validation
2022-09-18_ath_madrid_real_madrid,2022-23,validation
2022-09-18_betis_girona,2022-23,validation
2022-09-18_osasuna_getafe,2022-23,validation
2022-09-18_sociedad_espanol,2022-23,validation
2022-09-18_villarreal_sevilla,2022-23,validation
2022-09-30_ath_bilbao_almeria,2022-23,validation
2022-10-01_cadiz_villarreal,2022-23,validation
2022-10-01_getafe_valladolid,2022-23,validation
2022-10-01_mallorca_barcelona,2022-23,validation
2022-10-01_sevilla_ath_madrid,2022-23,validation
2022-10-02_celta_betis,2022-23,validation
2022-10-02_espanol_valencia,2022-23,validation
2022-10-02_girona_sociedad,2022-23,validation
2022-10-02_real_madrid_osasuna,2022-23,validation
2022-10-03_vallecano_elche,2022-23,validation
2022-10-07_osasuna_valencia,2022-23,validation
2022-10-08_almeria_vallecano,2022-23,validation
2022-10-08_ath_madrid_girona,2022-23,validation
2022-10-08_getafe_real_madrid,2022-23,validation
2022-10-08_sevilla_ath_bilbao,2022-23,validation
2022-10-09_barcelona_celta,2022-23,validation
2022-10-09_cadiz_espanol,2022-23,validation
2022-10-09_sociedad_villarreal,2022-23,validation
2022-10-09_valladolid_betis,2022-23,validation
2022-10-10_elche_mallorca,2022-23,validation
2022-10-14_vallecano_getafe,2022-23,validation
2022-10-15_ath_bilbao_ath_madrid,2022-23,validation
2022-10-15_girona_cadiz,2022-23,validation
2022-10-15_mallorca_sevilla,2022-23,validation
2022-10-15_valencia_elche,2022-23,validation
2022-10-16_betis_almeria,2022-23,validation
2022-10-16_celta_sociedad,2022-23,validation
2022-10-16_espanol_valladolid,2022-23,validation
2022-10-16_real_madrid_barcelona,2022-23,validation
2022-10-17_villarreal_osasuna,2022-23,validation
2022-10-18_ath_madrid_vallecano,2022-23,validation
2022-10-18_getafe_ath_bilbao,2022-23,validation
2022-10-18_sevilla_valencia,2022-23,validation
2022-10-19_cadiz_betis,2022-23,validation
2022-10-19_elche_real_madrid,2022-23,validation
2022-10-19_sociedad_mallorca,2022-23,validation
2022-10-19_valladolid_celta,2022-23,validation
2022-10-20_almeria_girona,2022-23,validation
2022-10-20_barcelona_villarreal,2022-23,validation
2022-10-20_osasuna_espanol,2022-23,validation
2022-10-22_real_madrid_sevilla,2022-23,validation
2022-10-22_valencia_mallorca,2022-23,validation
2022-10-22_valladolid_sociedad,2022-23,validation
2022-10-22_vallecano_cadiz,2022-23,validation
2022-10-23_barcelona_ath_bilbao,2022-23,validation
2022-10-23_betis_ath_madrid,2022-23,validation
2022-10-23_espanol_elche,2022-23,validation
2022-10-23_girona_osasuna,2022-23,validation
2022-10-23_villarreal_almeria,2022-23,validation
2022-10-24_celta_getafe,2022-23,validation
2022-10-28_mallorca_espanol,2022-23,validation
2022-10-29_almeria_celta,2022-23,validation
2022-10-29_cadiz_ath_madrid,2022-23,validation
2022-10-29_sevilla_vallecano,2022-23,validation
2022-10-29_valencia_barcelona,2022-23,validation
2022-10-30_ath_bilbao_villarreal,2022-23,validation
2022-10-30_osasuna_valladolid,2022-23,validation
2022-10-30_real_madrid_girona,2022-23,validation
2022-10-30_sociedad_betis,2022-23,validation
2022-10-31_elche_getafe,2022-23,validation
2022-11-04_girona_ath_bilbao,2022-23,validation
2022-11-05_barcelona_almeria,2022-23,validation
2022-11-05_celta_osasuna,2022-23,validation
2022-11-05_getafe_cadiz,2022-23,validation
2022-11-05_valladolid_elche,2022-23,validation
2022-11-06_ath_madrid_espanol,2022-23,validation
2022-11-06_betis_sevilla,2022-23,validation
2022-11-06_sociedad_valencia,2022-23,validation
2022-11-06_villarreal_mallorca,2022-23,validation
2022-11-07_vallecano_real_madrid,2022-23,validation
2022-11-08_ath_bilbao_valladolid,2022-23,validation
2022-11-08_elche_girona,2022-23,validation
2022-11-08_osasuna_barcelona,2022-23,validation
2022-11-09_almeria_getafe,2022-23,validation
2022-11-09_espanol_villarreal,2022-23,validation
2022-11-09_mallorca_ath_madrid,2022-23,validation
2022-11-09_sevilla_sociedad,2022-23,validation
2022-11-10_real_madrid_cadiz,2022-23,validation
2022-11-10_valencia_betis,2022-23,validation
2022-11-10_vallecano_celta,2022-23,validation
2022-12-29_ath_madrid_elche,2022-23,validation
2022-12-29_betis_ath_bilbao,2022-23,validation
2022-12-29_girona_vallecano,2022-23,validation
2022-12-30_cadiz_almeria,2022-23,validation
2022-12-30_celta_sevilla,2022-23,validation
2022-12-30_getafe_mallorca,2022-23,validation
2022-12-30_valladolid_real_madrid,2022-23,validation
2022-12-31_barcelona_espanol,2022-23,validation
2022-12-31_sociedad_osasuna,2022-23,validation
2022-12-31_villarreal_valencia,2022-23,validation
2023-01-06_elche_celta,2022-23,validation
2023-01-06_valencia_cadiz,2022-23,validation
2023-01-07_espanol_girona,2022-23,validation
2023-01-07_mallorca_valladolid,2022-23,validation
2023-01-07_villarreal_real_madrid,2022-23,validation
2023-01-08_almeria_sociedad,2022-23,validation
2023-01-08_ath_madrid_barcelona,2022-23,validation
2023-01-08_sevilla_getafe,2022-23,validation
2023-01-08_vallecano_betis,2022-23,validation
2023-01-09_ath_bilbao_osasuna,2022-23,validation
2023-01-13_celta_villarreal,2022-23,validation
2023-01-14_girona_sevilla,2022-23,validation
2023-01-14_osasuna_mallorca,2022-23,validation
2023-01-14_sociedad_ath_bilbao,2022-23,validation
2023-01-14_valladolid_vallecano,2022-23,validation
2023-01-15_almeria_ath_madrid,2022-23,validation
2023-01-15_getafe_espanol,2022-23,validation
2023-01-16_cadiz_elche,2022-23,validation
2023-01-20_mallorca_celta,2022-23,validation
2023-01-21_ath_madrid_valladolid,2022-23,validation
2023-01-21_espanol_betis,2022-23,validation
2023-01-21_sevilla_cadiz,2022-23,validation
2023-01-21_vallecano_sociedad,2022-23,validation
2023-01-22_ath_bilbao_real_madrid,2022-23,validation
2023-01-22_barcelona_getafe,2022-23,validation
2023-01-22_elche_osasuna,2022-23,validation
2023-01-22_villarreal_girona,2022-23,validation
2023-01-23_valencia_almeria,2022-23,validation
2023-01-27_almeria_espanol,2022-23,validation
2023-01-28_cadiz_mallorca,2022-23,validation
2023-01-28_getafe_betis,2022-23,validation
2023-01-28_girona_barcelona,2022-23,validation
2023-01-28_sevilla_elche,2022-23,validation
2023-01-29_celta_ath_bilbao,2022-23,validation
2023-01-29_osasuna_ath_madrid,2022-23,validation
2023-01-29_real_madrid_sociedad,2022-23,validation
2023-01-29_valladolid_valencia,2022-23,validation
2023-01-30_villarreal_vallecano,2022-23,validation
2023-02-01_betis_barcelona,2022-23,validation
2023-02-02_real_madrid_valencia,2022-23,validation
2023-02-03_ath_bilbao_cadiz,2022-23,validation
2023-02-04_ath_madrid_getafe,2022-23,validation
2023-02-04_betis_celta,2022-23,validation
2023-02-04_elche_villarreal,2022-23,validation
2023-02-04_espanol_osasuna,2022-23,validation
2023-02-05_barcelona_sevilla,2022-23,validation
2023-02-05_girona_valencia,2022-23,validation
2023-02-05_mallorca_real_madrid,2022-23,validation
2023-02-05_sociedad_valladolid,2022-23,validation
2023-02-06_vallecano_almeria,2022-23,validation
2023-02-10_cadiz_girona,2022-23,validation
2023-02-11_almeria_betis,2022-23,validation
2023-02-11_sevilla_mallorca,2022-23,validation
2023-02-11_valencia_ath_bilbao,2022-23,validation
2023-02-12_celta_ath_madrid,2022-23,validation
2023-02-12_getafe_vallecano,2022-23,validation
2023-02-12_valladolid_osasuna,2022-23,validation
2023-02-12_villarreal_barcelona,2022-23,validation
2023-02-13_espanol_sociedad,2022-23,validation
2023-02-15_real_madrid_elche,2022-23,validation
2023-02-17_girona_almeria,2022-23,validation
2023-02-18_betis_valladolid,2022-23,validation
2023-02-18_mallorca_villarreal,2022-23,validation
2023-02-18_osasuna_real_madrid,2022-23,validation
2023-02-18_sociedad_celta,2022-23,validation
2023-02-19_ath_madrid_ath_bilbao,2022-23,validation
2023-02-19_barcelona_cadiz,2022-23,validation
2023-02-19_elche_espanol,2022-23,validation
2023-02-19_vallecano_sevilla,2022-23,validation
2023-02-20_getafe_valencia,2022-23,validation
2023-02-24_elche_betis,2022-23,validation
2023-02-25_cadiz_vallecano,2022-23,validation
2023-02-25_espanol_mallorca,2022-23,validation
2023-02-25_real_madrid_ath_madrid,2022-23,validation
2023-02-25_valencia_sociedad,2022-23,validation
2023-02-26_almeria_barcelona,2022-23,validation
2023-02-26_ath_bilbao_girona,2022-23,validation
2023-02-26_celta_valladolid,2022-23,validation
2023-02-26_sevilla_osasuna,2022-23,validation
2023-02-27_villarreal_getafe,2022-23,validation
2023-03-03_sociedad_cadiz,2022-23,validation
2023-03-04_almeria_villarreal,2022-23,validation
2023-03-04_ath_madrid_sevilla,2022-23,validation
2023-03-04_getafe_girona,2022-23,validation
2023-03-04_mallorca_elche,2022-23,validation
2023-03-05_barcelona_valencia,2022-23,validation
2023-03-05_betis_real_madrid,2022-23,validation
2023-03-05_valladolid_espanol,2022-23,validation
2023-03-05_vallecano_ath_bilbao,2022-23,validation
2023-03-06_osasuna_celta,2022-23,validation
2023-03-10_cadiz_getafe,2022-23,validation
2023-03-11_celta_vallecano,2022-23,validation
2023-03-11_elche_valladolid,2022-23,validation
2023-03-11_real_madrid_espanol,2022-23,validation
2023-03-11_valencia_osasuna,2022-23,validation
2023-03-12_ath_bilbao_barcelona,2022-23,validation
2023-03-12_mallorca_sociedad,2022-23,validation
2023-03-12_sevilla_almeria,2022-23,validation
2023-03-12_villarreal_betis,2022-23,validation
2023-03-13_girona_ath_madrid,2022-23,validation
2023-03-17_valladolid_ath_bilbao,2022-23,validation
2023-03-18_almeria_cadiz,2022-23,validation
2023-03-18_ath_madrid_valencia,2022-23,validation
2023-03-18_espanol_celta,2022-23,validation
2023-03-18_vallecano_girona,2022-23,validation
2023-03-19_barcelona_real_madrid,2022-23,validation
2023-03-19_betis_mallorca,2022-23,validation
2023-03-19_getafe_sevilla,2022-23,validation
2023-03-19_osasuna_villarreal,2022-23,validation
2023-03-19_sociedad_elche,2022-23,validation
2023-03-31_mallorca_osasuna,2022-23,validation
2023-04-01_ath_bilbao_getafe,2022-23,validation
2023-04-01_cadiz_sevilla,2022-23,validation
2023-04-01_elche_barcelona,2022-23,validation
2023-04-01_girona_espanol,2022-23,validation
2023-04-02_ath_madrid_betis,2022-23,validation
2023-04-02_celta_almeria,2022-23,validation
2023-04-02_real_madrid_valladolid,2022-23,validation
2023-04-02_villarreal_sociedad,2022-23,validation
2023-04-03_valencia_vallecano,2022-23,validation
2023-04-07_sevilla_celta,2022-23,validation
2023-04-08_espanol_ath_bilbao,2022-23,validation
2023-04-08_osasuna_elche,2022-23,validation
2023-04-08_real_madrid_villarreal,2022-23,validation
2023-04-08_sociedad_getafe,2022-23,validation
2023-04-09_almeria_valencia,2022-23,validation
2023-04-09_betis_cadiz,2022-23,validation
2023-04-09_valladolid_mallorca,2022-23,validation
2023-04-09_vallecano_ath_madrid,2022-23,validation
2023-04-10_barcelona_girona,2022-23,validation
2023-04-14_vallecano_osasuna,2022-23,validation
2023-04-15_ath_bilbao_sociedad,2022-23,validation
2023-04-15_betis_espanol,2022-23,validation
2023-04-15_cadiz_real_madrid,2022-23,validation
2023-04-15_villarreal_valladolid,2022-23,validation
2023-04-16_ath_madrid_almeria,2022-23,validation
2023-04-16_getafe_barcelona,2022-23,validation
2023-04-16_girona_elche,2022-23,validation
2023-04-16_valencia_sevilla,2022-23,validation
2023-04-17_celta_mallorca,2022-23,validation
2023-04-21_espanol_cadiz,2022-23,validation
2023-04-22_almeria_ath_bilbao,2022-23,validation
2023-04-22_osasuna_betis,2022-23,validation
2023-04-22_real_madrid_celta,2022-23,validation
2023-04-22_sociedad_vallecano,2022-23,validation
2023-04-22_valladolid_girona,2022-23,validation
2023-04-23_barcelona_ath_madrid,2022-23,validation
2023-04-23_elche_valencia,2022-23,validation
2023-04-23_mallorca_getafe,2022-23,validation
2023-04-23_sevilla_villarreal,2022-23,validation
2023-04-25_betis_sociedad,2022-23,validation
2023-04-25_cadiz_osasuna,2022-23,validation
2023-04-25_girona_real_madrid,2022-23,validation
2023-04-26_ath_madrid_mallorca,2022-23,validation
2023-04-26_celta_elche,2022-23,validation
2023-04-26_getafe_almeria,2022-23,validation
2023-04-26_vallecano_barcelona,2022-23,validation
2023-04-27_ath_bilbao_sevilla,2022-23,validation
2023-04-27_valencia_valladolid,2022-23,validation
2023-04-27_villarreal_espanol,2022-23,validation
2023-04-28_osasuna_sociedad,2022-23,validation
2023-04-29_barcelona_betis,2022-23,validation
2023-04-29_elche_vallecano,2022-23,validation
2023-04-29_real_madrid_almeria,2022-23,validation
2023-04-30_cadiz_valencia,2022-23,validation
2023-04-30_espanol_getafe,2022-23,validation
2023-04-30_valladolid_ath_madrid,2022-23,validation
2023-04-30_villarreal_celta,2022-23,validation
2023-05-01_mallorca_ath_bilbao,2022-23,validation
2023-05-01_sevilla_girona,2022-23,validation
2023-05-02_almeria_elche,2022-23,validation
2023-05-02_barcelona_osasuna,2022-23,validation
2023-05-02_sociedad_real_madrid,2022-23,validation
2023-05-03_ath_madrid_cadiz,2022-23,validation
2023-05-03_getafe_celta,2022-23,validation
2023-05-03_valencia_villarreal,2022-23,validation
2023-05-04_ath_bilbao_betis,2022-23,validation
2023-05-04_girona_mallorca,2022-23,validation
2023-05-04_sevilla_espanol,2022-23,validation
2023-05-04_vallecano_valladolid,2022-23,validation
2023-05-12_mallorca_cadiz,2022-23,validation
2023-05-13_osasuna_almeria,2022-23,validation
2023-05-13_real_madrid_getafe,2022-23,validation
2023-05-13_sociedad_girona,2022-23,validation
2023-05-13_villarreal_ath_bilbao,2022-23,validation
2023-05-14_celta_valencia,2022-23,validation
2023-05-14_elche_ath_madrid,2022-23,validation
2023-05-14_espanol_barcelona,2022-23,validation
2023-05-14_valladolid_sevilla,2022-23,validation
2023-05-15_betis_vallecano,2022-23,validation
2023-05-19_cadiz_valladolid,2022-23,validation
2023-05-20_almeria_mallorca,2022-23,validation
2023-05-20_ath_bilbao_celta,2022-23,validation
2023-05-20_barcelona_sociedad,2022-23,validation
2023-05-20_getafe_elche,2022-23,validation
2023-05-20_girona_villarreal,2022-23,validation
2023-05-21_ath_madrid_osasuna,2022-23,validation
2023-05-21_sevilla_betis,2022-23,validation
2023-05-21_valencia_real_madrid,2022-23,validation
2023-05-21_vallecano_espanol,2022-23,validation
2023-05-23_celta_girona,2022-23,validation
2023-05-23_sociedad_almeria,2022-23,validation
2023-05-23_valladolid_barcelona,2022-23,validation
2023-05-24_betis_getafe,2022-23,validation
2023-05-24_elche_sevilla,2022-23,validation
2023-05-24_espanol_ath_madrid,2022-23,validation
2023-05-24_real_madrid_vallecano,2022-23,validation
2023-05-24_villarreal_cadiz,2022-23,validation
2023-05-25_mallorca_valencia,2022-23,validation
2023-05-25_osasuna_ath_bilbao,2022-23,validation
2023-05-27_sevilla_real_madrid,2022-23,validation
2023-05-28_almeria_valladolid,2022-23,validation
2023-05-28_ath_bilbao_elche,2022-23,validation
2023-05-28_ath_madrid_sociedad,2022-23,validation
2023-05-28_barcelona_mallorca,2022-23,validation
2023-05-28_cadiz_celta,2022-23,validation
2023-05-28_getafe_osasuna,2022-23,validation
2023-05-28_girona_betis,2022-23,validation
2023-05-28_valencia_espanol,2022-23,validation
2023-05-28_vallecano_villarreal,2022-23,validation
2023-06-04_betis_valencia,2022-23,validation
2023-06-04_celta_barcelona,2022-23,validation
2023-06-04_elche_cadiz,2022-23,validation
2023-06-04_espanol_almeria,2022-23,validation
2023-06-04_mallorca_vallecano,2022-23,validation
2023-06-04_osasuna_girona,2022-23,validation
2023-06-04_real_madrid_ath_bilbao,2022-23,validation
2023-06-04_sociedad_sevilla,2022-23,validation
2023-06-04_valladolid_getafe,2022-23,validation
2023-06-04_villarreal_ath_madrid,2022-23,validation
2023-08-11_almeria_vallecano,2023-24,test
2023-08-11_sevilla_valencia,2023-24,test
2023-08-12_ath_bilbao_real_madrid,2023-24,test
2023-08-12_las_palmas_mallorca,2023-24,test
2023-08-12_sociedad_girona,2023-24,test
2023-08-13_celta_osasuna,2023-24,test
2023-08-13_getafe_barcelona,2023-24,test
2023-08-13_villarreal_betis,2023-24,test
2023-08-14_ath_madrid_granada,2023-24,test
2023-08-14_cadiz_alaves,2023-24,test
2023-08-18_mallorca_villarreal,2023-24,test
2023-08-18_valencia_las_palmas,2023-24,test
2023-08-19_almeria_real_madrid,2023-24,test
2023-08-19_osasuna_ath_bilbao,2023-24,test
2023-08-19_sociedad_celta,2023-24,test
2023-08-20_barcelona_cadiz,2023-24,test
2023-08-20_betis_ath_madrid,2023-24,test
2023-08-20_girona_getafe,2023-24,test
2023-08-21_alaves_sevilla,2023-24,test
2023-08-21_granada_vallecano,2023-24,test
2023-08-25_celta_real_madrid,2023-24,test
2023-08-25_las_palmas_sociedad,2023-24,test
2023-08-26_cadiz_almeria,2023-24,test
2023-08-26_granada_mallorca,2023-24,test
2023-08-26_sevilla_girona,2023-24,test
2023-08-27_ath_bilbao_betis,2023-24,test
2023-08-27_valencia_osasuna,2023-24,test
2023-08-27_villarreal_barcelona,2023-24,test
2023-08-28_getafe_alaves,2023-24,test
2023-08-28_vallecano_ath_madrid,2023-24,test
2023-09-01_almeria_celta,2023-24,test
2023-09-01_cadiz_villarreal,2023-24,test
2023-09-02_alaves_valencia,2023-24,test
2023-09-02_betis_vallecano,2023-24,test
2023-09-02_real_madrid_getafe,2023-24,test
2023-09-02_sociedad_granada,2023-24,test
2023-09-03_girona_las_palmas,2023-24,test
2023-09-03_mallorca_ath_bilbao,2023-24,test
2023-09-03_osasuna_barcelona,2023-24,test
2023-09-15_vallecano_alaves,2023-24,test
2023-09-16_ath_bilbao_cadiz,2023-24,test
2023-09-16_barcelona_betis,2023-24,test
2023-09-16_celta_mallorca,2023-24,test
2023-09-16_valencia_ath_madrid,2023-24,test
2023-09-17_getafe_osasuna,2023-24,test
2023-09-17_real_madrid_sociedad,2023-24,test
2023-09-17_sevilla_las_palmas,2023-24,test
2023-09-17_villarreal_almeria,2023-24,test
2023-09-18_granada_girona,2023-24,test
2023-09-22_alaves_ath_bilbao,2023-24,test
2023-09-23_almeria_valencia,2023-24,test
2023-09-23_barcelona_celta,2023-24,test
2023-09-23_girona_mallorca,2023-24,test
2023-09-23_osasuna_sevilla,2023-24,test
2023-09-24_ath_madrid_real_madrid,2023-24,test
2023-09-24_betis_cadiz,2023-24,test
2023-09-24_las_palmas_granada,2023-24,test
2023-09-24_sociedad_getafe,2023-24,test
2023-09-24_vallecano_villarreal,2023-24,test
2023-09-26_mallorca_barcelona,2023-24,test
2023-09-26_sevilla_almeria,2023-24,test
2023-09-27_ath_bilbao_getafe,2023-24,test
2023-09-27_cadiz_vallecano,2023-24,test
2023-09-27_real_madrid_las_palmas,2023-24,test
2023-09-27_valencia_sociedad,2023-24,test
2023-09-27_villarreal_girona,2023-24,test
2023-09-28_celta_alaves,2023-24,test
2023-09-28_granada_betis,2023-24,test
2023-09-28_osasuna_ath_madrid,2023-24,test
2023-09-29_barcelona_sevilla,2023-24,test
2023-09-30_getafe_villarreal,2023-24,test
2023-09-30_girona_real_madrid,2023-24,test
2023-09-30_sociedad_ath_bilbao,2023-24,test
2023-09-30_vallecano_mallorca,2023-24,test
2023-10-01_alaves_osasuna,2023-24,test
2023-10-01_almeria_granada,2023-24,test
2023-10-01_ath_madrid_cadiz,2023-24,test
2023-10-01_betis_valencia,2023-24,test
2023-10-02_las_palmas_celta,2023-24,test
2023-10-06_ath_bilbao_almeria,2023-24,test
2023-10-07_cadiz_girona,2023-24,test
2023-10-07_mallorca_valencia,2023-24,test
2023-10-07_real_madrid_osasuna,2023-24,test
2023-10-07_sevilla_vallecano,2023-24,test
2023-10-08_alaves_betis,2023-24,test
2023-10-08_ath_madrid_sociedad,2023-24,test
2023-10-08_celta_getafe,2023-24,test
2023-10-08_granada_barcelona,2023-24,test
2023-10-08_villarreal_las_palmas,2023-24,test
2023-10-20_osasuna_granada,2023-24,test
2023-10-21_celta_ath_madrid,2023-24,test
2023-10-21_getafe_betis,2023-24,test
2023-10-21_sevilla_real_madrid,2023-24,test
2023-10-21_sociedad_mallorca,2023-24,test
2023-10-22_barcelona_ath_bilbao,2023-24,test
2023-10-22_girona_almeria,2023-24,test
2023-10-22_las_palmas_vallecano,2023-24,test
2023-10-22_villarreal_alaves,2023-24,test
2023-10-23_valencia_cadiz,2023-24,test
2023-10-27_girona_celta,2023-24,test
2023-10-28_almeria_las_palmas,2023-24,test
2023-10-28_barcelona_real_madrid,2023-24,test
2023-10-28_cadiz_sevilla,2023-24,test
2023-10-28_mallorca_getafe,2023-24,test
2023-10-29_ath_bilbao_valencia,2023-24,test
2023-10-29_ath_madrid_alaves,2023-24,test
2023-10-29_betis_osasuna,2023-24,test
2023-10-29_vallecano_sociedad,2023-24,test
2023-10-30_granada_villarreal,2023-24,test
2023-11-03_las_palmas_ath_madrid,2023-24,test
2023-11-04_betis_mallorca,2023-24,test
2023-11-04_celta_sevilla,2023-24,test
2023-11-04_osasuna_girona,2023-24,test
2023-11-04_sociedad_barcelona,2023-24,test
2023-11-05_alaves_almeria,2023-24,test
2023-11-05_real_madrid_vallecano,2023-24,test
2023-11-05_valencia_granada,2023-24,test
2023-11-05_villarreal_ath_bilbao,2023-24,test
2023-11-06_getafe_cadiz,2023-24,test
2023-11-10_ath_bilbao_celta,2023-24,test
2023-11-11_almeria_sociedad,2023-24,test
2023-11-11_granada_getafe,2023-24,test
2023-11-11_osasuna_las_palmas,2023-24,test
2023-11-11_real_madrid_valencia,2023-24,test
2023-11-11_vallecano_girona,2023-24,test
2023-11-12_ath_madrid_villarreal,2023-24,test
2023-11-12_barcelona_alaves,2023-24,test
2023-11-12_sevilla_betis,2023-24,test
2023-11-24_alaves_granada,2023-24,test
2023-11-25_ath_madrid_mallorca,2023-24,test
2023-11-25_getafe_almeria,2023-24,test
2023-11-25_valencia_celta,2023-24,test
2023-11-25_vallecano_barcelona,2023-24,test
2023-11-26_betis_las_palmas,2023-24,test
2023-11-26_cadiz_real_madrid,2023-24,test
2023-11-26_sociedad_sevilla,2023-24,test
2023-11-26_villarreal_osasuna,2023-24,test
2023-11-27_girona_ath_bilbao,2023-24,test
2023-11-29_mallorca_cadiz,2023-24,test
2023-12-01_las_palmas_getafe,2023-24,test
2023-12-02_ath_bilbao_vallecano,2023-24,test
2023-12-02_girona_valencia,2023-24,test
2023-12-02_osasuna_sociedad,2023-24,test
2023-12-02_real_madrid_granada,2023-24,test
2023-12-03_almeria_betis,2023-24,test
2023-12-03_barcelona_ath_madrid,2023-24,test
2023-12-03_mallorca_alaves,2023-24,test
2023-12-03_sevilla_villarreal,2023-24,test
2023-12-04_celta_cadiz,2023-24,test
2023-12-08_getafe_valencia,2023-24,test
2023-12-09_alaves_las_palmas,2023-24,test
2023-12-09_betis_real_madrid,2023-24,test
2023-12-09_mallorca_sevilla,2023-24,test
2023-12-09_villarreal_sociedad,2023-24,test
2023-12-10_ath_madrid_almeria,2023-24,test
2023-12-10_barcelona_girona,2023-24,test
2023-12-10_cadiz_osasuna,2023-24,test
2023-12-11_granada_ath_bilbao,2023-24,test
2023-12-11_vallecano_celta,2023-24,test
2023-12-15_osasuna_vallecano,2023-24,test
2023-12-16_ath_bilbao_ath_madrid,2023-24,test
2023-12-16_celta_granada,2023-24,test
2023-12-16_sevilla_getafe,2023-24,test
2023-12-16_valencia_barcelona,2023-24,test
2023-12-17_almeria_mallorca,2023-24,test
2023-12-17_las_palmas_cadiz,2023-24,test
2023-12-17_real_madrid_villarreal,2023-24,test
2023-12-17_sociedad_betis,2023-24,test
2023-12-18_girona_alaves,2023-24,test
2023-12-19_ath_madrid_getafe,2023-24,test
2023-12-19_granada_sevilla,2023-24,test
2023-12-19_vallecano_valencia,2023-24,test
2023-12-20_ath_bilbao_las_palmas,2023-24,test
2023-12-20_barcelona_almeria,2023-24,test
2023-12-20_villarreal_celta,2023-24,test
2023-12-21_alaves_real_madrid,2023-24,test
2023-12-21_betis_girona,2023-24,test
2023-12-21_cadiz_sociedad,2023-24,test
2023-12-21_mallorca_osasuna,2023-24,test
2023-12-23_ath_madrid_sevilla,2023-24,test
2024-01-02_getafe_vallecano,2023-24,test
2024-01-02_sociedad_alaves,2023-24,test
2024-01-02_valencia_villarreal,2023-24,test
2024-01-03_celta_betis,2023-24,test
2024-01-03_girona_ath_madrid,2023-24,test
2024-01-03_granada_cadiz,2023-24,test
2024-01-03_real_madrid_mallorca,2023-24,test
2024-01-04_las_palmas_barcelona,2023-24,test
2024-01-04_osasuna_almeria,2023-24,test
2024-01-04_sevilla_ath_bilbao,2023-24,test
2024-01-12_sevilla_alaves,2023-24,test
2024-01-13_ath_bilbao_sociedad,2023-24,test
2024-01-13_betis_granada,2023-24,test
2024-01-13_las_palmas_villarreal,2023-24,test
2024-01-13_mallorca_celta,2023-24,test
2024-01-14_almeria_girona,2023-24,test
2024-01-14_cadiz_valencia,2023-24,test
2024-01-19_alaves_cadiz,2023-24,test
2024-01-20_celta_sociedad,2023-24,test
2024-01-20_valencia_ath_bilbao,2023-24,test
2024-01-20_vallecano_las_palmas,2023-24,test
2024-01-20_villarreal_mallorca,2023-24,test
2024-01-21_betis_barcelona,2023-24,test
2024-01-21_girona_sevilla,2023-24,test
2024-01-21_osasuna_getafe,2023-24,test
2024-01-21_real_madrid_almeria,2023-24,test
2024-01-22_granada_ath_madrid,2023-24,test
2024-01-26_almeria_alaves,2023-24,test
2024-01-27_barcelona_villarreal,2023-24,test
2024-01-27_las_palmas_real_madrid,2023-24,test
2024-01-27_mallorca_betis,2023-24,test
2024-01-27_sociedad_vallecano,2023-24,test
2024-01-28_ath_madrid_valencia,2023-24,test
2024-01-28_cadiz_ath_bilbao,2023-24,test
2024-01-28_celta_girona,2023-24,test
2024-01-28_sevilla_osasuna,2023-24,test
2024-01-29_getafe_granada,2023-24,test
2024-01-31_ath_madrid_vallecano,2023-24,test
2024-01-31_barcelona_osasuna,2023-24,test
2024-02-01_getafe_real_madrid,2023-24,test
2024-02-02_ath_bilbao_mallorca,2023-24,test
2024-02-03_alaves_barcelona,2023-24,test
2024-02-03_girona_sociedad,2023-24,test
2024-02-03_granada_las_palmas,2023-24,test
2024-02-03_valencia_almeria,2023-24,test
2024-02-04_betis_getafe,2023-24,test
2024-02-04_osasuna_celta,2023-24,test
2024-02-04_real_madrid_ath_madrid,2023-24,test
2024-02-04_villarreal_cadiz,2023-24,test
2024-02-05_vallecano_sevilla,2023-24,test
2024-02-09_cadiz_betis,2023-24,test
2024-02-10_alaves_villarreal,2023-24,test
2024-02-10_las_palmas_valencia,2023-24,test
2024-02-10_real_madrid_girona,2023-24,test
2024-02-10_sociedad_osasuna,2023-24,test
2024-02-11_barcelona_granada,2023-24,test
2024-02-11_getafe_celta,2023-24,test
2024-02-11_mallorca_vallecano,2023-24,test
2024-02-11_sevilla_ath_madrid,2023-24,test
2024-02-12_almeria_ath_bilbao,2023-24,test
2024-02-16_villarreal_getafe,2023-24,test
2024-02-17_ath_madrid_las_palmas,2023-24,test
2024-02-17_celta_barcelona,2023-24,test
2024-02-17_osasuna_cadiz,2023-24,test
2024-02-17_valencia_sevilla,2023-24,test
2024-02-18_betis_alaves,2023-24,test
2024-02-18_granada_almeria,2023-24,test
2024-02-18_mallorca_sociedad,2023-24,test
2024-02-18_vallecano_real_madrid,2023-24,test
2024-02-19_ath_bilbao_girona,2023-24,test
2024-02-23_sociedad_villarreal,2023-24,test
2024-02-24_alaves_mallorca,2023-24,test
2024-02-24_almeria_ath_madrid,2023-24,test
2024-02-24_barcelona_getafe,2023-24,test
2024-02-25_betis_ath_bilbao,2023-24,test
2024-02-25_cadiz_celta,2023-24,test
2024-02-25_las_palmas_osasuna,2023-24,test
2024-02-25_real_madrid_sevilla,2023-24,test
2024-02-26_girona_vallecano,2023-24,test
2024-03-01_celta_almeria,2023-24,test
2024-03-02_getafe_las_palmas,2023-24,test
2024-03-02_sevilla_sociedad,2023-24,test
2024-03-02_valencia_real_madrid,2023-24,test
2024-03-02_vallecano_cadiz,2023-24,test
2024-03-03_ath_bilbao_barcelona,2023-24,test
2024-03-03_ath_madrid_betis,2023-24,test
2024-03-03_mallorca_girona,2023-24,test
2024-03-03_villarreal_granada,2023-24,test
2024-03-04_osasuna_alaves,2023-24,test
2024-03-08_barcelona_mallorca,2023-24,test
2024-03-09_cadiz_ath_madrid,2023-24,test
2024-03-09_girona_osasuna,2023-24,test
2024-03-09_granada_sociedad,2023-24,test
2024-03-09_valencia_getafe,2023-24,test
2024-03-10_alaves_vallecano,2023-24,test
2024-03-10_betis_villarreal,2023-24,test
2024-03-10_las_palmas_ath_bilbao,2023-24,test
2024-03-10_real_madrid_celta,2023-24,test
2024-03-11_almeria_sevilla,2023-24,test
2024-03-15_sociedad_cadiz,2023-24,test
2024-03-16_ath_bilbao_alaves,2023-24,test
2024-03-16_getafe_girona,2023-24,test
2024-03-16_mallorca_granada,2023-24,test
2024-03-16_osasuna_real_madrid,2023-24,test
2024-03-17_ath_madrid_barcelona,2023-24,test
2024-03-17_las_palmas_almeria,2023-24,test
2024-03-17_sevilla_celta,2023-24,test
2024-03-17_vallecano_betis,2023-24,test
2024-03-17_villarreal_valencia,2023-24,test
2024-03-29_cadiz_granada,2023-24,test
2024-03-30_almeria_osasuna,2023-24,test
2024-03-30_barcelona_las_palmas,2023-24,test
2024-03-30_getafe_sevilla,2023-24,test
2024-03-30_valencia_mallorca,2023-24,test
2024-03-31_alaves_sociedad,2023-24,test
2024-03-31_celta_vallecano,2023-24,test
2024-03-31_girona_betis,2023-24,test
2024-03-31_real_madrid_ath_bilbao,2023-24,test
2024-04-01_villarreal_ath_madrid,2023-24,test
2024-04-04_granada_valencia,2023-24,test
2024-04-12_betis_celta,2023-24,test
2024-04-13_ath_madrid_girona,2023-24,test
2024-04-13_cadiz_barcelona,2023-24,test
2024-04-13_mallorca_real_madrid,2023-24,test
2024-04-13_vallecano_getafe,2023-24,test
2024-04-14_ath_bilbao_villarreal,2023-24,test
2024-04-14_granada_alaves,2023-24,test
2024-04-14_las_palmas_sevilla,2023-24,test
2024-04-14_sociedad_almeria,2023-24,test
2024-04-15_osasuna_valencia,2023-24,test
2024-04-19_ath_bilbao_granada,2023-24,test
2024-04-20_celta_las_palmas,2023-24,test
2024-04-20_girona_cadiz,2023-24,test
2024-04-20_valencia_betis,2023-24,test
2024-04-20_vallecano_osasuna,2023-24,test
2024-04-21_alaves_ath_madrid,2023-24,test
2024-04-21_almeria_villarreal,2023-24,test
2024-04-21_getafe_sociedad,2023-24,test
2024-04-21_real_madrid_barcelona,2023-24,test
2024-04-22_sevilla_mallorca,2023-24,test
2024-04-26_sociedad_real_madrid,2023-24,test
2024-04-27_alaves_celta,2023-24,test
2024-04-27_almeria_getafe,2023-24,test
2024-04-27_ath_madrid_ath_bilbao,2023-24,test
2024-04-27_las_palmas_girona,2023-24,test
2024-04-28_betis_sevilla,2023-24,test
2024-04-28_cadiz_mallorca,2023-24,test
2024-04-28_granada_osasuna,2023-24,test
2024-04-28_villarreal_vallecano,2023-24,test
2024-04-29_barcelona_valencia,2023-24,test
2024-05-03_getafe_ath_bilbao,2023-24,test
2024-05-04_girona_barcelona,2023-24,test
2024-05-04_mallorca_ath_madrid,2023-24,test
2024-05-04_real_madrid_cadiz,2023-24,test
2024-05-04_sociedad_las_palmas,2023-24,test
2024-05-05_celta_villarreal,2023-24,test
2024-05-05_osasuna_betis,2023-24,test
2024-05-05_sevilla_granada,2023-24,test
2024-05-05_valencia_alaves,2023-24,test
2024-05-05_vallecano_almeria,2023-24,test
2024-05-10_alaves_girona,2023-24,test
2024-05-11_ath_bilbao_osasuna,2023-24,test
2024-05-11_granada_real_madrid,2023-24,test
2024-05-11_mallorca_las_palmas,2023-24,test
2024-05-11_villarreal_sevilla,2023-24,test
2024-05-12_ath_madrid_celta,2023-24,test
2024-05-12_betis_almeria,2023-24,test
2024-05-12_cadiz_getafe,2023-24,test
2024-05-12_valencia_vallecano,2023-24,test
2024-05-13_barcelona_sociedad,2023-24,test
2024-05-14_girona_villarreal,2023-24,test
2024-05-14_osasuna_mallorca,2023-24,test
2024-05-14_real_madrid_alaves,2023-24,test
2024-05-15_celta_ath_bilbao,2023-24,test
2024-05-15_getafe_ath_madrid,2023-24,test
2024-05-15_sevilla_cadiz,2023-24,test
2024-05-15_vallecano_granada,2023-24,test
2024-05-16_almeria_barcelona,2023-24,test
2024-05-16_las_palmas_betis,2023-24,test
2024-05-16_sociedad_valencia,2023-24,test
2024-05-18_alaves_getafe,2023-24,test
2024-05-19_ath_bilbao_sevilla,2023-24,test
2024-05-19_ath_madrid_osasuna,2023-24,test
2024-05-19_barcelona_vallecano,2023-24,test
2024-05-19_betis_sociedad,2023-24,test
2024-05-19_cadiz_las_palmas,2023-24,test
2024-05-19_granada_celta,2023-24,test
2024-05-19_mallorca_almeria,2023-24,test
2024-05-19_valencia_girona,2023-24,test
2024-05-19_villarreal_real_madrid,2023-24,test
2024-05-24_girona_granada,2023-24,test
2024-05-25_almeria_cadiz,2023-24,test
2024-05-25_osasuna_villarreal,2023-24,test
2024-05-25_real_madrid_betis,2023-24,test
2024-05-25_sociedad_ath_madrid,2023-24,test
2024-05-25_vallecano_ath_bilbao,2023-24,test
2024-05-26_celta_valencia,2023-24,test
2024-05-26_getafe_mallorca,2023-24,test
2024-05-26_las_palmas_alaves,2023-24,test
2024-05-26_sevilla_barcelona,2023-24,test
2024-08-15_ath_bilbao_getafe,2024-25,test
2024-08-15_betis_girona,2024-25,test
2024-08-16_celta_alaves,2024-25,test
2024-08-16_las_palmas_sevilla,2024-25,test
2024-08-17_osasuna_leganes,2024-25,test
2024-08-17_valencia_barcelona,2024-25,test
2024-08-18_mallorca_real_madrid,2024-25,test
2024-08-18_sociedad_vallecano,2024-25,test
2024-08-19_valladolid_espanol,2024-25,test
2024-08-19_villarreal_ath_madrid,2024-25,test
2024-08-23_celta_valencia,2024-25,test
2024-08-23_sevilla_villarreal,2024-25,test
2024-08-24_barcelona_ath_bilbao,2024-25,test
2024-08-24_espanol_sociedad,2024-25,test
2024-08-24_getafe_vallecano,2024-25,test
2024-08-24_osasuna_mallorca,2024-25,test
2024-08-25_alaves_betis,2024-25,test
2024-08-25_ath_madrid_girona,2024-25,test
2024-08-25_leganes_las_palmas,2024-25,test
2024-08-25_real_madrid_valladolid,2024-25,test
2024-08-26_villarreal_celta,2024-25,test
2024-08-27_mallorca_sevilla,2024-25,test
2024-08-27_vallecano_barcelona,2024-25,test
2024-08-28_ath_bilbao_valencia,2024-25,test
2024-08-28_ath_madrid_espanol,2024-25,test
2024-08-28_sociedad_alaves,2024-25,test
2024-08-28_valladolid_leganes,2024-25,test
2024-08-29_girona_osasuna,2024-25,test
2024-08-29_las_palmas_real_madrid,2024-25,test
2024-08-31_ath_bilbao_ath_madrid,2024-25,test
2024-08-31_barcelona_valladolid,2024-25,test
2024-08-31_espanol_vallecano,2024-25,test
2024-08-31_leganes_mallorca,2024-25,test
2024-08-31_valencia_villarreal,2024-25,test
2024-09-01_alaves_las_palmas,2024-25,test
2024-09-01_getafe_sociedad,2024-25,test
2024-09-01_osasuna_celta,2024-25,test
2024-09-01_real_madrid_betis,2024-25,test
2024-09-01_sevilla_girona,2024-25,test
2024-09-13_betis_leganes,2024-25,test
2024-09-14_espanol_alaves,2024-25,test
2024-09-14_mallorca_villarreal,2024-25,test
2024-09-14_sevilla_getafe,2024-25,test
2024-09-14_sociedad_real_madrid,2024-25,test
2024-09-15_ath_madrid_valencia,2024-25,test
2024-09-15_celta_valladolid,2024-25,test
2024-09-15_girona_barcelona,2024-25,test
2024-09-15_las_palmas_ath_bilbao,2024-25,test
2024-09-16_vallecano_osasuna,2024-25,test
2024-09-17_mallorca_sociedad,2024-25,test
2024-09-18_betis_getafe,2024-25,test
2024-09-19_leganes_ath_bilbao,2024-25,test
2024-09-20_alaves_sevilla,2024-25,test
2024-09-21_osasuna_las_palmas,2024-25,test
2024-09-21_real_madrid_espanol,2024-25,test
2024-09-21_valencia_girona,2024-25,test
2024-09-21_valladolid_sociedad,2024-25,test
2024-09-22_ath_bilbao_celta,2024-25,test
2024-09-22_getafe_leganes,2024-25,test
2024-09-22_vallecano_ath_madrid,2024-25,test
2024-09-22_villarreal_barcelona,2024-25,test
2024-09-23_betis_mallorca,2024-25,test
2024-09-24_real_madrid_alaves,2024-25,test
2024-09-24_sevilla_valladolid,2024-25,test
2024-09-24_valencia_osasuna,2024-25,test
2024-09-25_barcelona_getafe,2024-25,test
2024-09-25_girona_vallecano,2024-25,test
2024-09-26_celta_ath_madrid,2024-25,test
2024-09-26_espanol_villarreal,2024-25,test
2024-09-26_las_palmas_betis,2024-25,test
2024-09-27_valladolid_mallorca,2024-25,test
2024-09-28_getafe_alaves,2024-25,test
2024-09-28_osasuna_barcelona,2024-25,test
2024-09-28_sociedad_valencia,2024-25,test
2024-09-28_vallecano_leganes,2024-25,test
2024-09-29_ath_bilbao_sevilla,2024-25,test
2024-09-29_ath_madrid_real_madrid,2024-25,test
2024-09-29_betis_espanol,2024-25,test
2024-09-29_celta_girona,2024-25,test
2024-09-30_villarreal_las_palmas,2024-25,test
2024-10-04_leganes_valencia,2024-25,test
2024-10-05_espanol_mallorca,2024-25,test
2024-10-05_getafe_osasuna,2024-25,test
2024-10-05_las_palmas_celta,2024-25,test
2024-10-05_real_madrid_villarreal,2024-25,test
2024-10-05_valladolid_vallecano,2024-25,test
2024-10-06_alaves_barcelona,2024-25,test
2024-10-06_girona_ath_bilbao,2024-25,test
2024-10-06_sevilla_betis,2024-25,test
2024-10-06_sociedad_ath_madrid,2024-25,test
2024-10-18_alaves_valladolid,2024-25,test
2024-10-19_ath_bilbao_espanol,2024-25,test
2024-10-19_celta_real_madrid,2024-25,test
2024-10-19_girona_sociedad,2024-25,test
2024-10-19_osasuna_betis,2024-25,test
2024-10-20_ath_madrid_leganes,2024-25,test
2024-10-20_barcelona_sevilla,2024-25,test
2024-10-20_mallorca_vallecano,2024-25,test
2024-10-20_villarreal_getafe,2024-25,test
2024-10-21_valencia_las_palmas,2024-25,test
2024-10-25_espanol_sevilla,2024-25,test
2024-10-26_las_palmas_girona,2024-25,test
2024-10-26_real_madrid_barcelona,2024-25,test
2024-10-26_valladolid_villarreal,2024-25,test
2024-10-26_vallecano_alaves,2024-25,test
2024-10-27_betis_ath_madrid,2024-25,test
2024-10-27_getafe_valencia,2024-25,test
2024-10-27_leganes_celta,2024-25,test
2024-10-27_sociedad_osasuna,2024-25,test
2024-10-28_mallorca_ath_bilbao,2024-25,test
2024-11-01_alaves_mallorca,2024-25,test
2024-11-02_girona_leganes,2024-25,test
2024-11-02_osasuna_valladolid,2024-25,test
2024-11-03_ath_bilbao_betis,2024-25,test
2024-11-03_ath_madrid_las_palmas,2024-25,test
2024-11-03_barcelona_espanol,2024-25,test
2024-11-03_sevilla_sociedad,2024-25,test
2024-11-04_celta_getafe,2024-25,test
2024-11-08_vallecano_las_palmas,2024-25,test
2024-11-09_leganes_sevilla,2024-25,test
2024-11-09_real_madrid_osasuna,2024-25,test
2024-11-09_villarreal_alaves,2024-25,test
2024-11-10_betis_celta,2024-25,test
2024-11-10_getafe_girona,2024-25,test
2024-11-10_mallorca_ath_madrid,2024-25,test
2024-11-10_sociedad_barcelona,2024-25,test
2024-11-10_valladolid_ath_bilbao,2024-25,test
2024-11-22_getafe_valladolid,2024-25,test
2024-11-23_ath_madrid_alaves,2024-25,test
2024-11-23_celta_barcelona,2024-25,test
2024-11-23_girona_espanol,2024-25,test
2024-11-23_las_palmas_mallorca,2024-25,test
2024-11-23_valencia_betis,2024-25,test
2024-11-24_ath_bilbao_sociedad,2024-25,test
2024-11-24_leganes_real_madrid,2024-25,test
2024-11-24_osasuna_villarreal,2024-25,test
2024-11-24_sevilla_vallecano,2024-25,test
2024-11-29_mallorca_valencia,2024-25,test
2024-11-30_alaves_leganes,2024-25,test
2024-11-30_barcelona_las_palmas,2024-25,test
2024-11-30_espanol_celta,2024-25,test
2024-11-30_valladolid_ath_madrid,2024-25,test
2024-12-01_real_madrid_getafe,2024-25,test
2024-12-01_sociedad_betis,2024-25,test
2024-12-01_vallecano_ath_bilbao,2024-25,test
2024-12-01_villarreal_girona,2024-25,test
2024-12-02_sevilla_osasuna,2024-25,test
2024-12-03_mallorca_barcelona,2024-25,test
2024-12-04_ath_bilbao_real_madrid,2024-25,test
2024-12-06_celta_mallorca,2024-25,test
2024-12-07_betis_barcelona,2024-25,test
2024-12-07_girona_real_madrid,2024-25,test
2024-12-07_las_palmas_valladolid,2024-25,test
2024-12-07_valencia_vallecano,2024-25,test
2024-12-08_ath_bilbao_villarreal,2024-25,test
2024-12-08_ath_madrid_sevilla,2024-25,test
2024-12-08_leganes_sociedad,2024-25,test
2024-12-08_osasuna_alaves,2024-25,test
2024-12-09_getafe_espanol,2024-25,test
2024-12-13_valladolid_valencia,2024-25,test
2024-12-14_espanol_osasuna,2024-25,test
2024-12-14_mallorca_girona,2024-25,test
2024-12-14_sevilla_celta,2024-25,test
2024-12-14_vallecano_real_madrid,2024-25,test
2024-12-15_alaves_ath_bilbao,2024-25,test
2024-12-15_ath_madrid_getafe,2024-25,test
2024-12-15_barcelona_leganes,2024-25,test
2024-12-15_sociedad_las_palmas,2024-25,test
2024-12-15_villarreal_betis,2024-25,test
2024-12-18_espanol_valencia,2024-25,test
2024-12-18_villarreal_vallecano,2024-25,test
2024-12-20_girona_valladolid,2024-25,test
2024-12-21_barcelona_ath_madrid,2024-25,test
2024-12-21_celta_sociedad,2024-25,test
2024-12-21_getafe_mallorca,2024-25,test
2024-12-21_osasuna_ath_bilbao,2024-25,test
2024-12-22_betis_vallecano,2024-25,test
2024-12-22_las_palmas_espanol,2024-25,test
2024-12-22_leganes_villarreal,2024-25,test
2024-12-22_real_madrid_sevilla,2024-25,test
2024-12-22_valencia_alaves,2024-25,test
2025-01-03_valencia_real_madrid,2024-25,test
2025-01-10_vallecano_celta,2024-25,test
2025-01-11_alaves_girona,2024-25,test
2025-01-11_espanol_leganes,2024-25,test
2025-01-11_sevilla_valencia,2024-25,test
2025-01-11_valladolid_betis,2024-25,test
2025-01-12_ath_madrid_osasuna,2024-25,test
2025-01-12_las_palmas_getafe,2024-25,test
2025-01-13_sociedad_villarreal,2024-25,test
2025-01-17_espanol_valladolid,2024-25,test
2025-01-18_betis_alaves,2024-25,test
2025-01-18_getafe_barcelona,2024-25,test
2025-01-18_girona_sevilla,2024-25,test
2025-01-18_leganes_ath_madrid,2024-25,test
2025-01-19_celta_ath_bilbao,2024-25,test
2025-01-19_osasuna_vallecano,2024-25,test
2025-01-19_real_madrid_las_palmas,2024-25,test
2025-01-19_valencia_sociedad,2024-25,test
2025-01-20_villarreal_mallorca,2024-25,test
2025-01-24_las_palmas_osasuna,2024-25,test
2025-01-25_ath_madrid_villarreal,2024-25,test
2025-01-25_mallorca_betis,2024-25,test
2025-01-25_sevilla_espanol,2024-25,test
2025-01-25_valladolid_real_madrid,2024-25,test
2025-01-26_ath_bilbao_leganes,2024-25,test
2025-01-26_barcelona_valencia,2024-25,test
2025-01-26_sociedad_getafe,2024-25,test
2025-01-26_vallecano_girona,2024-25,test
2025-01-27_alaves_celta,2024-25,test
2025-01-31_leganes_vallecano,2024-25,test
2025-02-01_ath_madrid_mallorca,2024-25,test
2025-02-01_espanol_real_madrid,2024-25,test
2025-02-01_getafe_sevilla,2024-25,test
2025-02-01_villarreal_valladolid,2024-25,test
2025-02-02_barcelona_alaves,2024-25,test
2025-02-02_betis_ath_bilbao,2024-25,test
2025-02-02_osasuna_sociedad,2024-25,test
2025-02-02_valencia_celta,2024-25,test
2025-02-03_girona_las_palmas,2024-25,test
2025-02-07_vallecano_valladolid,2024-25,test
2025-02-08_ath_bilbao_girona,2024-25,test
2025-02-08_celta_betis,2024-25,test
2025-02-08_las_palmas_villarreal,2024-25,test
2025-02-08_real_madrid_ath_madrid,2024-25,test
2025-02-09_alaves_getafe,2024-25,test
2025-02-09_sevilla_barcelona,2024-25,test
2025-02-09_sociedad_espanol,2024-25,test
2025-02-09_valencia_leganes,2024-25,test
2025-02-10_mallorca_osasuna,2024-25,test
2025-02-14_girona_getafe,2024-25,test
2025-02-15_ath_madrid_celta,2024-25,test
2025-02-15_leganes_alaves,2024-25,test
2025-02-15_osasuna_real_madrid,2024-25,test
2025-02-15_villarreal_valencia,2024-25,test
2025-02-16_betis_sociedad,2024-25,test
2025-02-16_espanol_ath_bilbao,2024-25,test
2025-02-16_mallorca_las_palmas,2024-25,test
2025-02-16_valladolid_sevilla,2024-25,test
2025-02-17_barcelona_vallecano,2024-25,test
2025-02-21_celta_osasuna,2024-25,test
2025-02-22_alaves_espanol,2024-25,test
2025-02-22_las_palmas_barcelona,2024-25,test
2025-02-22_valencia_ath_madrid,2024-25,test
2025-02-22_vallecano_villarreal,2024-25,test
2025-02-23_ath_bilbao_valladolid,2024-25,test
2025-02-23_getafe_betis,2024-25,test
2025-02-23_real_madrid_girona,2024-25,test
2025-02-23_sociedad_leganes,2024-25,test
2025-02-24_sevilla_mallorca,2024-25,test
2025-02-28_valladolid_las_palmas,2024-25,test
2025-03-01_ath_madrid_ath_bilbao,2024-25,test
2025-03-01_betis_real_madrid,2024-25,test
2025-03-01_girona_celta,2024-25,test
2025-03-01_vallecano_sevilla,2024-25,test
2025-03-02_barcelona_sociedad,2024-25,test
2025-03-02_leganes_getafe,2024-25,test
2025-03-02_mallorca_alaves,2024-25,test
2025-03-02_osasuna_valencia,2024-25,test
2025-03-08_alaves_villarreal,2024-25,test
2025-03-08_celta_leganes,2024-25,test
2025-03-08_valencia_valladolid,2024-25,test
2025-03-09_ath_bilbao_mallorca,2024-25,test
2025-03-09_betis_las_palmas,2024-25,test
2025-03-09_getafe_ath_madrid,2024-25,test
2025-03-09_real_madrid_vallecano,2024-25,test
2025-03-09_sociedad_sevilla,2024-25,test
2025-03-10_espanol_girona,2024-25,test
2025-03-14_las_palmas_alaves,2024-25,test
2025-03-15_girona_valencia,2024-25,test
2025-03-15_mallorca_espanol,2024-25,test
2025-03-15_valladolid_celta,2024-25,test
2025-03-15_villarreal_real_madrid,2024-25,test
2025-03-16_ath_madrid_barcelona,2024-25,test
2025-03-16_leganes_betis,2024-25,test
2025-03-16_osasuna_getafe,2024-25,test
2025-03-16_sevilla_ath_bilbao,2024-25,test
2025-03-16_vallecano_sociedad,2024-25,test
2025-03-27_barcelona_osasuna,2024-25,test
2025-03-29_alaves_vallecano,2024-25,test
2025-03-29_espanol_ath_madrid,2024-25,test
2025-03-29_real_madrid_leganes,2024-25,test
2025-03-29_sociedad_valladolid,2024-25,test
2025-03-30_ath_bilbao_osasuna,2024-25,test
2025-03-30_barcelona_girona,2024-25,test
2025-03-30_betis_sevilla,2024-25,test
2025-03-30_getafe_villarreal,2024-25,test
2025-03-30_valencia_mallorca,2024-25,test
2025-03-31_celta_las_palmas,2024-25,test
2025-04-04_vallecano_espanol,2024-25,test
2025-04-05_barcelona_betis,2024-25,test
2025-04-05_girona_alaves,2024-25,test
2025-04-05_mallorca_celta,2024-25,test
2025-04-05_real_madrid_valencia,2024-25,test
2025-04-06_las_palmas_sociedad,2024-25,test
2025-04-06_sevilla_ath_madrid,2024-25,test
2025-04-06_valladolid_getafe,2024-25,test
2025-04-06_villarreal_ath_bilbao,2024-25,test
2025-04-07_leganes_osasuna,2024-25,test
2025-04-11_valencia_sevilla,2024-25,test
2025-04-12_celta_espanol,2024-25,test
2025-04-12_getafe_las_palmas,2024-25,test
2025-04-12_leganes_barcelona,2024-25,test
2025-04-12_sociedad_mallorca,2024-25,test
2025-04-13_alaves_real_madrid,2024-25,test
2025-04-13_ath_bilbao_vallecano,2024-25,test
2025-04-13_betis_villarreal,2024-25,test
2025-04-13_osasuna_girona,2024-25,test
2025-04-14_ath_madrid_valladolid,2024-25,test
2025-04-18_espanol_getafe,2024-25,test
2025-04-19_barcelona_celta,2024-25,test
2025-04-19_las_palmas_ath_madrid,2024-25,test
2025-04-19_mallorca_leganes,2024-25,test
2025-04-19_vallecano_valencia,2024-25,test
2025-04-20_real_madrid_ath_bilbao,2024-25,test
2025-04-20_sevilla_alaves,2024-25,test
2025-04-20_valladolid_osasuna,2024-25,test
2025-04-20_villarreal_sociedad,2024-25,test
2025-04-21_girona_betis,2024-25,test
2025-04-22_barcelona_mallorca,2024-25,test
2025-04-22_valencia_espanol,2024-25,test
2025-04-23_alaves_sociedad,2024-25,test
2025-04-23_ath_bilbao_las_palmas,2024-25,test
2025-04-23_celta_villarreal,2024-25,test
2025-04-23_getafe_real_madrid,2024-25,test
2025-04-24_ath_madrid_vallecano,2024-25,test
2025-04-24_betis_valladolid,2024-25,test
2025-04-24_leganes_girona,2024-25,test
2025-04-24_osasuna_sevilla,2024-25,test
2025-04-27_villarreal_espanol,2024-25,test
2025-05-02_vallecano_getafe,2024-25,test
2025-05-03_alaves_ath_madrid,2024-25,test
2025-05-03_las_palmas_valencia,2024-25,test
2025-05-03_valladolid_barcelona,2024-25,test
2025-05-03_villarreal_osasuna,2024-25,test
2025-05-04_espanol_betis,2024-25,test
2025-05-04_real_madrid_celta,2024-25,test
2025-05-04_sevilla_leganes,2024-25,test
2025-05-04_sociedad_ath_bilbao,2024-25,test
2025-05-05_girona_mallorca,2024-25,test
2025-05-09_las_palmas_vallecano,2024-25,test
2025-05-10_ath_madrid_sociedad,2024-25,test
2025-05-10_celta_sevilla,2024-25,test
2025-05-10_girona_villarreal,2024-25,test
2025-05-10_mallorca_valladolid,2024-25,test
2025-05-10_valencia_getafe,2024-25,test
2025-05-11_ath_bilbao_alaves,2024-25,test
2025-05-11_barcelona_real_madrid,2024-25,test
2025-05-11_betis_osasuna,2024-25,test
2025-05-11_leganes_espanol,2024-25,test
2025-05-13_sevilla_las_palmas,2024-25,test
2025-05-13_sociedad_celta,2024-25,test
2025-05-13_valladolid_girona,2024-25,test
2025-05-14_alaves_valencia,2024-25,test
2025-05-14_real_madrid_mallorca,2024-25,test
2025-05-14_villarreal_leganes,2024-25,test
2025-05-15_espanol_barcelona,2024-25,test
2025-05-15_getafe_ath_bilbao,2024-25,test
2025-05-15_osasuna_ath_madrid,2024-25,test
2025-05-15_vallecano_betis,2024-25,test
2025-05-18_ath_madrid_betis,2024-25,test
2025-05-18_barcelona_villarreal,2024-25,test
2025-05-18_celta_vallecano,2024-25,test
2025-05-18_las_palmas_leganes,2024-25,test
2025-05-18_mallorca_getafe,2024-25,test
2025-05-18_osasuna_espanol,2024-25,test
2025-05-18_sevilla_real_madrid,2024-25,test
2025-05-18_sociedad_girona,2024-25,test
2025-05-18_valencia_ath_bilbao,2024-25,test
2025-05-18_valladolid_alaves,2024-25,test
2025-05-23_betis_valencia,2024-25,test
2025-05-24_alaves_osasuna,2024-25,test
2025-05-24_espanol_las_palmas,2024-25,test
2025-05-24_getafe_celta,2024-25,test
2025-05-24_leganes_valladolid,2024-25,test
2025-05-24_real_madrid_sociedad,2024-25,test
2025-05-24_vallecano_mallorca,2024-25,test
2025-05-25_ath_bilbao_barcelona,2024-25,test
2025-05-25_girona_ath_madrid,2024-25,test
2025-05-25_villarreal_sevilla,2024-25,test
2025-08-15_girona_vallecano,2025-26,test
2025-08-15_villarreal_oviedo,2025-26,test
2025-08-16_mallorca_barcelona,2025-26,test
2025-08-16_alaves_levante,2025-26,test
2025-08-16_valencia_sociedad,2025-26,test
2025-08-17_celta_getafe,2025-26,test
2025-08-17_ath_bilbao_sevilla,2025-26,test
2025-08-17_espanol_ath_madrid,2025-26,test
2025-08-18_elche_betis,2025-26,test
2025-08-19_real_madrid_osasuna,2025-26,test
2025-08-22_betis_alaves,2025-26,test
2025-08-23_mallorca_celta,2025-26,test
2025-08-23_ath_madrid_elche,2025-26,test
2025-08-23_levante_barcelona,2025-26,test
2025-08-24_osasuna_valencia,2025-26,test
2025-08-24_sociedad_espanol,2025-26,test
2025-08-24_villarreal_girona,2025-26,test
2025-08-24_oviedo_real_madrid,2025-26,test
2025-08-25_ath_bilbao_vallecano,2025-26,test
2025-08-25_sevilla_getafe,2025-26,test
2025-08-27_celta_betis,2025-26,test
2025-08-29_elche_levante,2025-26,test
2025-08-29_valencia_getafe,2025-26,test
2025-08-30_alaves_ath_madrid,2025-26,test
2025-08-30_oviedo_sociedad,2025-26,test
2025-08-30_girona_sevilla,2025-26,test
2025-08-30_real_madrid_mallorca,2025-26,test
2025-08-31_celta_villarreal,2025-26,test
2025-08-31_betis_ath_bilbao,2025-26,test
2025-08-31_espanol_osasuna,2025-26,test
2025-08-31_vallecano_barcelona,2025-26,test
2025-09-12_sevilla_elche,2025-26,test
2025-09-13_getafe_oviedo,2025-26,test
2025-09-13_sociedad_real_madrid,2025-26,test
2025-09-13_ath_bilbao_alaves,2025-26,test
2025-09-13_ath_madrid_villarreal,2025-26,test
2025-09-14_celta_girona,2025-26,test
2025-09-14_levante_betis,2025-26,test
2025-09-14_osasuna_vallecano,2025-26,test
2025-09-14_barcelona_valencia,2025-26,test
2025-09-15_espanol_mallorca,2025-26,test
2025-09-19_betis_sociedad,2025-26,test
2025-09-20_girona_levante,2025-26,test
2025-09-20_real_madrid_espanol,2025-26,test
2025-09-20_alaves_sevilla,2025-26,test
2025-09-20_villarreal_osasuna,2025-26,test
2025-09-20_valencia_ath_bilbao,2025-26,test
2025-09-21_vallecano_celta,2025-26,test
2025-09-21_mallorca_ath_madrid,2025-26,test
2025-09-21_elche_oviedo,2025-26,test
2025-09-21_barcelona_getafe,2025-26,test
2025-09-23_ath_bilbao_girona,2025-26,test
2025-09-23_espanol_valencia,2025-26,test
2025-09-23_levante_real_madrid,2025-26,test
2025-09-23_sevilla_villarreal,2025-26,test
2025-09-24_getafe_alaves,2025-26,test
2025-09-24_ath_madrid_vallecano,2025-26,test
2025-09-24_sociedad_mallorca,2025-26,test
2025-09-25_osasuna_elche,2025-26,test
2025-09-25_oviedo_barcelona,2025-26,test
2025-09-26_girona_espanol,2025-26,test
2025-09-27_getafe_levante,2025-26,test
2025-09-27_ath_madrid_real_madrid,2025-26,test
2025-09-27_mallorca_alaves,2025-26,test
2025-09-27_villarreal_ath_bilbao,2025-26,test
2025-09-28_vallecano_sevilla,2025-26,test
2025-09-28_elche_celta,2025-26,test
2025-09-28_barcelona_sociedad,2025-26,test
2025-09-28_betis_osasuna,2025-26,test
2025-09-30_valencia_oviedo,2025-26,test
2025-10-03_osasuna_getafe,2025-26,test
2025-10-04_oviedo_levante,2025-26,test
2025-10-04_girona_valencia,2025-26,test
2025-10-04_ath_bilbao_mallorca,2025-26,test
2025-10-04_real_madrid_villarreal,2025-26,test
2025-10-05_alaves_elche,2025-26,test
2025-10-05_sevilla_barcelona,2025-26,test
2025-10-05_espanol_betis,2025-26,test
2025-10-05_sociedad_vallecano,2025-26,test
2025-10-05_celta_ath_madrid,2025-26,test
2025-10-17_oviedo_espanol,2025-26,test
2025-10-18_sevilla_mallorca,2025-26,test
2025-10-18_barcelona_girona,2025-26,test
2025-10-18_villarreal_betis,2025-26,test
2025-10-18_ath_madrid_osasuna,2025-26,test
2025-10-19_elche_ath_bilbao,2025-26,test
2025-10-19_celta_sociedad,2025-26,test
2025-10-19_levante_vallecano,2025-26,test
2025-10-19_getafe_real_madrid,2025-26,test
2025-10-20_alaves_valencia,2025-26,test
2025-10-24_sociedad_sevilla,2025-26,test
2025-10-25_girona_oviedo,2025-26,test
2025-10-25_espanol_elche,2025-26,test
2025-10-25_ath_bilbao_getafe,2025-26,test
2025-10-25_valencia_villarreal,2025-26,test
2025-10-26_mallorca_levante,2025-26,test
2025-10-26_real_madrid_barcelona,2025-26,test
2025-10-26_osasuna_celta,2025-26,test
2025-10-26_vallecano_alaves,2025-26,test
2025-10-27_betis_ath_madrid,2025-26,test
2025-10-31_getafe_girona,2025-26,test
2025-11-01_villarreal_vallecano,2025-26,test
2025-11-01_ath_madrid_sevilla,2025-26,test
2025-11-01_sociedad_ath_bilbao,2025-26,test
2025-11-01_real_madrid_valencia,2025-26,test
2025-11-02_levante_celta,2025-26,test
2025-11-02_alaves_espanol,2025-26,test
2025-11-02_barcelona_elche,2025-26,test
2025-11-02_betis_mallorca,2025-26,test
2025-11-03_oviedo_osasuna,2025-26,test
2025-11-07_elche_sociedad,2025-26,test
2025-11-08_girona_alaves,2025-26,test
2025-11-08_sevilla_osasuna,2025-26,test
2025-11-08_ath_madrid_levante,2025-26,test
2025-11-08_espanol_villarreal,2025-26,test
2025-11-09_ath_bilbao_oviedo,2025-26,test
2025-11-09_vallecano_real_madrid,2025-26,test
2025-11-09_mallorca_getafe,2025-26,test
2025-11-09_valencia_betis,2025-26,test
2025-11-09_celta_barcelona,2025-26,test
2025-11-21_valencia_levante,2025-26,test
2025-11-22_alaves_celta,2025-26,test
2025-11-22_barcelona_ath_bilbao,2025-26,test
2025-11-22_osasuna_sociedad,2025-26,test
2025-11-22_villarreal_mallorca,2025-26,test
2025-11-23_oviedo_vallecano,2025-26,test
2025-11-23_betis_girona,2025-26,test
2025-11-23_getafe_ath_madrid,2025-26,test
2025-11-23_elche_real_madrid,2025-26,test
2025-11-24_espanol_sevilla,2025-26,test
2025-11-28_getafe_elche,2025-26,test
2025-11-29_mallorca_osasuna,2025-26,test
2025-11-29_barcelona_alaves,2025-26,test
2025-11-29_levante_ath_bilbao,2025-26,test
2025-11-29_ath_madrid_oviedo,2025-26,test
2025-11-30_sociedad_villarreal,2025-26,test
2025-11-30_sevilla_betis,2025-26,test
2025-11-30_celta_espanol,2025-26,test
2025-11-30_girona_real_madrid,2025-26,test
2025-12-01_vallecano_valencia,2025-26,test
2025-12-02_barcelona_ath_madrid,2025-26,test
2025-12-03_ath_bilbao_real_madrid,2025-26,test
2025-12-05_oviedo_mallorca,2025-26,test
2025-12-06_villarreal_getafe,2025-26,test
2025-12-06_alaves_sociedad,2025-26,test
2025-12-06_betis_barcelona,2025-26,test
2025-12-06_ath_bilbao_ath_madrid,2025-26,test
2025-12-07_elche_girona,2025-26,test
2025-12-07_valencia_sevilla,2025-26,test
2025-12-07_espanol_vallecano,2025-26,test
2025-12-07_real_madrid_celta,2025-26,test
2025-12-08_osasuna_levante,2025-26,test
2025-12-12_sociedad_girona,2025-26,test
2025-12-13_ath_madrid_valencia,2025-26,test
2025-12-13_mallorca_elche,2025-26,test
2025-12-13_barcelona_osasuna,2025-26,test
2025-12-13_getafe_espanol,2025-26,test
2025-12-14_sevilla_oviedo,2025-26,test
2025-12-14_celta_ath_bilbao,2025-26,test
2025-12-14_alaves_real_madrid,2025-26,test
2025-12-15_vallecano_betis,2025-26,test
2025-12-19_valencia_mallorca,2025-26,test
2025-12-20_oviedo_celta,2025-26,test
2025-12-20_levante_sociedad,2025-26,test
2025-12-20_osasuna_alaves,2025-26,test
2025-12-20_real_madrid_sevilla,2025-26,test
2025-12-21_girona_ath_madrid,2025-26,test
2025-12-21_villarreal_barcelona,2025-26,test
2025-12-21_elche_vallecano,2025-26,test
2025-12-21_betis_getafe,2025-26,test
2025-12-22_ath_bilbao_espanol,2025-26,test
2026-01-02_vallecano_getafe,2025-26,test
2026-01-03_celta_valencia,2025-26,test
2026-01-03_osasuna_ath_bilbao,2025-26,test
2026-01-03_elche_villarreal,2025-26,test
2026-01-03_espanol_barcelona,2025-26,test
2026-01-04_sevilla_levante,2025-26,test
2026-01-04_real_madrid_betis,2025-26,test
2026-01-04_alaves_oviedo,2025-26,test
2026-01-04_mallorca_girona,2025-26,test
2026-01-04_sociedad_ath_madrid,2025-26,test
2026-01-09_getafe_sociedad,2025-26,test
2026-01-10_oviedo_betis,2025-26,test
2026-01-10_villarreal_alaves,2025-26,test
2026-01-10_girona_osasuna,2025-26,test
2026-01-10_valencia_elche,2025-26,test
2026-01-11_vallecano_mallorca,2025-26,test
2026-01-11_levante_espanol,2025-26,test
2026-01-12_sevilla_celta,2025-26,test
2026-01-16_espanol_girona,2025-26,test
2026-01-17_real_madrid_levante,2025-26,test
2026-01-17_mallorca_ath_bilbao,2025-26,test
2026-01-17_osasuna_oviedo,2025-26,test
2026-01-17_betis_villarreal,2025-26,test
2026-01-18_getafe_valencia,2025-26,test
2026-01-18_ath_madrid_alaves,2025-26,test
2026-01-18_celta_vallecano,2025-26,test
2026-01-18_sociedad_barcelona,2025-26,test
2026-01-19_elche_sevilla,2025-26,test
2026-01-23_levante_elche,2025-26,test
2026-01-24_vallecano_osasuna,2025-26,test
2026-01-24_valencia_espanol,2025-26,test
2026-01-24_sevilla_ath_bilbao,2025-26,test
2026-01-24_villarreal_real_madrid,2025-26,test
2026-01-25_ath_madrid_mallorca,2025-26,test
2026-01-25_barcelona_oviedo,2025-26,test
2026-01-25_sociedad_celta,2025-26,test
2026-01-25_alaves_betis,2025-26,test
2026-01-26_girona_getafe,2025-26,test
2026-01-30_espanol_alaves,2025-26,test
2026-01-31_oviedo_girona,2025-26,test
2026-01-31_osasuna_villarreal,2025-26,test
2026-01-31_levante_ath_madrid,2025-26,test
2026-01-31_elche_barcelona,2025-26,test
2026-02-01_real_madrid_vallecano,2025-26,test
2026-02-01_betis_valencia,2025-26,test
2026-02-01_getafe_celta,2025-26,test
2026-02-01_ath_bilbao_sociedad,2025-26,test
2026-02-02_mallorca_sevilla,2025-26,test
2026-02-06_celta_osasuna,2025-26,test
2026-02-07_barcelona_mallorca,2025-26,test
2026-02-07_sociedad_elche,2025-26,test
2026-02-08_alaves_getafe,2025-26,test
2026-02-08_ath_bilbao_levante,2025-26,test
2026-02-08_sevilla_girona,2025-26,test
2026-02-08_ath_madrid_betis,2025-26,test
2026-02-08_valencia_real_madrid,2025-26,test
2026-02-09_villarreal_espanol,2025-26,test
2026-02-13_elche_osasuna,2025-26,test
2026-02-14_espanol_celta,2025-26,test
2026-02-14_getafe_villarreal,2025-26,test
2026-02-14_sevilla_alaves,2025-26,test
2026-02-14_real_madrid_sociedad,2025-26,test
2026-02-15_oviedo_ath_bilbao,2025-26,test
2026-02-15_vallecano_ath_madrid,2025-26,test
2026-02-15_levante_valencia,2025-26,test
2026-02-15_mallorca_betis,2025-26,test
2026-02-16_girona_barcelona,2025-26,test
2026-02-18_levante_villarreal,2025-26,test
2026-02-20_ath_bilbao_elche,2025-26,test
2026-02-21_sociedad_oviedo,2025-26,test
2026-02-21_betis_vallecano,2025-26,test
2026-02-21_osasuna_real_madrid,2025-26,test
2026-02-21_ath_madrid_espanol,2025-26,test
2026-02-22_getafe_sevilla,2025-26,test
2026-02-22_barcelona_levante,2025-26,test
2026-02-22_celta_mallorca,2025-26,test
2026-02-22_villarreal_valencia,2025-26,test
2026-02-23_alaves_girona,2025-26,test
2026-02-27_levante_alaves,2025-26,test
2026-02-28_vallecano_ath_bilbao,2025-26,test
2026-02-28_barcelona_villarreal,2025-26,test
2026-02-28_mallorca_sociedad,2025-26,test
2026-02-28_oviedo_ath_madrid,2025-26,test
2026-03-01_elche_espanol,2025-26,test
2026-03-01_valencia_osasuna,2025-26,test
2026-03-01_betis_sevilla,2025-26,test
2026-03-01_girona_celta,2025-26,test
2026-03-02_real_madrid_getafe,2025-26,test
2026-03-04_vallecano_oviedo,2025-26,test
2026-03-06_celta_real_madrid,2025-26,test
2026-03-07_osasuna_mallorca,2025-26,test
2026-03-07_levante_girona,2025-26,test
2026-03-07_ath_madrid_sociedad,2025-26,test
2026-03-07_ath_bilbao_barcelona,2025-26,test
2026-03-08_villarreal_elche,2025-26,test
2026-03-08_getafe_betis,2025-26,test
2026-03-08_sevilla_vallecano,2025-26,test
2026-03-08_valencia_alaves,2025-26,test
2026-03-09_espanol_oviedo,2025-26,test
2026-03-13_alaves_villarreal,2025-26,test
2026-03-14_girona_ath_bilbao,2025-26,test
2026-03-14_ath_madrid_getafe,2025-26,test
2026-03-14_oviedo_valencia,2025-26,test
2026-03-14_real_madrid_elche,2025-26,test
2026-03-15_mallorca_espanol,2025-26,test
2026-03-15_barcelona_sevilla,2025-26,test
2026-03-15_betis_celta,2025-26,test
2026-03-15_sociedad_osasuna,2025-26,test
2026-03-16_vallecano_levante,2025-26,test
2026-03-20_villarreal_sociedad,2025-26,test
2026-03-21_elche_mallorca,2025-26,test
2026-03-21_espanol_getafe,2025-26,test
2026-03-21_levante_oviedo,2025-26,test
2026-03-21_osasuna_girona,2025-26,test
2026-03-21_sevilla_valencia,2025-26,test
2026-03-22_barcelona_vallecano,2025-26,test
2026-03-22_celta_alaves,2025-26,test
2026-03-22_ath_bilbao_betis,2025-26,test
2026-03-22_real_madrid_ath_madrid,2025-26,test
2026-04-03_vallecano_elche,2025-26,test
2026-04-04_sociedad_levante,2025-26,test
2026-04-04_mallorca_real_madrid,2025-26,test
2026-04-04_betis_espanol,2025-26,test
2026-04-04_ath_madrid_barcelona,2025-26,test
2026-04-05_getafe_ath_bilbao,2025-26,test
2026-04-05_valencia_celta,2025-26,test
2026-04-05_oviedo_sevilla,2025-26,test
2026-04-05_alaves_osasuna,2025-26,test
2026-04-06_girona_villarreal,2025-26,test
2026-04-10_real_madrid_girona,2025-26,test
2026-04-11_sociedad_alaves,2025-26,test
2026-04-11_elche_valencia,2025-26,test
2026-04-11_barcelona_espanol,2025-26,test
2026-04-11_sevilla_ath_madrid,2025-26,test
2026-04-12_osasuna_betis,2025-26,test
2026-04-12_mallorca_vallecano,2025-26,test
2026-04-12_celta_oviedo,2025-26,test
2026-04-12_ath_bilbao_villarreal,2025-26,test
2026-04-13_levante_getafe,2025-26,test
2026-04-21_ath_bilbao_osasuna,2025-26,test
2026-04-21_mallorca_valencia,2025-26,test
2026-04-21_girona_betis,2025-26,test
2026-04-21_real_madrid_alaves,2025-26,test
2026-04-22_elche_ath_madrid,2025-26,test
2026-04-22_sociedad_getafe,2025-26,test
2026-04-22_barcelona_celta,2025-26,test
2026-04-23_levante_sevilla,2025-26,test
2026-04-23_vallecano_espanol,2025-26,test
2026-04-23_oviedo_villarreal,2025-26,test
2026-04-24_betis_real_madrid,2025-26,test
2026-04-25_alaves_mallorca,2025-26,test
2026-04-25_getafe_barcelona,2025-26,test
2026-04-25_valencia_girona,2025-26,test
2026-04-25_ath_madrid_ath_bilbao,2025-26,test
2026-04-26_vallecano_sociedad,2025-26,test
2026-04-26_oviedo_elche,2025-26,test
2026-04-26_osasuna_sevilla,2025-26,test
2026-04-26_villarreal_celta,2025-26,test
2026-04-27_espanol_levante,2025-26,test
2026-05-01_girona_mallorca,2025-26,test
2026-05-02_villarreal_levante,2025-26,test
2026-05-02_valencia_ath_madrid,2025-26,test
2026-05-02_alaves_ath_bilbao,2025-26,test
2026-05-02_osasuna_barcelona,2025-26,test
2026-05-03_celta_elche,2025-26,test
2026-05-03_getafe_vallecano,2025-26,test
2026-05-03_betis_oviedo,2025-26,test
2026-05-03_espanol_real_madrid,2025-26,test
2026-05-04_sevilla_sociedad,2025-26,test
2026-05-08_levante_osasuna,2025-26,test
2026-05-09_elche_alaves,2025-26,test
2026-05-09_sevilla_espanol,2025-26,test
2026-05-09_ath_madrid_celta,2025-26,test
2026-05-09_sociedad_betis,2025-26,test
2026-05-10_mallorca_villarreal,2025-26,test
2026-05-10_ath_bilbao_valencia,2025-26,test
2026-05-10_oviedo_getafe,2025-26,test
2026-05-10_barcelona_real_madrid,2025-26,test
2026-05-11_vallecano_girona,2025-26,test
2026-05-12_celta_levante,2025-26,test
2026-05-12_betis_elche,2025-26,test
2026-05-12_osasuna_ath_madrid,2025-26,test
2026-05-13_espanol_ath_bilbao,2025-26,test
2026-05-13_villarreal_sevilla,2025-26,test
2026-05-13_alaves_barcelona,2025-26,test
2026-05-13_getafe_mallorca,2025-26,test
2026-05-14_valencia_vallecano,2025-26,test
2026-05-14_girona_sociedad,2025-26,test
2026-05-14_real_madrid_oviedo,2025-26,test
2026-05-17_ath_bilbao_celta,2025-26,test
2026-05-17_ath_madrid_girona,2025-26,test
2026-05-17_elche_getafe,2025-26,test
2026-05-17_levante_mallorca,2025-26,test
2026-05-17_osasuna_espanol,2025-26,test
2026-05-17_oviedo_alaves,2025-26,test
2026-05-17_sevilla_real_madrid,2025-26,test
2026-05-17_sociedad_valencia,2025-26,test
2026-05-17_vallecano_villarreal,2025-26,test
2026-05-17_barcelona_betis,2025-26,test
2026-05-23_alaves_vallecano,2025-26,test
2026-05-23_betis_levante,2025-26,test
2026-05-23_celta_sevilla,2025-26,test
2026-05-23_espanol_sociedad,2025-26,test
2026-05-23_getafe_osasuna,2025-26,test
2026-05-23_girona_elche,2025-26,test
2026-05-23_mallorca_oviedo,2025-26,test
2026-05-23_real_madrid_ath_bilbao,2025-26,test
2026-05-23_valencia_barcelona,2025-26,test
2026-05-24_villarreal_ath_madrid,2025-26,test
